old_path,new_path,original_bytes,webp_bytes,saved_bytes,status,error
assets/world-anvil/screenshots/Session 00 - Party Time/session-0-party-time-image-01.png,assets/world-anvil/screenshots/Session 00 - Party Time/session-0-party-time-image-01.webp,3820954,386360,3434594,converted,
assets/world-anvil/screenshots/Session 01 - A Time to Kill/session-01-a-time-to-kill-image-01.png,assets/world-anvil/screenshots/Session 01 - A Time to Kill/session-01-a-time-to-kill-image-01.webp,3914067,401498,3512569,converted,
assets/world-anvil/screenshots/Session 02 - Go West Young Heroes/session-02-go-west-young-heroes-image-01.png,assets/world-anvil/screenshots/Session 02 - Go West Young Heroes/session-02-go-west-young-heroes-image-01.webp,3205442,296822,2908620,converted,
assets/world-anvil/screenshots/Session 02 - Go West Young Heroes/session-02-go-west-young-heroes-image-02.png,assets/world-anvil/screenshots/Session 02 - Go West Young Heroes/session-02-go-west-young-heroes-image-02.webp,3767338,373594,3393744,converted,
assets/world-anvil/screenshots/Session 03 - Big Trouble at Little Oleg S/session-03-big-trouble-at-little-oleg-s-image-01.png,assets/world-anvil/screenshots/Session 03 - Big Trouble at Little Oleg S/session-03-big-trouble-at-little-oleg-s-image-01.webp,4090318,422034,3668284,converted,
assets/world-anvil/screenshots/Session 04 - Noknok Arrives/Session 4-01.png,assets/world-anvil/screenshots/Session 04 - Noknok Arrives/Session 4-01.webp,756027,72168,683859,converted,
assets/world-anvil/screenshots/Session 04 - Noknok Arrives/Session 4-02.png,assets/world-anvil/screenshots/Session 04 - Noknok Arrives/Session 4-02.webp,1532490,202218,1330272,converted,
assets/world-anvil/screenshots/Session 04 - Noknok Arrives/session-04-noknok-arrives-image-01.png,assets/world-anvil/screenshots/Session 04 - Noknok Arrives/session-04-noknok-arrives-image-01.webp,3801918,400168,3401750,converted,
assets/world-anvil/screenshots/Session 05 - Finishing the Old Sycamore/Session 5-01.png,assets/world-anvil/screenshots/Session 05 - Finishing the Old Sycamore/Session 5-01.webp,780568,77600,702968,converted,
assets/world-anvil/screenshots/Session 05 - Finishing the Old Sycamore/session-05-finishing-the-old-sycamore-image-01.png,assets/world-anvil/screenshots/Session 05 - Finishing the Old Sycamore/session-05-finishing-the-old-sycamore-image-01.webp,3833176,415096,3418080,converted,
assets/world-anvil/screenshots/Session 06/Session 6-01.jpeg,assets/world-anvil/screenshots/Session 06/Session 6-01.webp,1693275,352766,1340509,converted,
assets/world-anvil/screenshots/Session 06/Session 6-02.jpeg,assets/world-anvil/screenshots/Session 06/Session 6-02.webp,1679114,346092,1333022,converted,
assets/world-anvil/screenshots/Session 06/Session 6-03.jpeg,assets/world-anvil/screenshots/Session 06/Session 6-03.webp,1894833,359842,1534991,converted,
assets/world-anvil/screenshots/Session 06/Session 6-04.jpeg,assets/world-anvil/screenshots/Session 06/Session 6-04.webp,1594779,255420,1339359,converted,
assets/world-anvil/screenshots/Session 06/Session 6-05.jpeg,assets/world-anvil/screenshots/Session 06/Session 6-05.webp,1894086,418760,1475326,converted,
assets/world-anvil/screenshots/Session 06/Session 6-06.jpeg,assets/world-anvil/screenshots/Session 06/Session 6-06.webp,1549856,237304,1312552,converted,
assets/world-anvil/screenshots/Session 06/Session 6-07.jpeg,assets/world-anvil/screenshots/Session 06/Session 6-07.webp,1973189,427848,1545341,converted,
assets/world-anvil/screenshots/Session 06/Session 6-08.jpeg,assets/world-anvil/screenshots/Session 06/Session 6-08.webp,925805,95914,829891,converted,
assets/world-anvil/screenshots/Session 06/Session 6-09.jpeg,assets/world-anvil/screenshots/Session 06/Session 6-09.webp,1023754,135736,888018,converted,
assets/world-anvil/screenshots/Session 07/Session 7-01.png,assets/world-anvil/screenshots/Session 07/Session 7-01.webp,1171847,84134,1087713,converted,
assets/world-anvil/screenshots/Session 07/Session 7-02.png,assets/world-anvil/screenshots/Session 07/Session 7-02.webp,740874,67534,673340,converted,
assets/world-anvil/screenshots/Session 07/Session 7-03.png,assets/world-anvil/screenshots/Session 07/Session 7-03.webp,793979,89942,704037,converted,
assets/world-anvil/screenshots/Session 07/Session 7-04.png,assets/world-anvil/screenshots/Session 07/Session 7-04.webp,1168121,88234,1079887,converted,
assets/world-anvil/screenshots/Session 07/Session 7-05.png,assets/world-anvil/screenshots/Session 07/Session 7-05.webp,726394,67586,658808,converted,
assets/world-anvil/screenshots/Session 07/Session 7-06.png,assets/world-anvil/screenshots/Session 07/Session 7-06.webp,1246102,89944,1156158,converted,
assets/world-anvil/screenshots/Session 07/Session 7-07.png,assets/world-anvil/screenshots/Session 07/Session 7-07.webp,688027,58204,629823,converted,
assets/world-anvil/screenshots/Session 07/Session 7-08.png,assets/world-anvil/screenshots/Session 07/Session 7-08.webp,797799,77850,719949,converted,
assets/world-anvil/screenshots/Session 07/Session 7-10.png,assets/world-anvil/screenshots/Session 07/Session 7-10.webp,707713,60744,646969,converted,
assets/world-anvil/screenshots/Session 07/Session 7-11.png,assets/world-anvil/screenshots/Session 07/Session 7-11.webp,1155157,82060,1073097,converted,
assets/world-anvil/screenshots/Session 07/Session 7-12.png,assets/world-anvil/screenshots/Session 07/Session 7-12.webp,3904259,425592,3478667,converted,
assets/world-anvil/screenshots/Session 07/session-7-13.png,assets/world-anvil/screenshots/Session 07/session-7-13.webp,3832275,411700,3420575,converted,
assets/world-anvil/screenshots/Session 08/session-8-17.png,assets/world-anvil/screenshots/Session 08/session-8-17.webp,3952695,444560,3508135,converted,
assets/world-anvil/screenshots/Session 09/session-9-10.png,assets/world-anvil/screenshots/Session 09/session-9-10.webp,3869210,382658,3486552,converted,
assets/world-anvil/screenshots/Session 10 - Founding Day 3 a Good Day to Found Hard/session-10-founding-day-3-a-good-day-to-found-hard-08.png,assets/world-anvil/screenshots/Session 10 - Founding Day 3 a Good Day to Found Hard/session-10-founding-day-3-a-good-day-to-found-hard-08.webp,4287970,508882,3779088,converted,
assets/world-anvil/screenshots/Session 11 - Explore Report Rule/session-11-explore-report-rule-01.png,assets/world-anvil/screenshots/Session 11 - Explore Report Rule/session-11-explore-report-rule-01.webp,3353803,389258,2964545,converted,
assets/world-anvil/screenshots/Session 12 - Kingdom Mysteries/session-12-kingdom-mysteries-01.png,assets/world-anvil/screenshots/Session 12 - Kingdom Mysteries/session-12-kingdom-mysteries-01.webp,3199221,314414,2884807,converted,
assets/world-anvil/screenshots/Session 13 - The Depths of Candlemere Island/session-13-the-depths-of-candlemere-island-23.png,assets/world-anvil/screenshots/Session 13 - The Depths of Candlemere Island/session-13-the-depths-of-candlemere-island-23.webp,2993950,280510,2713440,converted,
assets/world-anvil/screenshots/Session 14 - Love Hurts/session-14-love-hurts-10.png,assets/world-anvil/screenshots/Session 14 - Love Hurts/session-14-love-hurts-10.webp,3439139,407260,3031879,converted,
assets/world-anvil/screenshots/Session 15 - Anatomically Correct Barghest/Session 15-09.png,assets/world-anvil/screenshots/Session 15 - Anatomically Correct Barghest/Session 15-09.webp,3478147,425180,3052967,converted,
assets/world-anvil/screenshots/Session 15 - Anatomically Correct Barghest/session-15-anatomically-correct-barghest-10.png,assets/world-anvil/screenshots/Session 15 - Anatomically Correct Barghest/session-15-anatomically-correct-barghest-10.webp,3474659,414636,3060023,converted,
assets/world-anvil/screenshots/Session 16 - Death to All Who Oppose Us/Session 16-01.png,assets/world-anvil/screenshots/Session 16 - Death to All Who Oppose Us/Session 16-01.webp,794686,117604,677082,converted,
assets/world-anvil/screenshots/Session 16 - Death to All Who Oppose Us/Session 16-02.png,assets/world-anvil/screenshots/Session 16 - Death to All Who Oppose Us/Session 16-02.webp,1275897,170716,1105181,converted,
assets/world-anvil/screenshots/Session 16 - Death to All Who Oppose Us/Session 16-03.png,assets/world-anvil/screenshots/Session 16 - Death to All Who Oppose Us/Session 16-03.webp,1029756,117452,912304,converted,
assets/world-anvil/screenshots/Session 16 - Death to All Who Oppose Us/Session 16-04.png,assets/world-anvil/screenshots/Session 16 - Death to All Who Oppose Us/Session 16-04.webp,966486,103240,863246,converted,
assets/world-anvil/screenshots/Session 16 - Death to All Who Oppose Us/Session 16-05.png,assets/world-anvil/screenshots/Session 16 - Death to All Who Oppose Us/Session 16-05.webp,798962,65558,733404,converted,
assets/world-anvil/screenshots/Session 16 - Death to All Who Oppose Us/Session 16-06.png,assets/world-anvil/screenshots/Session 16 - Death to All Who Oppose Us/Session 16-06.webp,795159,78096,717063,converted,
assets/world-anvil/screenshots/Session 16 - Death to All Who Oppose Us/Session 16-07.png,assets/world-anvil/screenshots/Session 16 - Death to All Who Oppose Us/Session 16-07.webp,749961,69324,680637,converted,
assets/world-anvil/screenshots/Session 16 - Death to All Who Oppose Us/Session 16-08.png,assets/world-anvil/screenshots/Session 16 - Death to All Who Oppose Us/Session 16-08.webp,411913,32042,379871,converted,
assets/world-anvil/screenshots/Session 16 - Death to All Who Oppose Us/Session 16-09.png,assets/world-anvil/screenshots/Session 16 - Death to All Who Oppose Us/Session 16-09.webp,961777,101698,860079,converted,
assets/world-anvil/screenshots/Session 16 - Death to All Who Oppose Us/session-16-death-to-all-who-oppose-us-10.png,assets/world-anvil/screenshots/Session 16 - Death to All Who Oppose Us/session-16-death-to-all-who-oppose-us-10.webp,3825526,393448,3432078,converted,
assets/world-anvil/screenshots/Session 17 - Corruption in the Capitol/Session 17-01.png,assets/world-anvil/screenshots/Session 17 - Corruption in the Capitol/Session 17-01.webp,1102866,138002,964864,converted,
assets/world-anvil/screenshots/Session 17 - Corruption in the Capitol/Session 17-03.png,assets/world-anvil/screenshots/Session 17 - Corruption in the Capitol/Session 17-03.webp,855601,84490,771111,converted,
assets/world-anvil/screenshots/Session 17 - Corruption in the Capitol/Session 17-04.png,assets/world-anvil/screenshots/Session 17 - Corruption in the Capitol/Session 17-04.webp,908403,100588,807815,converted,
assets/world-anvil/screenshots/Session 17 - Corruption in the Capitol/Session 17-05.png,assets/world-anvil/screenshots/Session 17 - Corruption in the Capitol/Session 17-05.webp,3920709,422736,3497973,converted,
assets/world-anvil/screenshots/Session 17 - Corruption in the Capitol/session-17-corruption-in-the-capitol-06.png,assets/world-anvil/screenshots/Session 17 - Corruption in the Capitol/session-17-corruption-in-the-capitol-06.webp,3667802,351818,3315984,converted,
assets/world-anvil/screenshots/Session 18 - I M Sailing Away/Session 18-01.png,assets/world-anvil/screenshots/Session 18 - I M Sailing Away/Session 18-01.webp,1210526,151956,1058570,converted,
assets/world-anvil/screenshots/Session 18 - I M Sailing Away/Session 18-02.png,assets/world-anvil/screenshots/Session 18 - I M Sailing Away/Session 18-02.webp,1275848,168394,1107454,converted,
assets/world-anvil/screenshots/Session 18 - I M Sailing Away/Session 18-03.png,assets/world-anvil/screenshots/Session 18 - I M Sailing Away/Session 18-03.webp,1227471,156128,1071343,converted,
assets/world-anvil/screenshots/Session 18 - I M Sailing Away/Session 18-04.png,assets/world-anvil/screenshots/Session 18 - I M Sailing Away/Session 18-04.webp,1111828,134462,977366,converted,
assets/world-anvil/screenshots/Session 18 - I M Sailing Away/Session 18-05.png,assets/world-anvil/screenshots/Session 18 - I M Sailing Away/Session 18-05.webp,1239747,163462,1076285,converted,
assets/world-anvil/screenshots/Session 18 - I M Sailing Away/Session 18-06.png,assets/world-anvil/screenshots/Session 18 - I M Sailing Away/Session 18-06.webp,616431,74018,542413,converted,
assets/world-anvil/screenshots/Session 18 - I M Sailing Away/Session 18-07.png,assets/world-anvil/screenshots/Session 18 - I M Sailing Away/Session 18-07.webp,1161443,147064,1014379,converted,
assets/world-anvil/screenshots/Session 18 - I M Sailing Away/Session 18-08.png,assets/world-anvil/screenshots/Session 18 - I M Sailing Away/Session 18-08.webp,1123751,142894,980857,converted,
assets/world-anvil/screenshots/Session 18 - I M Sailing Away/Session 18-09.png,assets/world-anvil/screenshots/Session 18 - I M Sailing Away/Session 18-09.webp,3900285,410378,3489907,converted,
assets/world-anvil/screenshots/Session 18 - I M Sailing Away/session-18-i-m-sailing-away-10.png,assets/world-anvil/screenshots/Session 18 - I M Sailing Away/session-18-i-m-sailing-away-10.webp,3602380,343402,3258978,converted,
assets/world-anvil/screenshots/Session 19 - The Kobolds the Iruxi and the Trolls/Session 19-01.png,assets/world-anvil/screenshots/Session 19 - The Kobolds the Iruxi and the Trolls/Session 19-01.webp,1046593,117290,929303,converted,
assets/world-anvil/screenshots/Session 19 - The Kobolds the Iruxi and the Trolls/Session 19-02.png,assets/world-anvil/screenshots/Session 19 - The Kobolds the Iruxi and the Trolls/Session 19-02.webp,960632,105708,854924,converted,
assets/world-anvil/screenshots/Session 19 - The Kobolds the Iruxi and the Trolls/Session 19-03.png,assets/world-anvil/screenshots/Session 19 - The Kobolds the Iruxi and the Trolls/Session 19-03.webp,527693,56022,471671,converted,
assets/world-anvil/screenshots/Session 19 - The Kobolds the Iruxi and the Trolls/Session 19-04.png,assets/world-anvil/screenshots/Session 19 - The Kobolds the Iruxi and the Trolls/Session 19-04.webp,901581,94208,807373,converted,
assets/world-anvil/screenshots/Session 19 - The Kobolds the Iruxi and the Trolls/Session 19-05.png,assets/world-anvil/screenshots/Session 19 - The Kobolds the Iruxi and the Trolls/Session 19-05.webp,822256,83318,738938,converted,
assets/world-anvil/screenshots/Session 19 - The Kobolds the Iruxi and the Trolls/Session 19-06.png,assets/world-anvil/screenshots/Session 19 - The Kobolds the Iruxi and the Trolls/Session 19-06.webp,533574,40048,493526,converted,
assets/world-anvil/screenshots/Session 19 - The Kobolds the Iruxi and the Trolls/Session 19-07.png,assets/world-anvil/screenshots/Session 19 - The Kobolds the Iruxi and the Trolls/Session 19-07.webp,800351,81654,718697,converted,
assets/world-anvil/screenshots/Session 19 - The Kobolds the Iruxi and the Trolls/Session 19-08.png,assets/world-anvil/screenshots/Session 19 - The Kobolds the Iruxi and the Trolls/Session 19-08.webp,517231,54596,462635,converted,
assets/world-anvil/screenshots/Session 19 - The Kobolds the Iruxi and the Trolls/Session 19-09.png,assets/world-anvil/screenshots/Session 19 - The Kobolds the Iruxi and the Trolls/Session 19-09.webp,1007177,117814,889363,converted,
assets/world-anvil/screenshots/Session 19 - The Kobolds the Iruxi and the Trolls/Session 19-10.png,assets/world-anvil/screenshots/Session 19 - The Kobolds the Iruxi and the Trolls/Session 19-10.webp,511459,51260,460199,converted,
assets/world-anvil/screenshots/Session 19 - The Kobolds the Iruxi and the Trolls/Session 19-11.png,assets/world-anvil/screenshots/Session 19 - The Kobolds the Iruxi and the Trolls/Session 19-11.webp,1055858,121878,933980,converted,
assets/world-anvil/screenshots/Session 19 - The Kobolds the Iruxi and the Trolls/Session 19-12.png,assets/world-anvil/screenshots/Session 19 - The Kobolds the Iruxi and the Trolls/Session 19-12.webp,949242,99706,849536,converted,
assets/world-anvil/screenshots/Session 19 - The Kobolds the Iruxi and the Trolls/Session 19-14.png,assets/world-anvil/screenshots/Session 19 - The Kobolds the Iruxi and the Trolls/Session 19-14.webp,585400,66878,518522,converted,
assets/world-anvil/screenshots/Session 19 - The Kobolds the Iruxi and the Trolls/Session 19-15.png,assets/world-anvil/screenshots/Session 19 - The Kobolds the Iruxi and the Trolls/Session 19-15.webp,945172,104192,840980,converted,
assets/world-anvil/screenshots/Session 19 - The Kobolds the Iruxi and the Trolls/Session 19-16.png,assets/world-anvil/screenshots/Session 19 - The Kobolds the Iruxi and the Trolls/Session 19-16.webp,547744,60706,487038,converted,
assets/world-anvil/screenshots/Session 19 - The Kobolds the Iruxi and the Trolls/session-19-the-kobolds-the-iruxi-and-the-trolls-17.png,assets/world-anvil/screenshots/Session 19 - The Kobolds the Iruxi and the Trolls/session-19-the-kobolds-the-iruxi-and-the-trolls-17.webp,3999182,433500,3565682,converted,
assets/world-anvil/screenshots/Session 20 - The Beast/Session 20-01.png,assets/world-anvil/screenshots/Session 20 - The Beast/Session 20-01.webp,562959,70408,492551,converted,
assets/world-anvil/screenshots/Session 20 - The Beast/Session 20-02.png,assets/world-anvil/screenshots/Session 20 - The Beast/Session 20-02.webp,302453,35986,266467,converted,
assets/world-anvil/screenshots/Session 20 - The Beast/Session 20-03.png,assets/world-anvil/screenshots/Session 20 - The Beast/Session 20-03.webp,315437,38400,277037,converted,
assets/world-anvil/screenshots/Session 20 - The Beast/Session 20-04.png,assets/world-anvil/screenshots/Session 20 - The Beast/Session 20-04.webp,511718,59100,452618,converted,
assets/world-anvil/screenshots/Session 20 - The Beast/Session 20-05.png,assets/world-anvil/screenshots/Session 20 - The Beast/Session 20-05.webp,511886,62568,449318,converted,
assets/world-anvil/screenshots/Session 20 - The Beast/Session 20-06.png,assets/world-anvil/screenshots/Session 20 - The Beast/Session 20-06.webp,453521,48622,404899,converted,
assets/world-anvil/screenshots/Session 20 - The Beast/Session 20-07.png,assets/world-anvil/screenshots/Session 20 - The Beast/Session 20-07.webp,560849,70352,490497,converted,
assets/world-anvil/screenshots/Session 20 - The Beast/Session 20-09.png,assets/world-anvil/screenshots/Session 20 - The Beast/Session 20-09.webp,333427,42828,290599,converted,
assets/world-anvil/screenshots/Session 20 - The Beast/Session 20-10.png,assets/world-anvil/screenshots/Session 20 - The Beast/Session 20-10.webp,532696,60696,472000,converted,
assets/world-anvil/screenshots/Session 20 - The Beast/Session 20-11.png,assets/world-anvil/screenshots/Session 20 - The Beast/Session 20-11.webp,609442,80474,528968,converted,
assets/world-anvil/screenshots/Session 20 - The Beast/Session 20-12.png,assets/world-anvil/screenshots/Session 20 - The Beast/Session 20-12.webp,604234,78270,525964,converted,
assets/world-anvil/screenshots/Session 20 - The Beast/Session 20-13.png,assets/world-anvil/screenshots/Session 20 - The Beast/Session 20-13.webp,351519,46582,304937,converted,
assets/world-anvil/screenshots/Session 20 - The Beast/Session 20-14.png,assets/world-anvil/screenshots/Session 20 - The Beast/Session 20-14.webp,354764,47094,307670,converted,
assets/world-anvil/screenshots/Session 20 - The Beast/Session 20-15.png,assets/world-anvil/screenshots/Session 20 - The Beast/Session 20-15.webp,334820,42544,292276,converted,
assets/world-anvil/screenshots/Session 20 - The Beast/Session 20-16.png,assets/world-anvil/screenshots/Session 20 - The Beast/Session 20-16.webp,330295,40838,289457,converted,
assets/world-anvil/screenshots/Session 20 - The Beast/Session 20-17.png,assets/world-anvil/screenshots/Session 20 - The Beast/Session 20-17.webp,313463,38552,274911,converted,
assets/world-anvil/screenshots/Session 20 - The Beast/session-20-the-beast-18.png,assets/world-anvil/screenshots/Session 20 - The Beast/session-20-the-beast-18.webp,4124179,461256,3662923,converted,
assets/world-anvil/screenshots/Session 21 - Rebuilding/Session 21-01.png,assets/world-anvil/screenshots/Session 21 - Rebuilding/Session 21-01.webp,582452,72100,510352,converted,
assets/world-anvil/screenshots/Session 21 - Rebuilding/Session 21-02.png,assets/world-anvil/screenshots/Session 21 - Rebuilding/Session 21-02.webp,570024,69112,500912,converted,
assets/world-anvil/screenshots/Session 21 - Rebuilding/Session 21-03.png,assets/world-anvil/screenshots/Session 21 - Rebuilding/Session 21-03.webp,610399,78812,531587,converted,
assets/world-anvil/screenshots/Session 21 - Rebuilding/Session 21-04.png,assets/world-anvil/screenshots/Session 21 - Rebuilding/Session 21-04.webp,572607,70998,501609,converted,
assets/world-anvil/screenshots/Session 21 - Rebuilding/Session 21-05.png,assets/world-anvil/screenshots/Session 21 - Rebuilding/Session 21-05.webp,571050,68728,502322,converted,
assets/world-anvil/screenshots/Session 21 - Rebuilding/Session 21-06.png,assets/world-anvil/screenshots/Session 21 - Rebuilding/Session 21-06.webp,550354,64000,486354,converted,
assets/world-anvil/screenshots/Session 21 - Rebuilding/Session 21-07.png,assets/world-anvil/screenshots/Session 21 - Rebuilding/Session 21-07.webp,609327,81192,528135,converted,
assets/world-anvil/screenshots/Session 21 - Rebuilding/Session 21-08.png,assets/world-anvil/screenshots/Session 21 - Rebuilding/Session 21-08.webp,523593,60584,463009,converted,
assets/world-anvil/screenshots/Session 21 - Rebuilding/Session 21-09.png,assets/world-anvil/screenshots/Session 21 - Rebuilding/Session 21-09.webp,4141853,476024,3665829,converted,
assets/world-anvil/screenshots/Session 21 - Rebuilding/session-21-rebuilding-10.png,assets/world-anvil/screenshots/Session 21 - Rebuilding/session-21-rebuilding-10.webp,3906606,418986,3487620,converted,
assets/world-anvil/screenshots/Session 22 - The Mystery of the Missing Money/Session 22-01.png,assets/world-anvil/screenshots/Session 22 - The Mystery of the Missing Money/Session 22-01.webp,1160662,138878,1021784,converted,
assets/world-anvil/screenshots/Session 22 - The Mystery of the Missing Money/Session 22-02.png,assets/world-anvil/screenshots/Session 22 - The Mystery of the Missing Money/Session 22-02.webp,1212769,148516,1064253,converted,
assets/world-anvil/screenshots/Session 22 - The Mystery of the Missing Money/Session 22-03.png,assets/world-anvil/screenshots/Session 22 - The Mystery of the Missing Money/Session 22-03.webp,1179056,139604,1039452,converted,
assets/world-anvil/screenshots/Session 22 - The Mystery of the Missing Money/Session 22-04.png,assets/world-anvil/screenshots/Session 22 - The Mystery of the Missing Money/Session 22-04.webp,1125360,128856,996504,converted,
assets/world-anvil/screenshots/Session 22 - The Mystery of the Missing Money/Session 22-05.png,assets/world-anvil/screenshots/Session 22 - The Mystery of the Missing Money/Session 22-05.webp,1083072,127370,955702,converted,
assets/world-anvil/screenshots/Session 22 - The Mystery of the Missing Money/Session 22-06.png,assets/world-anvil/screenshots/Session 22 - The Mystery of the Missing Money/Session 22-06.webp,1067732,122758,944974,converted,
assets/world-anvil/screenshots/Session 22 - The Mystery of the Missing Money/Session 22-07.png,assets/world-anvil/screenshots/Session 22 - The Mystery of the Missing Money/Session 22-07.webp,1004989,110286,894703,converted,
assets/world-anvil/screenshots/Session 22 - The Mystery of the Missing Money/Session 22-08.png,assets/world-anvil/screenshots/Session 22 - The Mystery of the Missing Money/Session 22-08.webp,858018,80942,777076,converted,
assets/world-anvil/screenshots/Session 22 - The Mystery of the Missing Money/Session 22-09.png,assets/world-anvil/screenshots/Session 22 - The Mystery of the Missing Money/Session 22-09.webp,1044437,122988,921449,converted,
assets/world-anvil/screenshots/Session 22 - The Mystery of the Missing Money/Session 22-10.png,assets/world-anvil/screenshots/Session 22 - The Mystery of the Missing Money/Session 22-10.webp,1027616,117530,910086,converted,
assets/world-anvil/screenshots/Session 22 - The Mystery of the Missing Money/Session 22-11.png,assets/world-anvil/screenshots/Session 22 - The Mystery of the Missing Money/Session 22-11.webp,1094355,129338,965017,converted,
assets/world-anvil/screenshots/Session 22 - The Mystery of the Missing Money/Session 22-12.png,assets/world-anvil/screenshots/Session 22 - The Mystery of the Missing Money/Session 22-12.webp,1046275,125432,920843,converted,
assets/world-anvil/screenshots/Session 22 - The Mystery of the Missing Money/Session 22-13.png,assets/world-anvil/screenshots/Session 22 - The Mystery of the Missing Money/Session 22-13.webp,1054531,121596,932935,converted,
assets/world-anvil/screenshots/Session 22 - The Mystery of the Missing Money/session-22-the-mystery-of-the-missing-money-14.png,assets/world-anvil/screenshots/Session 22 - The Mystery of the Missing Money/session-22-the-mystery-of-the-missing-money-14.webp,3148977,308464,2840513,converted,
assets/world-anvil/screenshots/Session 23 - Growth/Session 23-01.png,assets/world-anvil/screenshots/Session 23 - Growth/Session 23-01.webp,992294,101704,890590,converted,
assets/world-anvil/screenshots/Session 23 - Growth/Session 23-02.png,assets/world-anvil/screenshots/Session 23 - Growth/Session 23-02.webp,1041165,110730,930435,converted,
assets/world-anvil/screenshots/Session 23 - Growth/Session 23-03.png,assets/world-anvil/screenshots/Session 23 - Growth/Session 23-03.webp,1023106,111468,911638,converted,
assets/world-anvil/screenshots/Session 23 - Growth/Session 23-04.png,assets/world-anvil/screenshots/Session 23 - Growth/Session 23-04.webp,977560,102228,875332,converted,
assets/world-anvil/screenshots/Session 23 - Growth/Session 23-05.png,assets/world-anvil/screenshots/Session 23 - Growth/Session 23-05.webp,1079776,124722,955054,converted,
assets/world-anvil/screenshots/Session 23 - Growth/Session 23-06.png,assets/world-anvil/screenshots/Session 23 - Growth/Session 23-06.webp,1042571,117062,925509,converted,
assets/world-anvil/screenshots/Session 23 - Growth/Session 23-07.png,assets/world-anvil/screenshots/Session 23 - Growth/Session 23-07.webp,1041568,114118,927450,converted,
assets/world-anvil/screenshots/Session 23 - Growth/Session 23-08.png,assets/world-anvil/screenshots/Session 23 - Growth/Session 23-08.webp,979253,111734,867519,converted,
assets/world-anvil/screenshots/Session 23 - Growth/Session 23-09.png,assets/world-anvil/screenshots/Session 23 - Growth/Session 23-09.webp,1052720,119134,933586,converted,
assets/world-anvil/screenshots/Session 23 - Growth/Session 23-10.png,assets/world-anvil/screenshots/Session 23 - Growth/Session 23-10.webp,997341,111498,885843,converted,
assets/world-anvil/screenshots/Session 23 - Growth/session-23-growth-11.png,assets/world-anvil/screenshots/Session 23 - Growth/session-23-growth-11.webp,3675863,377134,3298729,converted,
assets/world-anvil/screenshots/Session 24 - Visit to Varnhold/Session 24-01.png,assets/world-anvil/screenshots/Session 24 - Visit to Varnhold/Session 24-01.webp,939488,98368,841120,converted,
assets/world-anvil/screenshots/Session 24 - Visit to Varnhold/Session 24-02.png,assets/world-anvil/screenshots/Session 24 - Visit to Varnhold/Session 24-02.webp,1162103,145290,1016813,converted,
assets/world-anvil/screenshots/Session 24 - Visit to Varnhold/session-24-visit-to-varnhold-03.png,assets/world-anvil/screenshots/Session 24 - Visit to Varnhold/session-24-visit-to-varnhold-03.webp,3324227,265022,3059205,converted,
assets/world-anvil/screenshots/Session 25 - The Hunt Begins/Session 25-01.png,assets/world-anvil/screenshots/Session 25 - The Hunt Begins/Session 25-01.webp,1017874,111764,906110,converted,
assets/world-anvil/screenshots/Session 25 - The Hunt Begins/Session 25-02.png,assets/world-anvil/screenshots/Session 25 - The Hunt Begins/Session 25-02.webp,951383,100762,850621,converted,
assets/world-anvil/screenshots/Session 25 - The Hunt Begins/Session 25-03.png,assets/world-anvil/screenshots/Session 25 - The Hunt Begins/Session 25-03.webp,1014427,110976,903451,converted,
assets/world-anvil/screenshots/Session 25 - The Hunt Begins/Session 25-04.png,assets/world-anvil/screenshots/Session 25 - The Hunt Begins/Session 25-04.webp,558064,64072,493992,converted,
assets/world-anvil/screenshots/Session 25 - The Hunt Begins/Session 25-05.png,assets/world-anvil/screenshots/Session 25 - The Hunt Begins/Session 25-05.webp,1056298,119956,936342,converted,
assets/world-anvil/screenshots/Session 25 - The Hunt Begins/Session 25-06.png,assets/world-anvil/screenshots/Session 25 - The Hunt Begins/Session 25-06.webp,641099,78614,562485,converted,
assets/world-anvil/screenshots/Session 25 - The Hunt Begins/Session 25-07.png,assets/world-anvil/screenshots/Session 25 - The Hunt Begins/Session 25-07.webp,1063889,129026,934863,converted,
assets/world-anvil/screenshots/Session 25 - The Hunt Begins/Session 25-08.png,assets/world-anvil/screenshots/Session 25 - The Hunt Begins/Session 25-08.webp,1020054,104228,915826,converted,
assets/world-anvil/screenshots/Session 25 - The Hunt Begins/Session 25-09.png,assets/world-anvil/screenshots/Session 25 - The Hunt Begins/Session 25-09.webp,966135,100780,865355,converted,
assets/world-anvil/screenshots/Session 25 - The Hunt Begins/session-25-the-hunt-begins-10.png,assets/world-anvil/screenshots/Session 25 - The Hunt Begins/session-25-the-hunt-begins-10.webp,3082143,276524,2805619,converted,
assets/world-anvil/screenshots/Session 26 - The Bloom/Session 26-01.png,assets/world-anvil/screenshots/Session 26 - The Bloom/Session 26-01.webp,1128724,130172,998552,converted,
assets/world-anvil/screenshots/Session 26 - The Bloom/Session 26-02.png,assets/world-anvil/screenshots/Session 26 - The Bloom/Session 26-02.webp,1095795,124932,970863,converted,
assets/world-anvil/screenshots/Session 26 - The Bloom/Session 26-03.png,assets/world-anvil/screenshots/Session 26 - The Bloom/Session 26-03.webp,1129548,128710,1000838,converted,
assets/world-anvil/screenshots/Session 26 - The Bloom/Session 26-04.png,assets/world-anvil/screenshots/Session 26 - The Bloom/Session 26-04.webp,1102535,127062,975473,converted,
assets/world-anvil/screenshots/Session 26 - The Bloom/Session 26-05.png,assets/world-anvil/screenshots/Session 26 - The Bloom/Session 26-05.webp,941602,93878,847724,converted,
assets/world-anvil/screenshots/Session 26 - The Bloom/Session 26-06.png,assets/world-anvil/screenshots/Session 26 - The Bloom/Session 26-06.webp,841027,82218,758809,converted,
assets/world-anvil/screenshots/Session 26 - The Bloom/session-26-the-bloom-07.png,assets/world-anvil/screenshots/Session 26 - The Bloom/session-26-the-bloom-07.webp,2790302,206358,2583944,converted,
assets/world-anvil/screenshots/Session 27 - The Inconsequent Debates/Session 27-01.png,assets/world-anvil/screenshots/Session 27 - The Inconsequent Debates/Session 27-01.webp,605759,60562,545197,converted,
assets/world-anvil/screenshots/Session 27 - The Inconsequent Debates/Session 27-02.png,assets/world-anvil/screenshots/Session 27 - The Inconsequent Debates/Session 27-02.webp,561590,55454,506136,converted,
assets/world-anvil/screenshots/Session 27 - The Inconsequent Debates/Session 27-03.png,assets/world-anvil/screenshots/Session 27 - The Inconsequent Debates/Session 27-03.webp,662534,72324,590210,converted,
assets/world-anvil/screenshots/Session 27 - The Inconsequent Debates/Session 27-04.png,assets/world-anvil/screenshots/Session 27 - The Inconsequent Debates/Session 27-04.webp,391352,44922,346430,converted,
assets/world-anvil/screenshots/Session 27 - The Inconsequent Debates/Session 27-05.png,assets/world-anvil/screenshots/Session 27 - The Inconsequent Debates/Session 27-05.webp,702343,78648,623695,converted,
assets/world-anvil/screenshots/Session 27 - The Inconsequent Debates/Session 27-06.png,assets/world-anvil/screenshots/Session 27 - The Inconsequent Debates/Session 27-06.webp,672365,73684,598681,converted,
assets/world-anvil/screenshots/Session 27 - The Inconsequent Debates/Session 27-07.png,assets/world-anvil/screenshots/Session 27 - The Inconsequent Debates/Session 27-07.webp,712883,82396,630487,converted,
assets/world-anvil/screenshots/Session 27 - The Inconsequent Debates/Session 27-08.png,assets/world-anvil/screenshots/Session 27 - The Inconsequent Debates/Session 27-08.webp,672968,72526,600442,converted,
assets/world-anvil/screenshots/Session 27 - The Inconsequent Debates/Session 27-09.png,assets/world-anvil/screenshots/Session 27 - The Inconsequent Debates/Session 27-09.webp,764423,95068,669355,converted,
assets/world-anvil/screenshots/Session 27 - The Inconsequent Debates/Session 27-10.png,assets/world-anvil/screenshots/Session 27 - The Inconsequent Debates/Session 27-10.webp,757501,92022,665479,converted,
assets/world-anvil/screenshots/Session 27 - The Inconsequent Debates/Session 27-11.png,assets/world-anvil/screenshots/Session 27 - The Inconsequent Debates/Session 27-11.webp,755105,91308,663797,converted,
assets/world-anvil/screenshots/Session 27 - The Inconsequent Debates/Session 27-12.png,assets/world-anvil/screenshots/Session 27 - The Inconsequent Debates/Session 27-12.webp,672779,72538,600241,converted,
assets/world-anvil/screenshots/Session 27 - The Inconsequent Debates/Session 27-13.png,assets/world-anvil/screenshots/Session 27 - The Inconsequent Debates/Session 27-13.webp,771536,95004,676532,converted,
assets/world-anvil/screenshots/Session 27 - The Inconsequent Debates/Session 27-14.png,assets/world-anvil/screenshots/Session 27 - The Inconsequent Debates/Session 27-14.webp,3176066,268606,2907460,converted,
assets/world-anvil/screenshots/Session 27 - The Inconsequent Debates/session-27-the-inconsequent-debates-15.png,assets/world-anvil/screenshots/Session 27 - The Inconsequent Debates/session-27-the-inconsequent-debates-15.webp,3129629,253204,2876425,converted,
assets/world-anvil/screenshots/Session 28 - Source of the Bloom/Session 28-01.png,assets/world-anvil/screenshots/Session 28 - Source of the Bloom/Session 28-01.webp,739741,85876,653865,converted,
assets/world-anvil/screenshots/Session 28 - Source of the Bloom/Session 28-02.png,assets/world-anvil/screenshots/Session 28 - Source of the Bloom/Session 28-02.webp,730272,82178,648094,converted,
assets/world-anvil/screenshots/Session 28 - Source of the Bloom/Session 28-03.png,assets/world-anvil/screenshots/Session 28 - Source of the Bloom/Session 28-03.webp,728442,83108,645334,converted,
assets/world-anvil/screenshots/Session 28 - Source of the Bloom/Session 28-04.png,assets/world-anvil/screenshots/Session 28 - Source of the Bloom/Session 28-04.webp,716581,82794,633787,converted,
assets/world-anvil/screenshots/Session 28 - Source of the Bloom/Session 28-05.png,assets/world-anvil/screenshots/Session 28 - Source of the Bloom/Session 28-05.webp,691979,76568,615411,converted,
assets/world-anvil/screenshots/Session 28 - Source of the Bloom/Session 28-06.png,assets/world-anvil/screenshots/Session 28 - Source of the Bloom/Session 28-06.webp,739881,83422,656459,converted,
assets/world-anvil/screenshots/Session 28 - Source of the Bloom/Session 28-07.png,assets/world-anvil/screenshots/Session 28 - Source of the Bloom/Session 28-07.webp,739496,85262,654234,converted,
assets/world-anvil/screenshots/Session 28 - Source of the Bloom/Session 28-08.png,assets/world-anvil/screenshots/Session 28 - Source of the Bloom/Session 28-08.webp,673503,71590,601913,converted,
assets/world-anvil/screenshots/Session 28 - Source of the Bloom/Session 28-09.png,assets/world-anvil/screenshots/Session 28 - Source of the Bloom/Session 28-09.webp,715558,80476,635082,converted,
assets/world-anvil/screenshots/Session 28 - Source of the Bloom/Session 28-10.png,assets/world-anvil/screenshots/Session 28 - Source of the Bloom/Session 28-10.webp,416571,48230,368341,converted,
assets/world-anvil/screenshots/Session 28 - Source of the Bloom/Session 28-11.png,assets/world-anvil/screenshots/Session 28 - Source of the Bloom/Session 28-11.webp,728718,82768,645950,converted,
assets/world-anvil/screenshots/Session 28 - Source of the Bloom/Session 28-12.png,assets/world-anvil/screenshots/Session 28 - Source of the Bloom/Session 28-12.webp,422852,49294,373558,converted,
assets/world-anvil/screenshots/Session 28 - Source of the Bloom/Session 28-13.png,assets/world-anvil/screenshots/Session 28 - Source of the Bloom/Session 28-13.webp,632414,69472,562942,converted,
assets/world-anvil/screenshots/Session 28 - Source of the Bloom/Session 28-14.png,assets/world-anvil/screenshots/Session 28 - Source of the Bloom/Session 28-14.webp,715535,82038,633497,converted,
assets/world-anvil/screenshots/Session 28 - Source of the Bloom/Session 28-15.png,assets/world-anvil/screenshots/Session 28 - Source of the Bloom/Session 28-15.webp,716986,81184,635802,converted,
assets/world-anvil/screenshots/Session 28 - Source of the Bloom/Session 28-16.png,assets/world-anvil/screenshots/Session 28 - Source of the Bloom/Session 28-16.webp,409597,47098,362499,converted,
assets/world-anvil/screenshots/Session 28 - Source of the Bloom/Session 28-17.png,assets/world-anvil/screenshots/Session 28 - Source of the Bloom/Session 28-17.webp,408934,46768,362166,converted,
assets/world-anvil/screenshots/Session 28 - Source of the Bloom/Session 28-18.png,assets/world-anvil/screenshots/Session 28 - Source of the Bloom/Session 28-18.webp,724580,80194,644386,converted,
assets/world-anvil/screenshots/Session 28 - Source of the Bloom/Session 28-19.png,assets/world-anvil/screenshots/Session 28 - Source of the Bloom/Session 28-19.webp,663219,72010,591209,converted,
assets/world-anvil/screenshots/Session 28 - Source of the Bloom/session-28-source-of-the-bloom-20.png,assets/world-anvil/screenshots/Session 28 - Source of the Bloom/session-28-source-of-the-bloom-20.webp,3664035,325622,3338413,converted,
assets/world-anvil/screenshots/Session 29 - Aftermath/Session 29-01.png,assets/world-anvil/screenshots/Session 29 - Aftermath/Session 29-01.webp,1817815,218418,1599397,converted,
assets/world-anvil/screenshots/Session 29 - Aftermath/Session 29-02.png,assets/world-anvil/screenshots/Session 29 - Aftermath/Session 29-02.webp,1615752,177910,1437842,converted,
assets/world-anvil/screenshots/Session 29 - Aftermath/Session 29-03.png,assets/world-anvil/screenshots/Session 29 - Aftermath/Session 29-03.webp,1408914,131522,1277392,converted,
assets/world-anvil/screenshots/Session 29 - Aftermath/Session 29-04.png,assets/world-anvil/screenshots/Session 29 - Aftermath/Session 29-04.webp,1584628,168872,1415756,converted,
assets/world-anvil/screenshots/Session 29 - Aftermath/Session 29-05.png,assets/world-anvil/screenshots/Session 29 - Aftermath/Session 29-05.webp,1507588,153126,1354462,converted,
assets/world-anvil/screenshots/Session 29 - Aftermath/Session 29-06.png,assets/world-anvil/screenshots/Session 29 - Aftermath/Session 29-06.webp,1555801,146794,1409007,converted,
assets/world-anvil/screenshots/Session 29 - Aftermath/Session 29-07.png,assets/world-anvil/screenshots/Session 29 - Aftermath/Session 29-07.webp,1845161,213508,1631653,converted,
assets/world-anvil/screenshots/Session 29 - Aftermath/Session 29-08.png,assets/world-anvil/screenshots/Session 29 - Aftermath/Session 29-08.webp,1689365,192652,1496713,converted,
assets/world-anvil/screenshots/Session 29 - Aftermath/Session 29-09.png,assets/world-anvil/screenshots/Session 29 - Aftermath/Session 29-09.webp,1566755,156448,1410307,converted,
assets/world-anvil/screenshots/Session 29 - Aftermath/Session 29-10.png,assets/world-anvil/screenshots/Session 29 - Aftermath/Session 29-10.webp,1619316,161990,1457326,converted,
assets/world-anvil/screenshots/Session 29 - Aftermath/session-29-aftermath-11.png,assets/world-anvil/screenshots/Session 29 - Aftermath/session-29-aftermath-11.webp,3890693,470628,3420065,converted,
assets/world-anvil/screenshots/Session 30 - Valerie S Victory/Session 30-01.png,assets/world-anvil/screenshots/Session 30 - Valerie S Victory/Session 30-01.webp,817291,104524,712767,converted,
assets/world-anvil/screenshots/Session 30 - Valerie S Victory/Session 30-02.png,assets/world-anvil/screenshots/Session 30 - Valerie S Victory/Session 30-02.webp,799500,101968,697532,converted,
assets/world-anvil/screenshots/Session 30 - Valerie S Victory/Session 30-03.png,assets/world-anvil/screenshots/Session 30 - Valerie S Victory/Session 30-03.webp,848296,112868,735428,converted,
assets/world-anvil/screenshots/Session 30 - Valerie S Victory/Session 30-04.png,assets/world-anvil/screenshots/Session 30 - Valerie S Victory/Session 30-04.webp,842496,112906,729590,converted,
assets/world-anvil/screenshots/Session 30 - Valerie S Victory/Session 30-05.png,assets/world-anvil/screenshots/Session 30 - Valerie S Victory/Session 30-05.webp,693719,77830,615889,converted,
assets/world-anvil/screenshots/Session 30 - Valerie S Victory/Session 30-06.png,assets/world-anvil/screenshots/Session 30 - Valerie S Victory/Session 30-06.webp,834051,110450,723601,converted,
assets/world-anvil/screenshots/Session 30 - Valerie S Victory/Session 30-07.png,assets/world-anvil/screenshots/Session 30 - Valerie S Victory/Session 30-07.webp,790409,102404,688005,converted,
assets/world-anvil/screenshots/Session 30 - Valerie S Victory/Session 30-08.png,assets/world-anvil/screenshots/Session 30 - Valerie S Victory/Session 30-08.webp,791967,98702,693265,converted,
assets/world-anvil/screenshots/Session 30 - Valerie S Victory/Session 30-09.png,assets/world-anvil/screenshots/Session 30 - Valerie S Victory/Session 30-09.webp,736144,84680,651464,converted,
assets/world-anvil/screenshots/Session 30 - Valerie S Victory/Session 30-10.png,assets/world-anvil/screenshots/Session 30 - Valerie S Victory/Session 30-10.webp,816116,107210,708906,converted,
assets/world-anvil/screenshots/Session 30 - Valerie S Victory/session-30-valerie-s-victory-11.png,assets/world-anvil/screenshots/Session 30 - Valerie S Victory/session-30-valerie-s-victory-11.webp,3064643,254306,2810337,converted,
assets/world-anvil/screenshots/Session 31 - Varnhold Vanishing/Session 31-01.png,assets/world-anvil/screenshots/Session 31 - Varnhold Vanishing/Session 31-01.webp,1541626,157954,1383672,converted,
assets/world-anvil/screenshots/Session 31 - Varnhold Vanishing/Session 31-02.png,assets/world-anvil/screenshots/Session 31 - Varnhold Vanishing/Session 31-02.webp,1371858,132592,1239266,converted,
assets/world-anvil/screenshots/Session 31 - Varnhold Vanishing/Session 31-03.png,assets/world-anvil/screenshots/Session 31 - Varnhold Vanishing/Session 31-03.webp,1385615,128806,1256809,converted,
assets/world-anvil/screenshots/Session 31 - Varnhold Vanishing/Session 31-04.png,assets/world-anvil/screenshots/Session 31 - Varnhold Vanishing/Session 31-04.webp,1473843,146674,1327169,converted,
assets/world-anvil/screenshots/Session 31 - Varnhold Vanishing/Session 31-05.png,assets/world-anvil/screenshots/Session 31 - Varnhold Vanishing/Session 31-05.webp,1279232,105762,1173470,converted,
assets/world-anvil/screenshots/Session 31 - Varnhold Vanishing/Session 31-06.png,assets/world-anvil/screenshots/Session 31 - Varnhold Vanishing/Session 31-06.webp,848901,90136,758765,converted,
assets/world-anvil/screenshots/Session 31 - Varnhold Vanishing/Session 31-07.png,assets/world-anvil/screenshots/Session 31 - Varnhold Vanishing/Session 31-07.webp,1362233,129536,1232697,converted,
assets/world-anvil/screenshots/Session 31 - Varnhold Vanishing/Session 31-08.png,assets/world-anvil/screenshots/Session 31 - Varnhold Vanishing/Session 31-08.webp,1405814,146804,1259010,converted,
assets/world-anvil/screenshots/Session 31 - Varnhold Vanishing/Session 31-09.png,assets/world-anvil/screenshots/Session 31 - Varnhold Vanishing/Session 31-09.webp,1492636,148218,1344418,converted,
assets/world-anvil/screenshots/Session 31 - Varnhold Vanishing/Session 31-10.png,assets/world-anvil/screenshots/Session 31 - Varnhold Vanishing/Session 31-10.webp,1780164,206466,1573698,converted,
assets/world-anvil/screenshots/Session 31 - Varnhold Vanishing/Session 31-11.png,assets/world-anvil/screenshots/Session 31 - Varnhold Vanishing/Session 31-11.webp,2491237,150242,2340995,converted,
assets/world-anvil/screenshots/Session 31 - Varnhold Vanishing/session-31-varnhold-vanishing-11.png,assets/world-anvil/screenshots/Session 31 - Varnhold Vanishing/session-31-varnhold-vanishing-11.webp,2426093,139366,2286727,converted,
assets/world-anvil/screenshots/Session 32 - Blockhouse Assault/Session 32-01.png,assets/world-anvil/screenshots/Session 32 - Blockhouse Assault/Session 32-01.webp,1340351,123296,1217055,converted,
assets/world-anvil/screenshots/Session 32 - Blockhouse Assault/Session 32-02.png,assets/world-anvil/screenshots/Session 32 - Blockhouse Assault/Session 32-02.webp,1432949,139510,1293439,converted,
assets/world-anvil/screenshots/Session 32 - Blockhouse Assault/Session 32-03.png,assets/world-anvil/screenshots/Session 32 - Blockhouse Assault/Session 32-03.webp,1212623,102608,1110015,converted,
assets/world-anvil/screenshots/Session 32 - Blockhouse Assault/Session 32-04.png,assets/world-anvil/screenshots/Session 32 - Blockhouse Assault/Session 32-04.webp,1359622,130128,1229494,converted,
assets/world-anvil/screenshots/Session 32 - Blockhouse Assault/Session 32-05.png,assets/world-anvil/screenshots/Session 32 - Blockhouse Assault/Session 32-05.webp,1369220,133020,1236200,converted,
assets/world-anvil/screenshots/Session 32 - Blockhouse Assault/Session 32-06.png,assets/world-anvil/screenshots/Session 32 - Blockhouse Assault/Session 32-06.webp,1191765,103184,1088581,converted,
assets/world-anvil/screenshots/Session 32 - Blockhouse Assault/Session 32-07.png,assets/world-anvil/screenshots/Session 32 - Blockhouse Assault/Session 32-07.webp,1192251,104110,1088141,converted,
assets/world-anvil/screenshots/Session 32 - Blockhouse Assault/Session 32-08.png,assets/world-anvil/screenshots/Session 32 - Blockhouse Assault/Session 32-08.webp,1076965,91870,985095,converted,
assets/world-anvil/screenshots/Session 32 - Blockhouse Assault/Session 32-09.png,assets/world-anvil/screenshots/Session 32 - Blockhouse Assault/Session 32-09.webp,1059751,90060,969691,converted,
assets/world-anvil/screenshots/Session 32 - Blockhouse Assault/Session 32-10.png,assets/world-anvil/screenshots/Session 32 - Blockhouse Assault/Session 32-10.webp,1380039,137622,1242417,converted,
assets/world-anvil/screenshots/Session 32 - Blockhouse Assault/Session 32-11.png,assets/world-anvil/screenshots/Session 32 - Blockhouse Assault/Session 32-11.webp,1298301,118586,1179715,converted,
assets/world-anvil/screenshots/Session 32 - Blockhouse Assault/Session 32-12.png,assets/world-anvil/screenshots/Session 32 - Blockhouse Assault/Session 32-12.webp,1160522,98902,1061620,converted,
assets/world-anvil/screenshots/Session 32 - Blockhouse Assault/Session 32-13.png,assets/world-anvil/screenshots/Session 32 - Blockhouse Assault/Session 32-13.webp,1140498,106724,1033774,converted,
assets/world-anvil/screenshots/Session 32 - Blockhouse Assault/Session 32-14.png,assets/world-anvil/screenshots/Session 32 - Blockhouse Assault/Session 32-14.webp,1396898,143708,1253190,converted,
assets/world-anvil/screenshots/Session 32 - Blockhouse Assault/Session 32-15.png,assets/world-anvil/screenshots/Session 32 - Blockhouse Assault/Session 32-15.webp,1456696,156926,1299770,converted,
assets/world-anvil/screenshots/Session 32 - Blockhouse Assault/Session 32-16.png,assets/world-anvil/screenshots/Session 32 - Blockhouse Assault/Session 32-16.webp,1334543,134300,1200243,converted,
assets/world-anvil/screenshots/Session 32 - Blockhouse Assault/Session 32-17.png,assets/world-anvil/screenshots/Session 32 - Blockhouse Assault/Session 32-17.webp,1318277,132166,1186111,converted,
assets/world-anvil/screenshots/Session 32 - Blockhouse Assault/Session 32-18.png,assets/world-anvil/screenshots/Session 32 - Blockhouse Assault/Session 32-18.webp,1284432,129116,1155316,converted,
assets/world-anvil/screenshots/Session 32 - Blockhouse Assault/Session 32-19.png,assets/world-anvil/screenshots/Session 32 - Blockhouse Assault/Session 32-19.webp,1267536,126064,1141472,converted,
assets/world-anvil/screenshots/Session 32 - Blockhouse Assault/Session 32-20.png,assets/world-anvil/screenshots/Session 32 - Blockhouse Assault/Session 32-20.webp,1431128,145454,1285674,converted,
assets/world-anvil/screenshots/Session 32 - Blockhouse Assault/Session 32-21.png,assets/world-anvil/screenshots/Session 32 - Blockhouse Assault/Session 32-21.webp,1531274,150612,1380662,converted,
assets/world-anvil/screenshots/Session 32 - Blockhouse Assault/Session 32-22.png,assets/world-anvil/screenshots/Session 32 - Blockhouse Assault/Session 32-22.webp,1369284,116964,1252320,converted,
assets/world-anvil/screenshots/Session 32 - Blockhouse Assault/Session 32-23.png,assets/world-anvil/screenshots/Session 32 - Blockhouse Assault/Session 32-23.webp,1436633,135714,1300919,converted,
assets/world-anvil/screenshots/Session 32 - Blockhouse Assault/Session 32-24.png,assets/world-anvil/screenshots/Session 32 - Blockhouse Assault/Session 32-24.webp,1419192,130116,1289076,converted,
assets/world-anvil/screenshots/Session 32 - Blockhouse Assault/Session 32-25.png,assets/world-anvil/screenshots/Session 32 - Blockhouse Assault/Session 32-25.webp,1471246,150880,1320366,converted,
assets/world-anvil/screenshots/Session 32 - Blockhouse Assault/Session 32-26.png,assets/world-anvil/screenshots/Session 32 - Blockhouse Assault/Session 32-26.webp,1603145,172760,1430385,converted,
assets/world-anvil/screenshots/Session 32 - Blockhouse Assault/Session 32-27.png,assets/world-anvil/screenshots/Session 32 - Blockhouse Assault/Session 32-27.webp,1525727,157068,1368659,converted,
assets/world-anvil/screenshots/Session 32 - Blockhouse Assault/Session 32-28.png,assets/world-anvil/screenshots/Session 32 - Blockhouse Assault/Session 32-28.webp,1442365,152130,1290235,converted,
assets/world-anvil/screenshots/Session 32 - Blockhouse Assault/session-32-blockhouse-assault-29.png,assets/world-anvil/screenshots/Session 32 - Blockhouse Assault/session-32-blockhouse-assault-29.webp,2840843,212048,2628795,converted,
assets/world-anvil/screenshots/Session 33 - Blockhouse Assault Cracking the Fortress/Session 33-01.png,assets/world-anvil/screenshots/Session 33 - Blockhouse Assault Cracking the Fortress/Session 33-01.webp,1309125,109908,1199217,converted,
assets/world-anvil/screenshots/Session 33 - Blockhouse Assault Cracking the Fortress/Session 33-02.png,assets/world-anvil/screenshots/Session 33 - Blockhouse Assault Cracking the Fortress/Session 33-02.webp,1438835,132580,1306255,converted,
assets/world-anvil/screenshots/Session 33 - Blockhouse Assault Cracking the Fortress/Session 33-03.png,assets/world-anvil/screenshots/Session 33 - Blockhouse Assault Cracking the Fortress/Session 33-03.webp,1543024,150470,1392554,converted,
assets/world-anvil/screenshots/Session 33 - Blockhouse Assault Cracking the Fortress/Session 33-04.png,assets/world-anvil/screenshots/Session 33 - Blockhouse Assault Cracking the Fortress/Session 33-04.webp,1495370,149218,1346152,converted,
assets/world-anvil/screenshots/Session 33 - Blockhouse Assault Cracking the Fortress/Session 33-05.png,assets/world-anvil/screenshots/Session 33 - Blockhouse Assault Cracking the Fortress/Session 33-05.webp,970648,112446,858202,converted,
assets/world-anvil/screenshots/Session 33 - Blockhouse Assault Cracking the Fortress/Session 33-06.png,assets/world-anvil/screenshots/Session 33 - Blockhouse Assault Cracking the Fortress/Session 33-06.webp,1564089,161232,1402857,converted,
assets/world-anvil/screenshots/Session 33 - Blockhouse Assault Cracking the Fortress/Session 33-07.png,assets/world-anvil/screenshots/Session 33 - Blockhouse Assault Cracking the Fortress/Session 33-07.webp,1883901,228710,1655191,converted,
assets/world-anvil/screenshots/Session 33 - Blockhouse Assault Cracking the Fortress/Session 33-08.png,assets/world-anvil/screenshots/Session 33 - Blockhouse Assault Cracking the Fortress/Session 33-08.webp,1120689,143504,977185,converted,
assets/world-anvil/screenshots/Session 33 - Blockhouse Assault Cracking the Fortress/Session 33-09.png,assets/world-anvil/screenshots/Session 33 - Blockhouse Assault Cracking the Fortress/Session 33-09.webp,1581330,166346,1414984,converted,
assets/world-anvil/screenshots/Session 33 - Blockhouse Assault Cracking the Fortress/Session 33-10.png,assets/world-anvil/screenshots/Session 33 - Blockhouse Assault Cracking the Fortress/Session 33-10.webp,1390862,134090,1256772,converted,
assets/world-anvil/screenshots/Session 33 - Blockhouse Assault Cracking the Fortress/Session 33-12.png,assets/world-anvil/screenshots/Session 33 - Blockhouse Assault Cracking the Fortress/Session 33-12.webp,1357010,126950,1230060,converted,
assets/world-anvil/screenshots/Session 33 - Blockhouse Assault Cracking the Fortress/Session 33-13.png,assets/world-anvil/screenshots/Session 33 - Blockhouse Assault Cracking the Fortress/Session 33-13.webp,1621528,175996,1445532,converted,
assets/world-anvil/screenshots/Session 33 - Blockhouse Assault Cracking the Fortress/Session 33-14.png,assets/world-anvil/screenshots/Session 33 - Blockhouse Assault Cracking the Fortress/Session 33-14.webp,3188876,270146,2918730,converted,
assets/world-anvil/screenshots/Session 33 - Blockhouse Assault Cracking the Fortress/session-33-blockhouse-assault-cracking-the-fortress-15.png,assets/world-anvil/screenshots/Session 33 - Blockhouse Assault Cracking the Fortress/session-33-blockhouse-assault-cracking-the-fortress-15.webp,2983231,239548,2743683,converted,
assets/world-anvil/screenshots/Session 34 - Into the Valley of Death/Session 34-01.png,assets/world-anvil/screenshots/Session 34 - Into the Valley of Death/Session 34-01.webp,1878368,233872,1644496,converted,
assets/world-anvil/screenshots/Session 34 - Into the Valley of Death/Session 34-02.png,assets/world-anvil/screenshots/Session 34 - Into the Valley of Death/Session 34-02.webp,1853196,228472,1624724,converted,
assets/world-anvil/screenshots/Session 34 - Into the Valley of Death/Session 34-03.png,assets/world-anvil/screenshots/Session 34 - Into the Valley of Death/Session 34-03.webp,1673829,188832,1484997,converted,
assets/world-anvil/screenshots/Session 34 - Into the Valley of Death/Session 34-04.png,assets/world-anvil/screenshots/Session 34 - Into the Valley of Death/Session 34-04.webp,1263888,109232,1154656,converted,
assets/world-anvil/screenshots/Session 34 - Into the Valley of Death/Session 34-05.png,assets/world-anvil/screenshots/Session 34 - Into the Valley of Death/Session 34-05.webp,1163258,100310,1062948,converted,
assets/world-anvil/screenshots/Session 34 - Into the Valley of Death/Session 34-06.png,assets/world-anvil/screenshots/Session 34 - Into the Valley of Death/Session 34-06.webp,953480,73590,879890,converted,
assets/world-anvil/screenshots/Session 34 - Into the Valley of Death/Session 34-07.png,assets/world-anvil/screenshots/Session 34 - Into the Valley of Death/Session 34-07.webp,1129709,93730,1035979,converted,
assets/world-anvil/screenshots/Session 34 - Into the Valley of Death/Session 34-08.png,assets/world-anvil/screenshots/Session 34 - Into the Valley of Death/Session 34-08.webp,1169334,98820,1070514,converted,
assets/world-anvil/screenshots/Session 34 - Into the Valley of Death/Session 34-09.png,assets/world-anvil/screenshots/Session 34 - Into the Valley of Death/Session 34-09.webp,861832,63970,797862,converted,
assets/world-anvil/screenshots/Session 34 - Into the Valley of Death/Session 34-10.png,assets/world-anvil/screenshots/Session 34 - Into the Valley of Death/Session 34-10.webp,977189,72952,904237,converted,
assets/world-anvil/screenshots/Session 34 - Into the Valley of Death/session-34-into-the-valley-of-death-11.png,assets/world-anvil/screenshots/Session 34 - Into the Valley of Death/session-34-into-the-valley-of-death-11.webp,3390293,300208,3090085,converted,
assets/world-anvil/screenshots/Session 35 - Into Vordakai S Tomb/Session 35-01.png,assets/world-anvil/screenshots/Session 35 - Into Vordakai S Tomb/Session 35-01.webp,1003147,126712,876435,converted,
assets/world-anvil/screenshots/Session 35 - Into Vordakai S Tomb/Session 35-02.png,assets/world-anvil/screenshots/Session 35 - Into Vordakai S Tomb/Session 35-02.webp,1789955,206942,1583013,converted,
assets/world-anvil/screenshots/Session 35 - Into Vordakai S Tomb/Session 35-03.png,assets/world-anvil/screenshots/Session 35 - Into Vordakai S Tomb/Session 35-03.webp,1488890,152498,1336392,converted,
assets/world-anvil/screenshots/Session 35 - Into Vordakai S Tomb/Session 35-04.png,assets/world-anvil/screenshots/Session 35 - Into Vordakai S Tomb/Session 35-04.webp,1464031,167864,1296167,converted,
assets/world-anvil/screenshots/Session 35 - Into Vordakai S Tomb/Session 35-05.png,assets/world-anvil/screenshots/Session 35 - Into Vordakai S Tomb/Session 35-05.webp,1590302,174116,1416186,converted,
assets/world-anvil/screenshots/Session 35 - Into Vordakai S Tomb/Session 35-06.png,assets/world-anvil/screenshots/Session 35 - Into Vordakai S Tomb/Session 35-06.webp,1471174,159706,1311468,converted,
assets/world-anvil/screenshots/Session 35 - Into Vordakai S Tomb/Session 35-07.png,assets/world-anvil/screenshots/Session 35 - Into Vordakai S Tomb/Session 35-07.webp,1586850,166164,1420686,converted,
assets/world-anvil/screenshots/Session 35 - Into Vordakai S Tomb/Session 35-08.png,assets/world-anvil/screenshots/Session 35 - Into Vordakai S Tomb/Session 35-08.webp,1329087,132168,1196919,converted,
assets/world-anvil/screenshots/Session 35 - Into Vordakai S Tomb/Session 35-09.png,assets/world-anvil/screenshots/Session 35 - Into Vordakai S Tomb/Session 35-09.webp,1380033,133978,1246055,converted,
assets/world-anvil/screenshots/Session 35 - Into Vordakai S Tomb/Session 35-10.png,assets/world-anvil/screenshots/Session 35 - Into Vordakai S Tomb/Session 35-10.webp,1335790,135386,1200404,converted,
assets/world-anvil/screenshots/Session 35 - Into Vordakai S Tomb/Session 35-11.png,assets/world-anvil/screenshots/Session 35 - Into Vordakai S Tomb/Session 35-11.webp,1407108,145194,1261914,converted,
assets/world-anvil/screenshots/Session 35 - Into Vordakai S Tomb/Session 35-12.png,assets/world-anvil/screenshots/Session 35 - Into Vordakai S Tomb/Session 35-12.webp,1728922,204164,1524758,converted,
assets/world-anvil/screenshots/Session 35 - Into Vordakai S Tomb/Session 35-13.png,assets/world-anvil/screenshots/Session 35 - Into Vordakai S Tomb/Session 35-13.webp,1645033,197376,1447657,converted,
assets/world-anvil/screenshots/Session 35 - Into Vordakai S Tomb/Session 35-14.png,assets/world-anvil/screenshots/Session 35 - Into Vordakai S Tomb/Session 35-14.webp,1499477,160292,1339185,converted,
assets/world-anvil/screenshots/Session 35 - Into Vordakai S Tomb/Session 35-15.png,assets/world-anvil/screenshots/Session 35 - Into Vordakai S Tomb/Session 35-15.webp,1510212,163362,1346850,converted,
assets/world-anvil/screenshots/Session 35 - Into Vordakai S Tomb/Session 35-16.png,assets/world-anvil/screenshots/Session 35 - Into Vordakai S Tomb/Session 35-16.webp,3124856,309812,2815044,converted,
assets/world-anvil/screenshots/Session 35 - Into Vordakai S Tomb/Session 35-17.png,assets/world-anvil/screenshots/Session 35 - Into Vordakai S Tomb/Session 35-17.webp,2984425,273782,2710643,converted,
assets/world-anvil/screenshots/Session 35 - Into Vordakai S Tomb/session-35-into-vordakai-s-tomb-17.png,assets/world-anvil/screenshots/Session 35 - Into Vordakai S Tomb/session-35-into-vordakai-s-tomb-17.webp,2782638,215294,2567344,converted,
assets/world-anvil/screenshots/Session 36 - Vordakai S End/Ant and the Eye.png,assets/world-anvil/screenshots/Session 36 - Vordakai S End/Ant and the Eye.webp,3111845,59604,3052241,converted,
assets/world-anvil/screenshots/Session 36 - Vordakai S End/Dragonflies.png,assets/world-anvil/screenshots/Session 36 - Vordakai S End/Dragonflies.webp,2924563,167554,2757009,converted,
assets/world-anvil/screenshots/Session 36 - Vordakai S End/Session 36-01.png,assets/world-anvil/screenshots/Session 36 - Vordakai S End/Session 36-01.webp,1430811,151732,1279079,converted,
assets/world-anvil/screenshots/Session 36 - Vordakai S End/Session 36-02.png,assets/world-anvil/screenshots/Session 36 - Vordakai S End/Session 36-02.webp,1520001,162840,1357161,converted,
assets/world-anvil/screenshots/Session 36 - Vordakai S End/Session 36-03.png,assets/world-anvil/screenshots/Session 36 - Vordakai S End/Session 36-03.webp,1322830,120344,1202486,converted,
assets/world-anvil/screenshots/Session 36 - Vordakai S End/Session 36-04.png,assets/world-anvil/screenshots/Session 36 - Vordakai S End/Session 36-04.webp,1422043,143790,1278253,converted,
assets/world-anvil/screenshots/Session 36 - Vordakai S End/Session 36-05.png,assets/world-anvil/screenshots/Session 36 - Vordakai S End/Session 36-05.webp,1145466,96494,1048972,converted,
assets/world-anvil/screenshots/Session 36 - Vordakai S End/Session 36-06.png,assets/world-anvil/screenshots/Session 36 - Vordakai S End/Session 36-06.webp,1309123,120184,1188939,converted,
assets/world-anvil/screenshots/Session 36 - Vordakai S End/Session 36-07.png,assets/world-anvil/screenshots/Session 36 - Vordakai S End/Session 36-07.webp,1618737,175300,1443437,converted,
assets/world-anvil/screenshots/Session 36 - Vordakai S End/Session 36-08.png,assets/world-anvil/screenshots/Session 36 - Vordakai S End/Session 36-08.webp,1130691,97968,1032723,converted,
assets/world-anvil/screenshots/Session 36 - Vordakai S End/Session 36-09.png,assets/world-anvil/screenshots/Session 36 - Vordakai S End/Session 36-09.webp,1395062,133672,1261390,converted,
assets/world-anvil/screenshots/Session 36 - Vordakai S End/Session 36-10.png,assets/world-anvil/screenshots/Session 36 - Vordakai S End/Session 36-10.webp,1549192,163292,1385900,converted,
assets/world-anvil/screenshots/Session 36 - Vordakai S End/Session 36-11.png,assets/world-anvil/screenshots/Session 36 - Vordakai S End/Session 36-11.webp,1292687,122014,1170673,converted,
assets/world-anvil/screenshots/Session 36 - Vordakai S End/Session 36-12.png,assets/world-anvil/screenshots/Session 36 - Vordakai S End/Session 36-12.webp,1347309,131802,1215507,converted,
assets/world-anvil/screenshots/Session 36 - Vordakai S End/Session 36-13.png,assets/world-anvil/screenshots/Session 36 - Vordakai S End/Session 36-13.webp,1478071,153204,1324867,converted,
assets/world-anvil/screenshots/Session 36 - Vordakai S End/Session 36-14.png,assets/world-anvil/screenshots/Session 36 - Vordakai S End/Session 36-14.webp,1423701,130596,1293105,converted,
assets/world-anvil/screenshots/Session 36 - Vordakai S End/Session 36-15.png,assets/world-anvil/screenshots/Session 36 - Vordakai S End/Session 36-15.webp,1429300,141290,1288010,converted,
assets/world-anvil/screenshots/Session 36 - Vordakai S End/session-36-vordakai-s-end-16.png,assets/world-anvil/screenshots/Session 36 - Vordakai S End/session-36-vordakai-s-end-16.webp,2232458,101026,2131432,converted,
assets/world-anvil/screenshots/Session 36 - Vordakai S End/session-36-vordakai-s-end-17.png,assets/world-anvil/screenshots/Session 36 - Vordakai S End/session-36-vordakai-s-end-17.webp,2944884,206058,2738826,converted,
assets/world-anvil/screenshots/Session 37 - A Year of Peace/Session 37-01.png,assets/world-anvil/screenshots/Session 37 - A Year of Peace/Session 37-01.webp,766548,95240,671308,converted,
assets/world-anvil/screenshots/Session 37 - A Year of Peace/Session 37-02.png,assets/world-anvil/screenshots/Session 37 - A Year of Peace/Session 37-02.webp,784965,95634,689331,converted,
assets/world-anvil/screenshots/Session 37 - A Year of Peace/Session 37-03.png,assets/world-anvil/screenshots/Session 37 - A Year of Peace/Session 37-03.webp,738014,90480,647534,converted,
assets/world-anvil/screenshots/Session 37 - A Year of Peace/Session 37-04.png,assets/world-anvil/screenshots/Session 37 - A Year of Peace/Session 37-04.webp,729019,86872,642147,converted,
assets/world-anvil/screenshots/Session 37 - A Year of Peace/Session 37-05.png,assets/world-anvil/screenshots/Session 37 - A Year of Peace/Session 37-05.webp,686147,76582,609565,converted,
assets/world-anvil/screenshots/Session 37 - A Year of Peace/Session 37-06.png,assets/world-anvil/screenshots/Session 37 - A Year of Peace/Session 37-06.webp,713521,84514,629007,converted,
assets/world-anvil/screenshots/Session 37 - A Year of Peace/Session 37-07.png,assets/world-anvil/screenshots/Session 37 - A Year of Peace/Session 37-07.webp,743721,85496,658225,converted,
assets/world-anvil/screenshots/Session 37 - A Year of Peace/Session 37-08.png,assets/world-anvil/screenshots/Session 37 - A Year of Peace/Session 37-08.webp,683418,72724,610694,converted,
assets/world-anvil/screenshots/Session 37 - A Year of Peace/Session 37-09.png,assets/world-anvil/screenshots/Session 37 - A Year of Peace/Session 37-09.webp,743661,86052,657609,converted,
assets/world-anvil/screenshots/Session 37 - A Year of Peace/Session 37-10.png,assets/world-anvil/screenshots/Session 37 - A Year of Peace/Session 37-10.webp,749615,87420,662195,converted,
assets/world-anvil/screenshots/Session 37 - A Year of Peace/Session 37-11.png,assets/world-anvil/screenshots/Session 37 - A Year of Peace/Session 37-11.webp,816035,105058,710977,converted,
assets/world-anvil/screenshots/Session 37 - A Year of Peace/Session 37-12.png,assets/world-anvil/screenshots/Session 37 - A Year of Peace/Session 37-12.webp,739875,84188,655687,converted,
assets/world-anvil/screenshots/Session 37 - A Year of Peace/session-37-a-year-of-peace-13.png,assets/world-anvil/screenshots/Session 37 - A Year of Peace/session-37-a-year-of-peace-13.webp,3513865,352796,3161069,converted,
assets/world-anvil/screenshots/Session 38 - The Fall of M Botuu/Session 38-01.png,assets/world-anvil/screenshots/Session 38 - The Fall of M Botuu/Session 38-01.webp,1061587,124962,936625,converted,
assets/world-anvil/screenshots/Session 38 - The Fall of M Botuu/Session 38-02.png,assets/world-anvil/screenshots/Session 38 - The Fall of M Botuu/Session 38-02.webp,912425,96072,816353,converted,
assets/world-anvil/screenshots/Session 38 - The Fall of M Botuu/Session 38-04.png,assets/world-anvil/screenshots/Session 38 - The Fall of M Botuu/Session 38-04.webp,1307486,103276,1204210,converted,
assets/world-anvil/screenshots/Session 38 - The Fall of M Botuu/Session 38-05.png,assets/world-anvil/screenshots/Session 38 - The Fall of M Botuu/Session 38-05.webp,1312997,113962,1199035,converted,
assets/world-anvil/screenshots/Session 38 - The Fall of M Botuu/Session 38-06.png,assets/world-anvil/screenshots/Session 38 - The Fall of M Botuu/Session 38-06.webp,1452229,140804,1311425,converted,
assets/world-anvil/screenshots/Session 38 - The Fall of M Botuu/Session 38-07.png,assets/world-anvil/screenshots/Session 38 - The Fall of M Botuu/Session 38-07.webp,1223504,111418,1112086,converted,
assets/world-anvil/screenshots/Session 38 - The Fall of M Botuu/Session 38-08.png,assets/world-anvil/screenshots/Session 38 - The Fall of M Botuu/Session 38-08.webp,1206481,106544,1099937,converted,
assets/world-anvil/screenshots/Session 38 - The Fall of M Botuu/Session 38-09.png,assets/world-anvil/screenshots/Session 38 - The Fall of M Botuu/Session 38-09.webp,1175262,102014,1073248,converted,
assets/world-anvil/screenshots/Session 38 - The Fall of M Botuu/Session 38-10.png,assets/world-anvil/screenshots/Session 38 - The Fall of M Botuu/Session 38-10.webp,1457837,153464,1304373,converted,
assets/world-anvil/screenshots/Session 38 - The Fall of M Botuu/Session 38-11.png,assets/world-anvil/screenshots/Session 38 - The Fall of M Botuu/Session 38-11.webp,1529390,148016,1381374,converted,
assets/world-anvil/screenshots/Session 38 - The Fall of M Botuu/Session 38-12.png,assets/world-anvil/screenshots/Session 38 - The Fall of M Botuu/Session 38-12.webp,1571340,161864,1409476,converted,
assets/world-anvil/screenshots/Session 38 - The Fall of M Botuu/Session 38-13.png,assets/world-anvil/screenshots/Session 38 - The Fall of M Botuu/Session 38-13.webp,1437138,129560,1307578,converted,
assets/world-anvil/screenshots/Session 38 - The Fall of M Botuu/Session 38-14.png,assets/world-anvil/screenshots/Session 38 - The Fall of M Botuu/Session 38-14.webp,1869877,217434,1652443,converted,
assets/world-anvil/screenshots/Session 38 - The Fall of M Botuu/Session 38-15.png,assets/world-anvil/screenshots/Session 38 - The Fall of M Botuu/Session 38-15.webp,1663110,173846,1489264,converted,
assets/world-anvil/screenshots/Session 38 - The Fall of M Botuu/Session 38-16.png,assets/world-anvil/screenshots/Session 38 - The Fall of M Botuu/Session 38-16.webp,1786582,199880,1586702,converted,
assets/world-anvil/screenshots/Session 38 - The Fall of M Botuu/Session 38-17.png,assets/world-anvil/screenshots/Session 38 - The Fall of M Botuu/Session 38-17.webp,1579340,157834,1421506,converted,
assets/world-anvil/screenshots/Session 38 - The Fall of M Botuu/Session 38-18.png,assets/world-anvil/screenshots/Session 38 - The Fall of M Botuu/Session 38-18.webp,1730502,187786,1542716,converted,
assets/world-anvil/screenshots/Session 38 - The Fall of M Botuu/Session 38-19.png,assets/world-anvil/screenshots/Session 38 - The Fall of M Botuu/Session 38-19.webp,1807132,207474,1599658,converted,
assets/world-anvil/screenshots/Session 38 - The Fall of M Botuu/Session 38-20.png,assets/world-anvil/screenshots/Session 38 - The Fall of M Botuu/Session 38-20.webp,1707018,199586,1507432,converted,
assets/world-anvil/screenshots/Session 38 - The Fall of M Botuu/Session 38-21.png,assets/world-anvil/screenshots/Session 38 - The Fall of M Botuu/Session 38-21.webp,1802568,203368,1599200,converted,
assets/world-anvil/screenshots/Session 38 - The Fall of M Botuu/Session 38-22.png,assets/world-anvil/screenshots/Session 38 - The Fall of M Botuu/Session 38-22.webp,1461267,141094,1320173,converted,
assets/world-anvil/screenshots/Session 38 - The Fall of M Botuu/Session 38-23.png,assets/world-anvil/screenshots/Session 38 - The Fall of M Botuu/Session 38-23.webp,1579391,164028,1415363,converted,
assets/world-anvil/screenshots/Session 38 - The Fall of M Botuu/Session 38-24.png,assets/world-anvil/screenshots/Session 38 - The Fall of M Botuu/Session 38-24.webp,1582860,164402,1418458,converted,
assets/world-anvil/screenshots/Session 38 - The Fall of M Botuu/Session 38-25.png,assets/world-anvil/screenshots/Session 38 - The Fall of M Botuu/Session 38-25.webp,1525525,151180,1374345,converted,
assets/world-anvil/screenshots/Session 38 - The Fall of M Botuu/Session 38-26.png,assets/world-anvil/screenshots/Session 38 - The Fall of M Botuu/Session 38-26.webp,1623416,172990,1450426,converted,
assets/world-anvil/screenshots/Session 38 - The Fall of M Botuu/Session 38-27.png,assets/world-anvil/screenshots/Session 38 - The Fall of M Botuu/Session 38-27.webp,1502241,151910,1350331,converted,
assets/world-anvil/screenshots/Session 38 - The Fall of M Botuu/Session 38-28.png,assets/world-anvil/screenshots/Session 38 - The Fall of M Botuu/Session 38-28.webp,1560332,168278,1392054,converted,
assets/world-anvil/screenshots/Session 38 - The Fall of M Botuu/session-38-the-fall-of-m-botuu-29.png,assets/world-anvil/screenshots/Session 38 - The Fall of M Botuu/session-38-the-fall-of-m-botuu-29.webp,2829021,199654,2629367,converted,
assets/world-anvil/screenshots/Session 39 - The Fall of Talon Peak/Session 39-01.png,assets/world-anvil/screenshots/Session 39 - The Fall of Talon Peak/Session 39-01.webp,2709758,95940,2613818,converted,
assets/world-anvil/screenshots/Session 39 - The Fall of Talon Peak/Session 39-02.png,assets/world-anvil/screenshots/Session 39 - The Fall of Talon Peak/Session 39-02.webp,2081957,138950,1943007,converted,
assets/world-anvil/screenshots/Session 39 - The Fall of Talon Peak/Session 39-03.png,assets/world-anvil/screenshots/Session 39 - The Fall of Talon Peak/Session 39-03.webp,2150698,152148,1998550,converted,
assets/world-anvil/screenshots/Session 39 - The Fall of Talon Peak/Session 39-04.png,assets/world-anvil/screenshots/Session 39 - The Fall of Talon Peak/Session 39-04.webp,2011510,124712,1886798,converted,
assets/world-anvil/screenshots/Session 39 - The Fall of Talon Peak/Session 39-05.png,assets/world-anvil/screenshots/Session 39 - The Fall of Talon Peak/Session 39-05.webp,2250379,201334,2049045,converted,
assets/world-anvil/screenshots/Session 39 - The Fall of Talon Peak/Session 39-06.png,assets/world-anvil/screenshots/Session 39 - The Fall of Talon Peak/Session 39-06.webp,2022500,125700,1896800,converted,
assets/world-anvil/screenshots/Session 39 - The Fall of Talon Peak/Session 39-07.png,assets/world-anvil/screenshots/Session 39 - The Fall of Talon Peak/Session 39-07.webp,2133822,176574,1957248,converted,
assets/world-anvil/screenshots/Session 39 - The Fall of Talon Peak/Session 39-08.png,assets/world-anvil/screenshots/Session 39 - The Fall of Talon Peak/Session 39-08.webp,2101939,149014,1952925,converted,
assets/world-anvil/screenshots/Session 39 - The Fall of Talon Peak/Session 39-09.png,assets/world-anvil/screenshots/Session 39 - The Fall of Talon Peak/Session 39-09.webp,670413,61114,609299,converted,
assets/world-anvil/screenshots/Session 39 - The Fall of Talon Peak/Session 39-10.png,assets/world-anvil/screenshots/Session 39 - The Fall of Talon Peak/Session 39-10.webp,1032250,118938,913312,converted,
assets/world-anvil/screenshots/Session 39 - The Fall of Talon Peak/Session 39-11.png,assets/world-anvil/screenshots/Session 39 - The Fall of Talon Peak/Session 39-11.webp,1004176,116776,887400,converted,
assets/world-anvil/screenshots/Session 39 - The Fall of Talon Peak/Session 39-12.png,assets/world-anvil/screenshots/Session 39 - The Fall of Talon Peak/Session 39-12.webp,1263585,112546,1151039,converted,
assets/world-anvil/screenshots/Session 39 - The Fall of Talon Peak/Session 39-13.png,assets/world-anvil/screenshots/Session 39 - The Fall of Talon Peak/Session 39-13.webp,1296719,118566,1178153,converted,
assets/world-anvil/screenshots/Session 39 - The Fall of Talon Peak/Session 39-14.png,assets/world-anvil/screenshots/Session 39 - The Fall of Talon Peak/Session 39-14.webp,890878,88556,802322,converted,
assets/world-anvil/screenshots/Session 39 - The Fall of Talon Peak/Session 39-15.png,assets/world-anvil/screenshots/Session 39 - The Fall of Talon Peak/Session 39-15.webp,1354971,119004,1235967,converted,
assets/world-anvil/screenshots/Session 39 - The Fall of Talon Peak/Session 39-16.png,assets/world-anvil/screenshots/Session 39 - The Fall of Talon Peak/Session 39-16.webp,1682856,189982,1492874,converted,
assets/world-anvil/screenshots/Session 39 - The Fall of Talon Peak/Session 39-17.png,assets/world-anvil/screenshots/Session 39 - The Fall of Talon Peak/Session 39-17.webp,1506962,156638,1350324,converted,
assets/world-anvil/screenshots/Session 39 - The Fall of Talon Peak/Session 39-18.png,assets/world-anvil/screenshots/Session 39 - The Fall of Talon Peak/Session 39-18.webp,1463930,148052,1315878,converted,
assets/world-anvil/screenshots/Session 39 - The Fall of Talon Peak/Session 39-19.png,assets/world-anvil/screenshots/Session 39 - The Fall of Talon Peak/Session 39-19.webp,1666005,189990,1476015,converted,
assets/world-anvil/screenshots/Session 39 - The Fall of Talon Peak/Session 39-20.png,assets/world-anvil/screenshots/Session 39 - The Fall of Talon Peak/Session 39-20.webp,1513053,161870,1351183,converted,
assets/world-anvil/screenshots/Session 39 - The Fall of Talon Peak/Session 39-21.png,assets/world-anvil/screenshots/Session 39 - The Fall of Talon Peak/Session 39-21.webp,1541281,151448,1389833,converted,
assets/world-anvil/screenshots/Session 39 - The Fall of Talon Peak/Session 39-22.png,assets/world-anvil/screenshots/Session 39 - The Fall of Talon Peak/Session 39-22.webp,1758890,189526,1569364,converted,
assets/world-anvil/screenshots/Session 39 - The Fall of Talon Peak/Session 39-23.png,assets/world-anvil/screenshots/Session 39 - The Fall of Talon Peak/Session 39-23.webp,1767157,195730,1571427,converted,
assets/world-anvil/screenshots/Session 39 - The Fall of Talon Peak/Session 39-24.png,assets/world-anvil/screenshots/Session 39 - The Fall of Talon Peak/Session 39-24.webp,1890845,226342,1664503,converted,
assets/world-anvil/screenshots/Session 39 - The Fall of Talon Peak/Session 39-25.png,assets/world-anvil/screenshots/Session 39 - The Fall of Talon Peak/Session 39-25.webp,1837344,213678,1623666,converted,
assets/world-anvil/screenshots/Session 39 - The Fall of Talon Peak/Session 39-26.png,assets/world-anvil/screenshots/Session 39 - The Fall of Talon Peak/Session 39-26.webp,1721300,187266,1534034,converted,
assets/world-anvil/screenshots/Session 39 - The Fall of Talon Peak/Session 39-27.png,assets/world-anvil/screenshots/Session 39 - The Fall of Talon Peak/Session 39-27.webp,1736629,192800,1543829,converted,
assets/world-anvil/screenshots/Session 39 - The Fall of Talon Peak/Session 39-28.png,assets/world-anvil/screenshots/Session 39 - The Fall of Talon Peak/Session 39-28.webp,1751902,197522,1554380,converted,
assets/world-anvil/screenshots/Session 39 - The Fall of Talon Peak/Session 39-29.png,assets/world-anvil/screenshots/Session 39 - The Fall of Talon Peak/Session 39-29.webp,1757206,198536,1558670,converted,
assets/world-anvil/screenshots/Session 39 - The Fall of Talon Peak/Session 39-30.png,assets/world-anvil/screenshots/Session 39 - The Fall of Talon Peak/Session 39-30.webp,1995805,176574,1819231,converted,
assets/world-anvil/screenshots/Session 39 - The Fall of Talon Peak/Session 39-31.png,assets/world-anvil/screenshots/Session 39 - The Fall of Talon Peak/Session 39-31.webp,1866294,124712,1741582,converted,
assets/world-anvil/screenshots/Session 39 - The Fall of Talon Peak/Session 39-32.png,assets/world-anvil/screenshots/Session 39 - The Fall of Talon Peak/Session 39-32.webp,1873542,125700,1747842,converted,
assets/world-anvil/screenshots/Session 39 - The Fall of Talon Peak/Session 39-33.png,assets/world-anvil/screenshots/Session 39 - The Fall of Talon Peak/Session 39-33.webp,1991080,152148,1838932,converted,
assets/world-anvil/screenshots/Session 39 - The Fall of Talon Peak/Session 39-34.png,assets/world-anvil/screenshots/Session 39 - The Fall of Talon Peak/Session 39-34.webp,1950128,149014,1801114,converted,
assets/world-anvil/screenshots/Session 39 - The Fall of Talon Peak/Session 39-35.png,assets/world-anvil/screenshots/Session 39 - The Fall of Talon Peak/Session 39-35.webp,2089840,201334,1888506,converted,
assets/world-anvil/screenshots/Session 39 - The Fall of Talon Peak/Session 39-36.png,assets/world-anvil/screenshots/Session 39 - The Fall of Talon Peak/Session 39-36.webp,1942638,138950,1803688,converted,
assets/world-anvil/screenshots/Session 39 - The Fall of Talon Peak/session-39-the-fall-of-talon-peak-37.png,assets/world-anvil/screenshots/Session 39 - The Fall of Talon Peak/session-39-the-fall-of-talon-peak-37.webp,2967545,251454,2716091,converted,
assets/world-anvil/screenshots/Session 40 - Back into the Slough/session-40-back-into-the-slough-24.png,assets/world-anvil/screenshots/Session 40 - Back into the Slough/session-40-back-into-the-slough-24.webp,3179478,316292,2863186,converted,
assets/world-anvil/screenshots/Session 41 - The Seige of Tatzlford/Session 41-01.jpg,assets/world-anvil/screenshots/Session 41 - The Seige of Tatzlford/Session 41-01.webp,1522116,306980,1215136,converted,
assets/world-anvil/screenshots/Session 41 - The Seige of Tatzlford/Session 41-02.jpg,assets/world-anvil/screenshots/Session 41 - The Seige of Tatzlford/Session 41-02.webp,1673414,359278,1314136,converted,
assets/world-anvil/screenshots/Session 41 - The Seige of Tatzlford/Session 41-03.jpg,assets/world-anvil/screenshots/Session 41 - The Seige of Tatzlford/Session 41-03.webp,1157803,429202,728601,converted,
assets/world-anvil/screenshots/Session 41 - The Seige of Tatzlford/Session 41-04.jpg,assets/world-anvil/screenshots/Session 41 - The Seige of Tatzlford/Session 41-04.webp,4710441,455918,4254523,converted,
assets/world-anvil/screenshots/Session 41 - The Seige of Tatzlford/Session 41-05.jpg,assets/world-anvil/screenshots/Session 41 - The Seige of Tatzlford/Session 41-05.webp,1737987,400844,1337143,converted,
assets/world-anvil/screenshots/Session 41 - The Seige of Tatzlford/Session 41-06.jpg,assets/world-anvil/screenshots/Session 41 - The Seige of Tatzlford/Session 41-06.webp,1003385,341542,661843,converted,
assets/world-anvil/screenshots/Session 41 - The Seige of Tatzlford/Session 41-07.jpg,assets/world-anvil/screenshots/Session 41 - The Seige of Tatzlford/Session 41-07.webp,1199763,415522,784241,converted,
assets/world-anvil/screenshots/Session 41 - The Seige of Tatzlford/Session 41-08.jpg,assets/world-anvil/screenshots/Session 41 - The Seige of Tatzlford/Session 41-08.webp,999260,331466,667794,converted,
assets/world-anvil/screenshots/Session 41 - The Seige of Tatzlford/Session 41-09.jpg,assets/world-anvil/screenshots/Session 41 - The Seige of Tatzlford/Session 41-09.webp,1176007,403010,772997,converted,
assets/world-anvil/screenshots/Session 41 - The Seige of Tatzlford/Session 41-10.jpg,assets/world-anvil/screenshots/Session 41 - The Seige of Tatzlford/Session 41-10.webp,1468908,290438,1178470,converted,
assets/world-anvil/screenshots/Session 41 - The Seige of Tatzlford/session-41-the-seige-of-tatzlford-11.png,assets/world-anvil/screenshots/Session 41 - The Seige of Tatzlford/session-41-the-seige-of-tatzlford-11.webp,3202127,255290,2946837,converted,
assets/world-anvil/screenshots/Session 42 - The Fire Beneath Drelev/Session 42-01.png,assets/world-anvil/screenshots/Session 42 - The Fire Beneath Drelev/Session 42-01.webp,2344702,224792,2119910,converted,
assets/world-anvil/screenshots/Session 42 - The Fire Beneath Drelev/Session 42-02.png,assets/world-anvil/screenshots/Session 42 - The Fire Beneath Drelev/Session 42-02.webp,2077499,137110,1940389,converted,
assets/world-anvil/screenshots/Session 42 - The Fire Beneath Drelev/Session 42-03.jpg,assets/world-anvil/screenshots/Session 42 - The Fire Beneath Drelev/Session 42-03.webp,974754,334664,640090,converted,
assets/world-anvil/screenshots/Session 42 - The Fire Beneath Drelev/Session 42-04.jpg,assets/world-anvil/screenshots/Session 42 - The Fire Beneath Drelev/Session 42-04.webp,942711,309436,633275,converted,
assets/world-anvil/screenshots/Session 42 - The Fire Beneath Drelev/Session 42-05.jpg,assets/world-anvil/screenshots/Session 42 - The Fire Beneath Drelev/Session 42-05.webp,1478023,295634,1182389,converted,
assets/world-anvil/screenshots/Session 42 - The Fire Beneath Drelev/Session 42-06.jpg,assets/world-anvil/screenshots/Session 42 - The Fire Beneath Drelev/Session 42-06.webp,1508249,301298,1206951,converted,
assets/world-anvil/screenshots/Session 42 - The Fire Beneath Drelev/Session 42-07.jpg,assets/world-anvil/screenshots/Session 42 - The Fire Beneath Drelev/Session 42-07.webp,1048931,370218,678713,converted,
assets/world-anvil/screenshots/Session 42 - The Fire Beneath Drelev/Session 42-08.jpg,assets/world-anvil/screenshots/Session 42 - The Fire Beneath Drelev/Session 42-08.webp,819254,241296,577958,converted,
assets/world-anvil/screenshots/Session 42 - The Fire Beneath Drelev/Session 42-09.jpg,assets/world-anvil/screenshots/Session 42 - The Fire Beneath Drelev/Session 42-09.webp,959986,326108,633878,converted,
assets/world-anvil/screenshots/Session 42 - The Fire Beneath Drelev/Session 42-10.jpg,assets/world-anvil/screenshots/Session 42 - The Fire Beneath Drelev/Session 42-10.webp,928895,296264,632631,converted,
assets/world-anvil/screenshots/Session 42 - The Fire Beneath Drelev/Session 42-11.jpg,assets/world-anvil/screenshots/Session 42 - The Fire Beneath Drelev/Session 42-11.webp,1058858,373706,685152,converted,
assets/world-anvil/screenshots/Session 42 - The Fire Beneath Drelev/Session 42-12.jpg,assets/world-anvil/screenshots/Session 42 - The Fire Beneath Drelev/Session 42-12.webp,858863,264588,594275,converted,
assets/world-anvil/screenshots/Session 42 - The Fire Beneath Drelev/Session 42-13.jpg,assets/world-anvil/screenshots/Session 42 - The Fire Beneath Drelev/Session 42-13.webp,961794,295876,665918,converted,
assets/world-anvil/screenshots/Session 42 - The Fire Beneath Drelev/Session 42-14.jpg,assets/world-anvil/screenshots/Session 42 - The Fire Beneath Drelev/Session 42-14.webp,1612085,340616,1271469,converted,
assets/world-anvil/screenshots/Session 42 - The Fire Beneath Drelev/Session 42-15.jpg,assets/world-anvil/screenshots/Session 42 - The Fire Beneath Drelev/Session 42-15.webp,1135258,405408,729850,converted,
assets/world-anvil/screenshots/Session 42 - The Fire Beneath Drelev/Session 42-16.jpg,assets/world-anvil/screenshots/Session 42 - The Fire Beneath Drelev/Session 42-16.webp,945490,309370,636120,converted,
assets/world-anvil/screenshots/Session 42 - The Fire Beneath Drelev/Session 42-17.jpg,assets/world-anvil/screenshots/Session 42 - The Fire Beneath Drelev/Session 42-17.webp,897365,279586,617779,converted,
assets/world-anvil/screenshots/Session 42 - The Fire Beneath Drelev/Session 42-18.jpg,assets/world-anvil/screenshots/Session 42 - The Fire Beneath Drelev/Session 42-18.webp,1148646,397400,751246,converted,
assets/world-anvil/screenshots/Session 42 - The Fire Beneath Drelev/Session 42-19.jpg,assets/world-anvil/screenshots/Session 42 - The Fire Beneath Drelev/Session 42-19.webp,1198113,456850,741263,converted,
assets/world-anvil/screenshots/Session 42 - The Fire Beneath Drelev/Session 42-20.jpg,assets/world-anvil/screenshots/Session 42 - The Fire Beneath Drelev/Session 42-20.webp,1112921,397204,715717,converted,
assets/world-anvil/screenshots/Session 42 - The Fire Beneath Drelev/Session 42-21.jpg,assets/world-anvil/screenshots/Session 42 - The Fire Beneath Drelev/Session 42-21.webp,1142543,394632,747911,converted,
assets/world-anvil/screenshots/Session 42 - The Fire Beneath Drelev/Session 42-22.jpg,assets/world-anvil/screenshots/Session 42 - The Fire Beneath Drelev/Session 42-22.webp,1104913,377514,727399,converted,
assets/world-anvil/screenshots/Session 42 - The Fire Beneath Drelev/Session 42-23.jpg,assets/world-anvil/screenshots/Session 42 - The Fire Beneath Drelev/Session 42-23.webp,1003548,318884,684664,converted,
assets/world-anvil/screenshots/Session 42 - The Fire Beneath Drelev/Session 42-24.jpg,assets/world-anvil/screenshots/Session 42 - The Fire Beneath Drelev/Session 42-24.webp,4129920,378602,3751318,converted,
assets/world-anvil/screenshots/Session 42 - The Fire Beneath Drelev/Session 42-25.jpg,assets/world-anvil/screenshots/Session 42 - The Fire Beneath Drelev/Session 42-25.webp,1119679,373334,746345,converted,
assets/world-anvil/screenshots/Session 42 - The Fire Beneath Drelev/Session 42-26.jpg,assets/world-anvil/screenshots/Session 42 - The Fire Beneath Drelev/Session 42-26.webp,1081754,365446,716308,converted,
assets/world-anvil/screenshots/Session 42 - The Fire Beneath Drelev/Session 42-27.jpg,assets/world-anvil/screenshots/Session 42 - The Fire Beneath Drelev/Session 42-27.webp,1046693,325620,721073,converted,
assets/world-anvil/screenshots/Session 42 - The Fire Beneath Drelev/Session 42-28.jpg,assets/world-anvil/screenshots/Session 42 - The Fire Beneath Drelev/Session 42-28.webp,992284,324064,668220,converted,
assets/world-anvil/screenshots/Session 42 - The Fire Beneath Drelev/Session 42-29.jpg,assets/world-anvil/screenshots/Session 42 - The Fire Beneath Drelev/Session 42-29.webp,1022463,340768,681695,converted,
assets/world-anvil/screenshots/Session 42 - The Fire Beneath Drelev/Session 42-30.jpg,assets/world-anvil/screenshots/Session 42 - The Fire Beneath Drelev/Session 42-30.webp,1006206,315588,690618,converted,
assets/world-anvil/screenshots/Session 42 - The Fire Beneath Drelev/Session 42-31.jpg,assets/world-anvil/screenshots/Session 42 - The Fire Beneath Drelev/Session 42-31.webp,937246,304036,633210,converted,
assets/world-anvil/screenshots/Session 42 - The Fire Beneath Drelev/Session 42-32.jpg,assets/world-anvil/screenshots/Session 42 - The Fire Beneath Drelev/Session 42-32.webp,1055920,336688,719232,converted,
assets/world-anvil/screenshots/Session 42 - The Fire Beneath Drelev/Session 42-33.jpg,assets/world-anvil/screenshots/Session 42 - The Fire Beneath Drelev/Session 42-33.webp,954541,296998,657543,converted,
assets/world-anvil/screenshots/Session 42 - The Fire Beneath Drelev/session-42-the-fire-beneath-drelev-34.png,assets/world-anvil/screenshots/Session 42 - The Fire Beneath Drelev/session-42-the-fire-beneath-drelev-34.webp,3044720,285482,2759238,converted,
assets/world-anvil/screenshots/Session 43 - The Fall of Fort Drelev/Session 43-01.png,assets/world-anvil/screenshots/Session 43 - The Fall of Fort Drelev/Session 43-01.webp,2137686,156986,1980700,converted,
assets/world-anvil/screenshots/Session 43 - The Fall of Fort Drelev/Session 43-02.png,assets/world-anvil/screenshots/Session 43 - The Fall of Fort Drelev/Session 43-02.webp,2280117,213298,2066819,converted,
assets/world-anvil/screenshots/Session 43 - The Fall of Fort Drelev/Session 43-03.png,assets/world-anvil/screenshots/Session 43 - The Fall of Fort Drelev/Session 43-03.webp,2030650,185244,1845406,converted,
assets/world-anvil/screenshots/Session 43 - The Fall of Fort Drelev/Session 43-04.png,assets/world-anvil/screenshots/Session 43 - The Fall of Fort Drelev/Session 43-04.webp,2243769,202690,2041079,converted,
assets/world-anvil/screenshots/Session 43 - The Fall of Fort Drelev/Session 43-05.png,assets/world-anvil/screenshots/Session 43 - The Fall of Fort Drelev/Session 43-05.webp,8628696,369098,8259598,converted,
assets/world-anvil/screenshots/Session 43 - The Fall of Fort Drelev/Session 43-06.png,assets/world-anvil/screenshots/Session 43 - The Fall of Fort Drelev/Session 43-06.webp,8693646,358546,8335100,converted,
assets/world-anvil/screenshots/Session 43 - The Fall of Fort Drelev/Session 43-07.png,assets/world-anvil/screenshots/Session 43 - The Fall of Fort Drelev/Session 43-07.webp,8417997,364572,8053425,converted,
assets/world-anvil/screenshots/Session 43 - The Fall of Fort Drelev/Session 43-08.png,assets/world-anvil/screenshots/Session 43 - The Fall of Fort Drelev/Session 43-08.webp,8451325,327410,8123915,converted,
assets/world-anvil/screenshots/Session 43 - The Fall of Fort Drelev/Session 43-09.png,assets/world-anvil/screenshots/Session 43 - The Fall of Fort Drelev/Session 43-09.webp,8648778,340974,8307804,converted,
assets/world-anvil/screenshots/Session 43 - The Fall of Fort Drelev/Session 43-10.png,assets/world-anvil/screenshots/Session 43 - The Fall of Fort Drelev/Session 43-10.webp,8596113,354244,8241869,converted,
assets/world-anvil/screenshots/Session 43 - The Fall of Fort Drelev/Session 43-11.png,assets/world-anvil/screenshots/Session 43 - The Fall of Fort Drelev/Session 43-11.webp,9030138,416698,8613440,converted,
assets/world-anvil/screenshots/Session 43 - The Fall of Fort Drelev/Session 43-12.png,assets/world-anvil/screenshots/Session 43 - The Fall of Fort Drelev/Session 43-12.webp,8750094,380156,8369938,converted,
assets/world-anvil/screenshots/Session 43 - The Fall of Fort Drelev/Session 43-13.png,assets/world-anvil/screenshots/Session 43 - The Fall of Fort Drelev/Session 43-13.webp,9025663,365444,8660219,converted,
assets/world-anvil/screenshots/Session 43 - The Fall of Fort Drelev/Session 43-14.png,assets/world-anvil/screenshots/Session 43 - The Fall of Fort Drelev/Session 43-14.webp,8871752,315438,8556314,converted,
assets/world-anvil/screenshots/Session 43 - The Fall of Fort Drelev/Session 43-15.png,assets/world-anvil/screenshots/Session 43 - The Fall of Fort Drelev/Session 43-15.webp,8930468,305768,8624700,converted,
assets/world-anvil/screenshots/Session 43 - The Fall of Fort Drelev/Session 43-16.png,assets/world-anvil/screenshots/Session 43 - The Fall of Fort Drelev/Session 43-16.webp,6992236,226270,6765966,converted,
assets/world-anvil/screenshots/Session 43 - The Fall of Fort Drelev/Session 43-17.png,assets/world-anvil/screenshots/Session 43 - The Fall of Fort Drelev/Session 43-17.webp,8960280,411510,8548770,converted,
assets/world-anvil/screenshots/Session 43 - The Fall of Fort Drelev/Session 43-18.png,assets/world-anvil/screenshots/Session 43 - The Fall of Fort Drelev/Session 43-18.webp,8094363,325236,7769127,converted,
assets/world-anvil/screenshots/Session 43 - The Fall of Fort Drelev/Session 43-19.png,assets/world-anvil/screenshots/Session 43 - The Fall of Fort Drelev/Session 43-19.webp,7715303,270014,7445289,converted,
assets/world-anvil/screenshots/Session 43 - The Fall of Fort Drelev/Session 43-20.png,assets/world-anvil/screenshots/Session 43 - The Fall of Fort Drelev/Session 43-20.webp,8276467,324982,7951485,converted,
assets/world-anvil/screenshots/Session 43 - The Fall of Fort Drelev/Session 43-21.png,assets/world-anvil/screenshots/Session 43 - The Fall of Fort Drelev/Session 43-21.webp,7881874,328702,7553172,converted,
assets/world-anvil/screenshots/Session 43 - The Fall of Fort Drelev/Session 43-22.png,assets/world-anvil/screenshots/Session 43 - The Fall of Fort Drelev/Session 43-22.webp,8096671,343670,7753001,converted,
assets/world-anvil/screenshots/Session 43 - The Fall of Fort Drelev/Session 43-23.png,assets/world-anvil/screenshots/Session 43 - The Fall of Fort Drelev/Session 43-23.webp,6344837,165024,6179813,converted,
assets/world-anvil/screenshots/Session 43 - The Fall of Fort Drelev/Session 43-24.png,assets/world-anvil/screenshots/Session 43 - The Fall of Fort Drelev/Session 43-24.webp,6606674,195628,6411046,converted,
assets/world-anvil/screenshots/Session 43 - The Fall of Fort Drelev/Session 43-25.png,assets/world-anvil/screenshots/Session 43 - The Fall of Fort Drelev/Session 43-25.webp,7712441,276488,7435953,converted,
assets/world-anvil/screenshots/Session 43 - The Fall of Fort Drelev/Session 43-26.png,assets/world-anvil/screenshots/Session 43 - The Fall of Fort Drelev/Session 43-26.webp,6468109,210324,6257785,converted,
assets/world-anvil/screenshots/Session 43 - The Fall of Fort Drelev/Session 43-27.png,assets/world-anvil/screenshots/Session 43 - The Fall of Fort Drelev/Session 43-27.webp,8163068,328934,7834134,converted,
assets/world-anvil/screenshots/Session 43 - The Fall of Fort Drelev/Session 43-28.png,assets/world-anvil/screenshots/Session 43 - The Fall of Fort Drelev/Session 43-28.webp,7422383,250890,7171493,converted,
assets/world-anvil/screenshots/Session 43 - The Fall of Fort Drelev/Session 43-29.png,assets/world-anvil/screenshots/Session 43 - The Fall of Fort Drelev/Session 43-29.webp,8240131,334388,7905743,converted,
assets/world-anvil/screenshots/Session 43 - The Fall of Fort Drelev/Session 43-30.png,assets/world-anvil/screenshots/Session 43 - The Fall of Fort Drelev/Session 43-30.webp,7565131,295176,7269955,converted,
assets/world-anvil/screenshots/Session 43 - The Fall of Fort Drelev/Session 43-31.png,assets/world-anvil/screenshots/Session 43 - The Fall of Fort Drelev/Session 43-31.webp,7626313,358428,7267885,converted,
assets/world-anvil/screenshots/Session 43 - The Fall of Fort Drelev/Session 43-32.png,assets/world-anvil/screenshots/Session 43 - The Fall of Fort Drelev/Session 43-32.webp,8073001,378882,7694119,converted,
assets/world-anvil/screenshots/Session 43 - The Fall of Fort Drelev/Session 43-33.png,assets/world-anvil/screenshots/Session 43 - The Fall of Fort Drelev/Session 43-33.webp,7598520,379220,7219300,converted,
assets/world-anvil/screenshots/Session 43 - The Fall of Fort Drelev/Session 43-34.png,assets/world-anvil/screenshots/Session 43 - The Fall of Fort Drelev/Session 43-34.webp,7657681,300398,7357283,converted,
assets/world-anvil/screenshots/Session 43 - The Fall of Fort Drelev/Session 43-35.png,assets/world-anvil/screenshots/Session 43 - The Fall of Fort Drelev/Session 43-35.webp,8497884,342506,8155378,converted,
assets/world-anvil/screenshots/Session 43 - The Fall of Fort Drelev/Session 43-36.png,assets/world-anvil/screenshots/Session 43 - The Fall of Fort Drelev/Session 43-36.webp,8927667,358830,8568837,converted,
assets/world-anvil/screenshots/Session 43 - The Fall of Fort Drelev/Session 43-37.png,assets/world-anvil/screenshots/Session 43 - The Fall of Fort Drelev/Session 43-37.webp,8796645,339898,8456747,converted,
assets/world-anvil/screenshots/Session 43 - The Fall of Fort Drelev/Session 43-38.png,assets/world-anvil/screenshots/Session 43 - The Fall of Fort Drelev/Session 43-38.webp,8042088,322172,7719916,converted,
assets/world-anvil/screenshots/Session 43 - The Fall of Fort Drelev/Session 43-39.png,assets/world-anvil/screenshots/Session 43 - The Fall of Fort Drelev/Session 43-39.webp,7264219,236070,7028149,converted,
assets/world-anvil/screenshots/Session 43 - The Fall of Fort Drelev/Session 43-40.png,assets/world-anvil/screenshots/Session 43 - The Fall of Fort Drelev/Session 43-40.webp,6529030,182996,6346034,converted,
assets/world-anvil/screenshots/Session 43 - The Fall of Fort Drelev/Session 43-41.png,assets/world-anvil/screenshots/Session 43 - The Fall of Fort Drelev/Session 43-41.webp,8348504,306648,8041856,converted,
assets/world-anvil/screenshots/Session 43 - The Fall of Fort Drelev/Session 43-42.png,assets/world-anvil/screenshots/Session 43 - The Fall of Fort Drelev/Session 43-42.webp,8482525,314406,8168119,converted,
assets/world-anvil/screenshots/Session 43 - The Fall of Fort Drelev/Session 43-43.png,assets/world-anvil/screenshots/Session 43 - The Fall of Fort Drelev/Session 43-43.webp,7866321,328042,7538279,converted,
assets/world-anvil/screenshots/Session 43 - The Fall of Fort Drelev/Session 43-44.png,assets/world-anvil/screenshots/Session 43 - The Fall of Fort Drelev/Session 43-44.webp,8625451,381010,8244441,converted,
assets/world-anvil/screenshots/Session 43 - The Fall of Fort Drelev/Session 43-45.png,assets/world-anvil/screenshots/Session 43 - The Fall of Fort Drelev/Session 43-45.webp,8239683,396348,7843335,converted,
assets/world-anvil/screenshots/Session 43 - The Fall of Fort Drelev/Session 43-46.png,assets/world-anvil/screenshots/Session 43 - The Fall of Fort Drelev/Session 43-46.webp,8252077,329270,7922807,converted,
assets/world-anvil/screenshots/Session 43 - The Fall of Fort Drelev/Session 43-47.png,assets/world-anvil/screenshots/Session 43 - The Fall of Fort Drelev/Session 43-47.webp,8335348,332890,8002458,converted,
assets/world-anvil/screenshots/Session 43 - The Fall of Fort Drelev/Session 43-48.png,assets/world-anvil/screenshots/Session 43 - The Fall of Fort Drelev/Session 43-48.webp,2220916,194810,2026106,converted,
assets/world-anvil/screenshots/Session 43 - The Fall of Fort Drelev/session-43-the-fall-of-fort-drelev-49.png,assets/world-anvil/screenshots/Session 43 - The Fall of Fort Drelev/session-43-the-fall-of-fort-drelev-49.webp,2258610,120582,2138028,converted,
assets/world-anvil/screenshots/Session 44 - Blood Oaths and Broken Chains/Session 44-01.png,assets/world-anvil/screenshots/Session 44 - Blood Oaths and Broken Chains/Session 44-01.webp,9584824,438080,9146744,converted,
assets/world-anvil/screenshots/Session 44 - Blood Oaths and Broken Chains/Session 44-02.png,assets/world-anvil/screenshots/Session 44 - Blood Oaths and Broken Chains/Session 44-02.webp,9289766,419156,8870610,converted,
assets/world-anvil/screenshots/Session 44 - Blood Oaths and Broken Chains/Session 44-03.png,assets/world-anvil/screenshots/Session 44 - Blood Oaths and Broken Chains/Session 44-03.webp,8950866,419890,8530976,converted,
assets/world-anvil/screenshots/Session 44 - Blood Oaths and Broken Chains/Session 44-04.png,assets/world-anvil/screenshots/Session 44 - Blood Oaths and Broken Chains/Session 44-04.webp,9273657,409216,8864441,converted,
assets/world-anvil/screenshots/Session 44 - Blood Oaths and Broken Chains/Session 44-05.png,assets/world-anvil/screenshots/Session 44 - Blood Oaths and Broken Chains/Session 44-05.webp,8869661,395424,8474237,converted,
assets/world-anvil/screenshots/Session 44 - Blood Oaths and Broken Chains/Session 44-06.png,assets/world-anvil/screenshots/Session 44 - Blood Oaths and Broken Chains/Session 44-06.webp,9391363,431786,8959577,converted,
assets/world-anvil/screenshots/Session 44 - Blood Oaths and Broken Chains/Session 44-07.png,assets/world-anvil/screenshots/Session 44 - Blood Oaths and Broken Chains/Session 44-07.webp,8914343,387680,8526663,converted,
assets/world-anvil/screenshots/Session 44 - Blood Oaths and Broken Chains/Session 44-08.png,assets/world-anvil/screenshots/Session 44 - Blood Oaths and Broken Chains/Session 44-08.webp,8390706,343998,8046708,converted,
assets/world-anvil/screenshots/Session 44 - Blood Oaths and Broken Chains/Session 44-09.png,assets/world-anvil/screenshots/Session 44 - Blood Oaths and Broken Chains/Session 44-09.webp,8201571,321834,7879737,converted,
assets/world-anvil/screenshots/Session 44 - Blood Oaths and Broken Chains/Session 44-10.png,assets/world-anvil/screenshots/Session 44 - Blood Oaths and Broken Chains/Session 44-10.webp,8043463,315722,7727741,converted,
assets/world-anvil/screenshots/Session 44 - Blood Oaths and Broken Chains/Session 44-11.png,assets/world-anvil/screenshots/Session 44 - Blood Oaths and Broken Chains/Session 44-11.webp,7762293,281808,7480485,converted,
assets/world-anvil/screenshots/Session 44 - Blood Oaths and Broken Chains/Session 44-12.png,assets/world-anvil/screenshots/Session 44 - Blood Oaths and Broken Chains/Session 44-12.webp,8546381,401940,8144441,converted,
assets/world-anvil/screenshots/Session 44 - Blood Oaths and Broken Chains/Session 44-13.png,assets/world-anvil/screenshots/Session 44 - Blood Oaths and Broken Chains/Session 44-13.webp,8171475,292674,7878801,converted,
assets/world-anvil/screenshots/Session 44 - Blood Oaths and Broken Chains/Session 44-14.png,assets/world-anvil/screenshots/Session 44 - Blood Oaths and Broken Chains/Session 44-14.webp,8351369,329522,8021847,converted,
assets/world-anvil/screenshots/Session 44 - Blood Oaths and Broken Chains/Session 44-15.png,assets/world-anvil/screenshots/Session 44 - Blood Oaths and Broken Chains/Session 44-15.webp,8154595,282282,7872313,converted,
assets/world-anvil/screenshots/Session 44 - Blood Oaths and Broken Chains/Session 44-16.png,assets/world-anvil/screenshots/Session 44 - Blood Oaths and Broken Chains/Session 44-16.webp,8495396,353890,8141506,converted,
assets/world-anvil/screenshots/Session 44 - Blood Oaths and Broken Chains/Session 44-17.png,assets/world-anvil/screenshots/Session 44 - Blood Oaths and Broken Chains/Session 44-17.webp,8233176,323540,7909636,converted,
assets/world-anvil/screenshots/Session 44 - Blood Oaths and Broken Chains/Session 44-18.png,assets/world-anvil/screenshots/Session 44 - Blood Oaths and Broken Chains/Session 44-18.webp,8514539,323968,8190571,converted,
assets/world-anvil/screenshots/Session 44 - Blood Oaths and Broken Chains/Session 44-19.png,assets/world-anvil/screenshots/Session 44 - Blood Oaths and Broken Chains/Session 44-19.webp,7925527,292820,7632707,converted,
assets/world-anvil/screenshots/Session 44 - Blood Oaths and Broken Chains/Session 44-20.png,assets/world-anvil/screenshots/Session 44 - Blood Oaths and Broken Chains/Session 44-20.webp,8259031,350746,7908285,converted,
assets/world-anvil/screenshots/Session 44 - Blood Oaths and Broken Chains/Session 44-21.png,assets/world-anvil/screenshots/Session 44 - Blood Oaths and Broken Chains/Session 44-21.webp,2294894,211148,2083746,converted,
assets/world-anvil/screenshots/Session 44 - Blood Oaths and Broken Chains/Session 44-22.png,assets/world-anvil/screenshots/Session 44 - Blood Oaths and Broken Chains/Session 44-22.webp,2123221,169956,1953265,converted,
assets/world-anvil/screenshots/Session 44 - Blood Oaths and Broken Chains/Session 44-23.png,assets/world-anvil/screenshots/Session 44 - Blood Oaths and Broken Chains/Session 44-23.webp,2109714,156944,1952770,converted,
assets/world-anvil/screenshots/Session 44 - Blood Oaths and Broken Chains/Session 44-24.png,assets/world-anvil/screenshots/Session 44 - Blood Oaths and Broken Chains/Session 44-24.webp,2183495,183212,2000283,converted,
assets/world-anvil/screenshots/Session 44 - Blood Oaths and Broken Chains/Session 44-25.png,assets/world-anvil/screenshots/Session 44 - Blood Oaths and Broken Chains/Session 44-25.webp,2257419,217324,2040095,converted,
assets/world-anvil/screenshots/Session 44 - Blood Oaths and Broken Chains/Session 44-26.png,assets/world-anvil/screenshots/Session 44 - Blood Oaths and Broken Chains/Session 44-26.webp,2192605,170190,2022415,converted,
assets/world-anvil/screenshots/Session 44 - Blood Oaths and Broken Chains/Session 44-27.png,assets/world-anvil/screenshots/Session 44 - Blood Oaths and Broken Chains/Session 44-27.webp,2142964,161340,1981624,converted,
assets/world-anvil/screenshots/Session 44 - Blood Oaths and Broken Chains/Session 44-29.png,assets/world-anvil/screenshots/Session 44 - Blood Oaths and Broken Chains/Session 44-29.webp,2150502,164628,1985874,converted,
assets/world-anvil/screenshots/Session 44 - Blood Oaths and Broken Chains/Session 44-30.png,assets/world-anvil/screenshots/Session 44 - Blood Oaths and Broken Chains/Session 44-30.webp,3188078,272548,2915530,converted,
assets/world-anvil/screenshots/Session 44 - Blood Oaths and Broken Chains/session-44-blood-oaths-and-broken-chains-31.png,assets/world-anvil/screenshots/Session 44 - Blood Oaths and Broken Chains/session-44-blood-oaths-and-broken-chains-31.webp,3041174,241840,2799334,converted,
assets/world-anvil/screenshots/Session 45 - Armag S Tomb Raiders/Session 45-01.png,assets/world-anvil/screenshots/Session 45 - Armag S Tomb Raiders/Session 45-01.webp,2208924,177268,2031656,converted,
assets/world-anvil/screenshots/Session 45 - Armag S Tomb Raiders/Session 45-02.png,assets/world-anvil/screenshots/Session 45 - Armag S Tomb Raiders/Session 45-02.webp,2281400,201802,2079598,converted,
assets/world-anvil/screenshots/Session 45 - Armag S Tomb Raiders/Session 45-03.png,assets/world-anvil/screenshots/Session 45 - Armag S Tomb Raiders/Session 45-03.webp,2180616,185628,1994988,converted,
assets/world-anvil/screenshots/Session 45 - Armag S Tomb Raiders/Session 45-04.png,assets/world-anvil/screenshots/Session 45 - Armag S Tomb Raiders/Session 45-04.webp,2063338,125364,1937974,converted,
assets/world-anvil/screenshots/Session 45 - Armag S Tomb Raiders/Session 45-06.png,assets/world-anvil/screenshots/Session 45 - Armag S Tomb Raiders/Session 45-06.webp,2151223,166110,1985113,converted,
assets/world-anvil/screenshots/Session 45 - Armag S Tomb Raiders/Session 45-07.png,assets/world-anvil/screenshots/Session 45 - Armag S Tomb Raiders/Session 45-07.webp,2348383,228080,2120303,converted,
assets/world-anvil/screenshots/Session 45 - Armag S Tomb Raiders/Session 45-08.png,assets/world-anvil/screenshots/Session 45 - Armag S Tomb Raiders/Session 45-08.webp,3960477,258924,3701553,converted,
assets/world-anvil/screenshots/Session 45 - Armag S Tomb Raiders/Session 45-09.png,assets/world-anvil/screenshots/Session 45 - Armag S Tomb Raiders/Session 45-09.webp,2236793,195746,2041047,converted,
assets/world-anvil/screenshots/Session 45 - Armag S Tomb Raiders/Session 45-10.png,assets/world-anvil/screenshots/Session 45 - Armag S Tomb Raiders/Session 45-10.webp,2347673,225692,2121981,converted,
assets/world-anvil/screenshots/Session 45 - Armag S Tomb Raiders/Session 45-13.png,assets/world-anvil/screenshots/Session 45 - Armag S Tomb Raiders/Session 45-13.webp,2070098,148932,1921166,converted,
assets/world-anvil/screenshots/Session 45 - Armag S Tomb Raiders/Session 45-14.png,assets/world-anvil/screenshots/Session 45 - Armag S Tomb Raiders/Session 45-14.webp,2097101,149854,1947247,converted,
assets/world-anvil/screenshots/Session 45 - Armag S Tomb Raiders/Session 45-15.png,assets/world-anvil/screenshots/Session 45 - Armag S Tomb Raiders/Session 45-15.webp,7949118,302234,7646884,converted,
assets/world-anvil/screenshots/Session 45 - Armag S Tomb Raiders/Session 45-16.png,assets/world-anvil/screenshots/Session 45 - Armag S Tomb Raiders/Session 45-16.webp,7801301,273668,7527633,converted,
assets/world-anvil/screenshots/Session 45 - Armag S Tomb Raiders/Session 45-17.png,assets/world-anvil/screenshots/Session 45 - Armag S Tomb Raiders/Session 45-17.webp,7682126,254352,7427774,converted,
assets/world-anvil/screenshots/Session 45 - Armag S Tomb Raiders/Session 45-18.png,assets/world-anvil/screenshots/Session 45 - Armag S Tomb Raiders/Session 45-18.webp,7250806,222972,7027834,converted,
assets/world-anvil/screenshots/Session 45 - Armag S Tomb Raiders/Session 45-19.png,assets/world-anvil/screenshots/Session 45 - Armag S Tomb Raiders/Session 45-19.webp,7817524,284660,7532864,converted,
assets/world-anvil/screenshots/Session 45 - Armag S Tomb Raiders/Session 45-20.png,assets/world-anvil/screenshots/Session 45 - Armag S Tomb Raiders/Session 45-20.webp,7330712,248744,7081968,converted,
assets/world-anvil/screenshots/Session 45 - Armag S Tomb Raiders/Session 45-21.png,assets/world-anvil/screenshots/Session 45 - Armag S Tomb Raiders/Session 45-21.webp,7992270,242890,7749380,converted,
assets/world-anvil/screenshots/Session 45 - Armag S Tomb Raiders/Session 45-22.png,assets/world-anvil/screenshots/Session 45 - Armag S Tomb Raiders/Session 45-22.webp,8185659,288276,7897383,converted,
assets/world-anvil/screenshots/Session 45 - Armag S Tomb Raiders/Session 45-23.png,assets/world-anvil/screenshots/Session 45 - Armag S Tomb Raiders/Session 45-23.webp,7985975,271942,7714033,converted,
assets/world-anvil/screenshots/Session 45 - Armag S Tomb Raiders/Session 45-24.png,assets/world-anvil/screenshots/Session 45 - Armag S Tomb Raiders/Session 45-24.webp,8111876,301104,7810772,converted,
assets/world-anvil/screenshots/Session 45 - Armag S Tomb Raiders/Session 45-25.png,assets/world-anvil/screenshots/Session 45 - Armag S Tomb Raiders/Session 45-25.webp,8765093,312636,8452457,converted,
assets/world-anvil/screenshots/Session 45 - Armag S Tomb Raiders/Session 45-26.png,assets/world-anvil/screenshots/Session 45 - Armag S Tomb Raiders/Session 45-26.webp,8636920,360604,8276316,converted,
assets/world-anvil/screenshots/Session 45 - Armag S Tomb Raiders/Session 45-27.png,assets/world-anvil/screenshots/Session 45 - Armag S Tomb Raiders/Session 45-27.webp,8969630,336434,8633196,converted,
assets/world-anvil/screenshots/Session 45 - Armag S Tomb Raiders/Session 45-28.png,assets/world-anvil/screenshots/Session 45 - Armag S Tomb Raiders/Session 45-28.webp,9869683,434470,9435213,converted,
assets/world-anvil/screenshots/Session 45 - Armag S Tomb Raiders/Session 45-29.png,assets/world-anvil/screenshots/Session 45 - Armag S Tomb Raiders/Session 45-29.webp,7170894,242556,6928338,converted,
assets/world-anvil/screenshots/Session 45 - Armag S Tomb Raiders/Session 45-30.png,assets/world-anvil/screenshots/Session 45 - Armag S Tomb Raiders/Session 45-30.webp,7303177,255542,7047635,converted,
assets/world-anvil/screenshots/Session 45 - Armag S Tomb Raiders/Session 45-31.png,assets/world-anvil/screenshots/Session 45 - Armag S Tomb Raiders/Session 45-31.webp,6973114,231804,6741310,converted,
assets/world-anvil/screenshots/Session 45 - Armag S Tomb Raiders/Session 45-32.png,assets/world-anvil/screenshots/Session 45 - Armag S Tomb Raiders/Session 45-32.webp,8737419,329158,8408261,converted,
assets/world-anvil/screenshots/Session 45 - Armag S Tomb Raiders/Session 45-33.png,assets/world-anvil/screenshots/Session 45 - Armag S Tomb Raiders/Session 45-33.webp,7281802,254512,7027290,converted,
assets/world-anvil/screenshots/Session 45 - Armag S Tomb Raiders/Session 45-34.png,assets/world-anvil/screenshots/Session 45 - Armag S Tomb Raiders/Session 45-34.webp,6297207,108418,6188789,converted,
assets/world-anvil/screenshots/Session 45 - Armag S Tomb Raiders/Session 45-35.png,assets/world-anvil/screenshots/Session 45 - Armag S Tomb Raiders/Session 45-35.webp,8177935,288432,7889503,converted,
assets/world-anvil/screenshots/Session 45 - Armag S Tomb Raiders/Session 45-36.png,assets/world-anvil/screenshots/Session 45 - Armag S Tomb Raiders/Session 45-36.webp,8973800,341362,8632438,converted,
assets/world-anvil/screenshots/Session 45 - Armag S Tomb Raiders/Session 45-37.png,assets/world-anvil/screenshots/Session 45 - Armag S Tomb Raiders/Session 45-37.webp,7797427,292606,7504821,converted,
assets/world-anvil/screenshots/Session 45 - Armag S Tomb Raiders/Session 45-38.png,assets/world-anvil/screenshots/Session 45 - Armag S Tomb Raiders/Session 45-38.webp,7875165,301334,7573831,converted,
assets/world-anvil/screenshots/Session 45 - Armag S Tomb Raiders/Session 45-39.png,assets/world-anvil/screenshots/Session 45 - Armag S Tomb Raiders/Session 45-39.webp,7474366,236492,7237874,converted,
assets/world-anvil/screenshots/Session 45 - Armag S Tomb Raiders/Session 45-40.png,assets/world-anvil/screenshots/Session 45 - Armag S Tomb Raiders/Session 45-40.webp,8067236,334952,7732284,converted,
assets/world-anvil/screenshots/Session 45 - Armag S Tomb Raiders/Session 45-41.png,assets/world-anvil/screenshots/Session 45 - Armag S Tomb Raiders/Session 45-41.webp,7797586,328216,7469370,converted,
assets/world-anvil/screenshots/Session 45 - Armag S Tomb Raiders/Session 45-42.png,assets/world-anvil/screenshots/Session 45 - Armag S Tomb Raiders/Session 45-42.webp,7865446,341490,7523956,converted,
assets/world-anvil/screenshots/Session 45 - Armag S Tomb Raiders/Session 45-43.png,assets/world-anvil/screenshots/Session 45 - Armag S Tomb Raiders/Session 45-43.webp,8201300,323088,7878212,converted,
assets/world-anvil/screenshots/Session 45 - Armag S Tomb Raiders/Session 45-44.png,assets/world-anvil/screenshots/Session 45 - Armag S Tomb Raiders/Session 45-44.webp,7785210,362390,7422820,converted,
assets/world-anvil/screenshots/Session 45 - Armag S Tomb Raiders/Session 45-45.png,assets/world-anvil/screenshots/Session 45 - Armag S Tomb Raiders/Session 45-45.webp,7992401,311982,7680419,converted,
assets/world-anvil/screenshots/Session 45 - Armag S Tomb Raiders/Session 45-46.png,assets/world-anvil/screenshots/Session 45 - Armag S Tomb Raiders/Session 45-46.webp,7253012,221494,7031518,converted,
assets/world-anvil/screenshots/Session 45 - Armag S Tomb Raiders/Session 45-47.png,assets/world-anvil/screenshots/Session 45 - Armag S Tomb Raiders/Session 45-47.webp,8387368,357606,8029762,converted,
assets/world-anvil/screenshots/Session 45 - Armag S Tomb Raiders/Session 45-48.png,assets/world-anvil/screenshots/Session 45 - Armag S Tomb Raiders/Session 45-48.webp,8657006,359388,8297618,converted,
assets/world-anvil/screenshots/Session 45 - Armag S Tomb Raiders/Session 45-49.png,assets/world-anvil/screenshots/Session 45 - Armag S Tomb Raiders/Session 45-49.webp,8686049,354172,8331877,converted,
assets/world-anvil/screenshots/Session 45 - Armag S Tomb Raiders/Session 45-50.png,assets/world-anvil/screenshots/Session 45 - Armag S Tomb Raiders/Session 45-50.webp,7883909,330312,7553597,converted,
assets/world-anvil/screenshots/Session 45 - Armag S Tomb Raiders/Session 45-51.png,assets/world-anvil/screenshots/Session 45 - Armag S Tomb Raiders/Session 45-51.webp,8416747,355080,8061667,converted,
assets/world-anvil/screenshots/Session 45 - Armag S Tomb Raiders/Session 45-52.png,assets/world-anvil/screenshots/Session 45 - Armag S Tomb Raiders/Session 45-52.webp,8337829,348322,7989507,converted,
assets/world-anvil/screenshots/Session 45 - Armag S Tomb Raiders/Session 45-53.png,assets/world-anvil/screenshots/Session 45 - Armag S Tomb Raiders/Session 45-53.webp,8288144,342386,7945758,converted,
assets/world-anvil/screenshots/Session 45 - Armag S Tomb Raiders/Session 45-54.png,assets/world-anvil/screenshots/Session 45 - Armag S Tomb Raiders/Session 45-54.webp,2453838,263940,2189898,converted,
assets/world-anvil/screenshots/Session 45 - Armag S Tomb Raiders/Session 45-55.png,assets/world-anvil/screenshots/Session 45 - Armag S Tomb Raiders/Session 45-55.webp,2304130,221962,2082168,converted,
assets/world-anvil/screenshots/Session 45 - Armag S Tomb Raiders/Session 45-56.png,assets/world-anvil/screenshots/Session 45 - Armag S Tomb Raiders/Session 45-56.webp,2627939,181044,2446895,converted,
assets/world-anvil/screenshots/Session 45 - Armag S Tomb Raiders/session-45-armag-s-tomb-raiders-57.png,assets/world-anvil/screenshots/Session 45 - Armag S Tomb Raiders/session-45-armag-s-tomb-raiders-57.webp,2560113,167000,2393113,converted,
assets/world-anvil/screenshots/Session 46 - The Cleansing Lie/Session 46-01.png,assets/world-anvil/screenshots/Session 46 - The Cleansing Lie/Session 46-01.webp,8489064,356450,8132614,converted,
assets/world-anvil/screenshots/Session 46 - The Cleansing Lie/Session 46-02.png,assets/world-anvil/screenshots/Session 46 - The Cleansing Lie/Session 46-02.webp,8768062,378024,8390038,converted,
assets/world-anvil/screenshots/Session 46 - The Cleansing Lie/Session 46-03.png,assets/world-anvil/screenshots/Session 46 - The Cleansing Lie/Session 46-03.webp,8932380,347186,8585194,converted,
assets/world-anvil/screenshots/Session 46 - The Cleansing Lie/Session 46-04.png,assets/world-anvil/screenshots/Session 46 - The Cleansing Lie/Session 46-04.webp,8772828,384068,8388760,converted,
assets/world-anvil/screenshots/Session 46 - The Cleansing Lie/Session 46-05.png,assets/world-anvil/screenshots/Session 46 - The Cleansing Lie/Session 46-05.webp,7880832,367264,7513568,converted,
assets/world-anvil/screenshots/Session 46 - The Cleansing Lie/Session 46-06.png,assets/world-anvil/screenshots/Session 46 - The Cleansing Lie/Session 46-06.webp,7689518,354436,7335082,converted,
assets/world-anvil/screenshots/Session 46 - The Cleansing Lie/Session 46-07.png,assets/world-anvil/screenshots/Session 46 - The Cleansing Lie/Session 46-07.webp,7872869,359314,7513555,converted,
assets/world-anvil/screenshots/Session 46 - The Cleansing Lie/Session 46-08.png,assets/world-anvil/screenshots/Session 46 - The Cleansing Lie/Session 46-08.webp,8166598,411604,7754994,converted,
assets/world-anvil/screenshots/Session 46 - The Cleansing Lie/Session 46-09.png,assets/world-anvil/screenshots/Session 46 - The Cleansing Lie/Session 46-09.webp,7973869,379204,7594665,converted,
assets/world-anvil/screenshots/Session 46 - The Cleansing Lie/Session 46-10.png,assets/world-anvil/screenshots/Session 46 - The Cleansing Lie/Session 46-10.webp,7523056,376752,7146304,converted,
assets/world-anvil/screenshots/Session 46 - The Cleansing Lie/Session 46-11.png,assets/world-anvil/screenshots/Session 46 - The Cleansing Lie/Session 46-11.webp,7646701,369292,7277409,converted,
assets/world-anvil/screenshots/Session 46 - The Cleansing Lie/Session 46-12.png,assets/world-anvil/screenshots/Session 46 - The Cleansing Lie/Session 46-12.webp,7940579,324518,7616061,converted,
assets/world-anvil/screenshots/Session 46 - The Cleansing Lie/Session 46-13.png,assets/world-anvil/screenshots/Session 46 - The Cleansing Lie/Session 46-13.webp,8464788,374428,8090360,converted,
assets/world-anvil/screenshots/Session 46 - The Cleansing Lie/Session 46-14.png,assets/world-anvil/screenshots/Session 46 - The Cleansing Lie/Session 46-14.webp,7825561,310014,7515547,converted,
assets/world-anvil/screenshots/Session 46 - The Cleansing Lie/Session 46-15.png,assets/world-anvil/screenshots/Session 46 - The Cleansing Lie/Session 46-15.webp,7261271,223666,7037605,converted,
assets/world-anvil/screenshots/Session 46 - The Cleansing Lie/Session 46-16.png,assets/world-anvil/screenshots/Session 46 - The Cleansing Lie/Session 46-16.webp,7406834,240288,7166546,converted,
assets/world-anvil/screenshots/Session 46 - The Cleansing Lie/Session 46-17.png,assets/world-anvil/screenshots/Session 46 - The Cleansing Lie/Session 46-17.webp,7866694,313616,7553078,converted,
assets/world-anvil/screenshots/Session 46 - The Cleansing Lie/Session 46-18.png,assets/world-anvil/screenshots/Session 46 - The Cleansing Lie/Session 46-18.webp,7750042,306958,7443084,converted,
assets/world-anvil/screenshots/Session 46 - The Cleansing Lie/Session 46-19.png,assets/world-anvil/screenshots/Session 46 - The Cleansing Lie/Session 46-19.webp,5357371,118250,5239121,converted,
assets/world-anvil/screenshots/Session 46 - The Cleansing Lie/Session 46-20.png,assets/world-anvil/screenshots/Session 46 - The Cleansing Lie/Session 46-20.webp,8334798,367514,7967284,converted,
assets/world-anvil/screenshots/Session 46 - The Cleansing Lie/Session 46-21.png,assets/world-anvil/screenshots/Session 46 - The Cleansing Lie/Session 46-21.webp,8595431,332830,8262601,converted,
assets/world-anvil/screenshots/Session 46 - The Cleansing Lie/Session 46-22.png,assets/world-anvil/screenshots/Session 46 - The Cleansing Lie/Session 46-22.webp,8483666,361440,8122226,converted,
assets/world-anvil/screenshots/Session 46 - The Cleansing Lie/Session 46-23.png,assets/world-anvil/screenshots/Session 46 - The Cleansing Lie/Session 46-23.webp,7783697,290550,7493147,converted,
assets/world-anvil/screenshots/Session 46 - The Cleansing Lie/Session 46-24.png,assets/world-anvil/screenshots/Session 46 - The Cleansing Lie/Session 46-24.webp,8228935,327760,7901175,converted,
assets/world-anvil/screenshots/Session 46 - The Cleansing Lie/Session 46-25.png,assets/world-anvil/screenshots/Session 46 - The Cleansing Lie/Session 46-25.webp,8475375,326174,8149201,converted,
assets/world-anvil/screenshots/Session 46 - The Cleansing Lie/Session 46-26.png,assets/world-anvil/screenshots/Session 46 - The Cleansing Lie/Session 46-26.webp,2320277,221386,2098891,converted,
assets/world-anvil/screenshots/Session 46 - The Cleansing Lie/Session 46-27.png,assets/world-anvil/screenshots/Session 46 - The Cleansing Lie/Session 46-27.webp,2326472,235260,2091212,converted,
assets/world-anvil/screenshots/Session 46 - The Cleansing Lie/Session 46-28.png,assets/world-anvil/screenshots/Session 46 - The Cleansing Lie/Session 46-28.webp,2230709,192552,2038157,converted,
assets/world-anvil/screenshots/Session 46 - The Cleansing Lie/Session 46-29.png,assets/world-anvil/screenshots/Session 46 - The Cleansing Lie/Session 46-29.webp,2158898,162994,1995904,converted,
assets/world-anvil/screenshots/Session 46 - The Cleansing Lie/Session 46-30.png,assets/world-anvil/screenshots/Session 46 - The Cleansing Lie/Session 46-30.webp,2401794,252638,2149156,converted,
assets/world-anvil/screenshots/Session 46 - The Cleansing Lie/Session 46-31.png,assets/world-anvil/screenshots/Session 46 - The Cleansing Lie/Session 46-31.webp,2891815,208904,2682911,converted,
assets/world-anvil/screenshots/Session 46 - The Cleansing Lie/session-46-the-cleansing-lie-32.png,assets/world-anvil/screenshots/Session 46 - The Cleansing Lie/session-46-the-cleansing-lie-32.webp,2955093,224764,2730329,converted,
assets/world-anvil/screenshots/Session 47 - Faithful S End and Expansion/Session 47-01.png,assets/world-anvil/screenshots/Session 47 - Faithful S End and Expansion/Session 47-01.webp,2171293,178302,1992991,converted,
assets/world-anvil/screenshots/Session 47 - Faithful S End and Expansion/Session 47-02.png,assets/world-anvil/screenshots/Session 47 - Faithful S End and Expansion/Session 47-02.webp,2248540,198812,2049728,converted,
assets/world-anvil/screenshots/Session 47 - Faithful S End and Expansion/Session 47-03.png,assets/world-anvil/screenshots/Session 47 - Faithful S End and Expansion/Session 47-03.webp,2202058,184832,2017226,converted,
assets/world-anvil/screenshots/Session 47 - Faithful S End and Expansion/Session 47-04.png,assets/world-anvil/screenshots/Session 47 - Faithful S End and Expansion/Session 47-04.webp,2671791,161102,2510689,converted,
assets/world-anvil/screenshots/Session 47 - Faithful S End and Expansion/Session 47-05.png,assets/world-anvil/screenshots/Session 47 - Faithful S End and Expansion/Session 47-05.webp,2084602,149128,1935474,converted,
assets/world-anvil/screenshots/Session 47 - Faithful S End and Expansion/Session 47-06.png,assets/world-anvil/screenshots/Session 47 - Faithful S End and Expansion/Session 47-06.webp,2147931,163172,1984759,converted,
assets/world-anvil/screenshots/Session 47 - Faithful S End and Expansion/Session 47-07.png,assets/world-anvil/screenshots/Session 47 - Faithful S End and Expansion/Session 47-07.webp,8201419,262726,7938693,converted,
assets/world-anvil/screenshots/Session 47 - Faithful S End and Expansion/Session 47-08.png,assets/world-anvil/screenshots/Session 47 - Faithful S End and Expansion/Session 47-08.webp,8001397,315132,7686265,converted,
assets/world-anvil/screenshots/Session 47 - Faithful S End and Expansion/Session 47-09.png,assets/world-anvil/screenshots/Session 47 - Faithful S End and Expansion/Session 47-09.webp,6862853,278536,6584317,converted,
assets/world-anvil/screenshots/Session 47 - Faithful S End and Expansion/Session 47-10.png,assets/world-anvil/screenshots/Session 47 - Faithful S End and Expansion/Session 47-10.webp,7734634,302564,7432070,converted,
assets/world-anvil/screenshots/Session 47 - Faithful S End and Expansion/Session 47-11.png,assets/world-anvil/screenshots/Session 47 - Faithful S End and Expansion/Session 47-11.webp,7480823,334232,7146591,converted,
assets/world-anvil/screenshots/Session 47 - Faithful S End and Expansion/Session 47-12.png,assets/world-anvil/screenshots/Session 47 - Faithful S End and Expansion/Session 47-12.webp,7581880,225780,7356100,converted,
assets/world-anvil/screenshots/Session 47 - Faithful S End and Expansion/Session 47-13.png,assets/world-anvil/screenshots/Session 47 - Faithful S End and Expansion/Session 47-13.webp,7883328,311980,7571348,converted,
assets/world-anvil/screenshots/Session 47 - Faithful S End and Expansion/Session 47-14.png,assets/world-anvil/screenshots/Session 47 - Faithful S End and Expansion/Session 47-14.webp,7910314,247188,7663126,converted,
assets/world-anvil/screenshots/Session 47 - Faithful S End and Expansion/Session 47-15.png,assets/world-anvil/screenshots/Session 47 - Faithful S End and Expansion/Session 47-15.webp,6950895,223736,6727159,converted,
assets/world-anvil/screenshots/Session 47 - Faithful S End and Expansion/Session 47-16.png,assets/world-anvil/screenshots/Session 47 - Faithful S End and Expansion/Session 47-16.webp,7638539,304688,7333851,converted,
assets/world-anvil/screenshots/Session 47 - Faithful S End and Expansion/Session 47-17.png,assets/world-anvil/screenshots/Session 47 - Faithful S End and Expansion/Session 47-17.webp,8263623,332432,7931191,converted,
assets/world-anvil/screenshots/Session 47 - Faithful S End and Expansion/Session 47-18.png,assets/world-anvil/screenshots/Session 47 - Faithful S End and Expansion/Session 47-18.webp,7754043,290792,7463251,converted,
assets/world-anvil/screenshots/Session 47 - Faithful S End and Expansion/Session 47-19.png,assets/world-anvil/screenshots/Session 47 - Faithful S End and Expansion/Session 47-19.webp,8145536,337922,7807614,converted,
assets/world-anvil/screenshots/Session 47 - Faithful S End and Expansion/Session 47-20.png,assets/world-anvil/screenshots/Session 47 - Faithful S End and Expansion/Session 47-20.webp,8012973,328374,7684599,converted,
assets/world-anvil/screenshots/Session 47 - Faithful S End and Expansion/Session 47-21.png,assets/world-anvil/screenshots/Session 47 - Faithful S End and Expansion/Session 47-21.webp,7939712,296036,7643676,converted,
assets/world-anvil/screenshots/Session 47 - Faithful S End and Expansion/Session 47-22.png,assets/world-anvil/screenshots/Session 47 - Faithful S End and Expansion/Session 47-22.webp,8476517,361444,8115073,converted,
assets/world-anvil/screenshots/Session 47 - Faithful S End and Expansion/Session 47-23.png,assets/world-anvil/screenshots/Session 47 - Faithful S End and Expansion/Session 47-23.webp,8745809,389558,8356251,converted,
assets/world-anvil/screenshots/Session 47 - Faithful S End and Expansion/Session 47-24.png,assets/world-anvil/screenshots/Session 47 - Faithful S End and Expansion/Session 47-24.webp,8111314,310422,7800892,converted,
assets/world-anvil/screenshots/Session 47 - Faithful S End and Expansion/Session 47-25.png,assets/world-anvil/screenshots/Session 47 - Faithful S End and Expansion/Session 47-25.webp,9661631,498540,9163091,converted,
assets/world-anvil/screenshots/Session 47 - Faithful S End and Expansion/Session 47-26.png,assets/world-anvil/screenshots/Session 47 - Faithful S End and Expansion/Session 47-26.webp,2091446,147402,1944044,converted,
assets/world-anvil/screenshots/Session 47 - Faithful S End and Expansion/session-47-faithful-s-end-and-expansion-27.png,assets/world-anvil/screenshots/Session 47 - Faithful S End and Expansion/session-47-faithful-s-end-and-expansion-27.webp,2759396,179998,2579398,converted,
assets/world-anvil/screenshots/Session 48 - Finishing the Job for Hannis/Session 48-01.png,assets/world-anvil/screenshots/Session 48 - Finishing the Job for Hannis/Session 48-01.webp,2127683,149092,1978591,converted,
assets/world-anvil/screenshots/Session 48 - Finishing the Job for Hannis/Session 48-02.png,assets/world-anvil/screenshots/Session 48 - Finishing the Job for Hannis/Session 48-02.webp,8472820,326230,8146590,converted,
assets/world-anvil/screenshots/Session 48 - Finishing the Job for Hannis/Session 48-03.png,assets/world-anvil/screenshots/Session 48 - Finishing the Job for Hannis/Session 48-03.webp,7777697,274064,7503633,converted,
assets/world-anvil/screenshots/Session 48 - Finishing the Job for Hannis/Session 48-04.png,assets/world-anvil/screenshots/Session 48 - Finishing the Job for Hannis/Session 48-04.webp,8984799,399952,8584847,converted,
assets/world-anvil/screenshots/Session 48 - Finishing the Job for Hannis/Session 48-05.png,assets/world-anvil/screenshots/Session 48 - Finishing the Job for Hannis/Session 48-05.webp,7400154,193912,7206242,converted,
assets/world-anvil/screenshots/Session 48 - Finishing the Job for Hannis/Session 48-06.png,assets/world-anvil/screenshots/Session 48 - Finishing the Job for Hannis/Session 48-06.webp,7570589,222402,7348187,converted,
assets/world-anvil/screenshots/Session 48 - Finishing the Job for Hannis/Session 48-07.png,assets/world-anvil/screenshots/Session 48 - Finishing the Job for Hannis/Session 48-07.webp,8804982,339752,8465230,converted,
assets/world-anvil/screenshots/Session 48 - Finishing the Job for Hannis/Session 48-08.png,assets/world-anvil/screenshots/Session 48 - Finishing the Job for Hannis/Session 48-08.webp,5730351,157070,5573281,converted,
assets/world-anvil/screenshots/Session 48 - Finishing the Job for Hannis/Session 48-09.png,assets/world-anvil/screenshots/Session 48 - Finishing the Job for Hannis/Session 48-09.webp,6726715,182246,6544469,converted,
assets/world-anvil/screenshots/Session 48 - Finishing the Job for Hannis/Session 48-10.png,assets/world-anvil/screenshots/Session 48 - Finishing the Job for Hannis/Session 48-10.webp,7265369,208630,7056739,converted,
assets/world-anvil/screenshots/Session 48 - Finishing the Job for Hannis/Session 48-11.png,assets/world-anvil/screenshots/Session 48 - Finishing the Job for Hannis/Session 48-11.webp,7361202,224594,7136608,converted,
assets/world-anvil/screenshots/Session 48 - Finishing the Job for Hannis/Session 48-12.png,assets/world-anvil/screenshots/Session 48 - Finishing the Job for Hannis/Session 48-12.webp,7569781,264126,7305655,converted,
assets/world-anvil/screenshots/Session 48 - Finishing the Job for Hannis/Session 48-13.png,assets/world-anvil/screenshots/Session 48 - Finishing the Job for Hannis/Session 48-13.webp,7561288,281464,7279824,converted,
assets/world-anvil/screenshots/Session 48 - Finishing the Job for Hannis/Session 48-14.png,assets/world-anvil/screenshots/Session 48 - Finishing the Job for Hannis/Session 48-14.webp,7750417,257376,7493041,converted,
assets/world-anvil/screenshots/Session 48 - Finishing the Job for Hannis/Session 48-15.png,assets/world-anvil/screenshots/Session 48 - Finishing the Job for Hannis/Session 48-15.webp,7768112,308638,7459474,converted,
assets/world-anvil/screenshots/Session 48 - Finishing the Job for Hannis/Session 48-16.png,assets/world-anvil/screenshots/Session 48 - Finishing the Job for Hannis/Session 48-16.webp,7682397,266288,7416109,converted,
assets/world-anvil/screenshots/Session 48 - Finishing the Job for Hannis/Session 48-17.png,assets/world-anvil/screenshots/Session 48 - Finishing the Job for Hannis/Session 48-17.webp,7721623,267774,7453849,converted,
assets/world-anvil/screenshots/Session 48 - Finishing the Job for Hannis/Session 48-18.png,assets/world-anvil/screenshots/Session 48 - Finishing the Job for Hannis/Session 48-18.webp,7971925,257814,7714111,converted,
assets/world-anvil/screenshots/Session 48 - Finishing the Job for Hannis/Session 48-19.png,assets/world-anvil/screenshots/Session 48 - Finishing the Job for Hannis/Session 48-19.webp,7828278,250136,7578142,converted,
assets/world-anvil/screenshots/Session 48 - Finishing the Job for Hannis/Session 48-20.png,assets/world-anvil/screenshots/Session 48 - Finishing the Job for Hannis/Session 48-20.webp,7238143,244146,6993997,converted,
assets/world-anvil/screenshots/Session 48 - Finishing the Job for Hannis/Session 48-21.png,assets/world-anvil/screenshots/Session 48 - Finishing the Job for Hannis/Session 48-21.webp,7328159,242812,7085347,converted,
assets/world-anvil/screenshots/Session 48 - Finishing the Job for Hannis/Session 48-22.png,assets/world-anvil/screenshots/Session 48 - Finishing the Job for Hannis/Session 48-22.webp,8130855,280782,7850073,converted,
assets/world-anvil/screenshots/Session 48 - Finishing the Job for Hannis/Session 48-23.png,assets/world-anvil/screenshots/Session 48 - Finishing the Job for Hannis/Session 48-23.webp,8537555,322140,8215415,converted,
assets/world-anvil/screenshots/Session 48 - Finishing the Job for Hannis/Session 48-24.png,assets/world-anvil/screenshots/Session 48 - Finishing the Job for Hannis/Session 48-24.webp,8140608,285786,7854822,converted,
assets/world-anvil/screenshots/Session 48 - Finishing the Job for Hannis/Session 48-25.png,assets/world-anvil/screenshots/Session 48 - Finishing the Job for Hannis/Session 48-25.webp,6989832,208318,6781514,converted,
assets/world-anvil/screenshots/Session 48 - Finishing the Job for Hannis/Session 48-26.png,assets/world-anvil/screenshots/Session 48 - Finishing the Job for Hannis/Session 48-26.webp,8233561,307520,7926041,converted,
assets/world-anvil/screenshots/Session 48 - Finishing the Job for Hannis/Session 48-27.png,assets/world-anvil/screenshots/Session 48 - Finishing the Job for Hannis/Session 48-27.webp,9046587,405518,8641069,converted,
assets/world-anvil/screenshots/Session 48 - Finishing the Job for Hannis/Session 48-28.png,assets/world-anvil/screenshots/Session 48 - Finishing the Job for Hannis/Session 48-28.webp,8283193,308252,7974941,converted,
assets/world-anvil/screenshots/Session 48 - Finishing the Job for Hannis/Session 48-29.png,assets/world-anvil/screenshots/Session 48 - Finishing the Job for Hannis/Session 48-29.webp,6744496,185076,6559420,converted,
assets/world-anvil/screenshots/Session 48 - Finishing the Job for Hannis/Session 48-30.png,assets/world-anvil/screenshots/Session 48 - Finishing the Job for Hannis/Session 48-30.webp,7674029,246554,7427475,converted,
assets/world-anvil/screenshots/Session 48 - Finishing the Job for Hannis/Session 48-31.png,assets/world-anvil/screenshots/Session 48 - Finishing the Job for Hannis/Session 48-31.webp,8688048,345138,8342910,converted,
assets/world-anvil/screenshots/Session 48 - Finishing the Job for Hannis/Session 48-32.png,assets/world-anvil/screenshots/Session 48 - Finishing the Job for Hannis/Session 48-32.webp,6547736,213852,6333884,converted,
assets/world-anvil/screenshots/Session 48 - Finishing the Job for Hannis/Session 48-33.png,assets/world-anvil/screenshots/Session 48 - Finishing the Job for Hannis/Session 48-33.webp,8576765,340606,8236159,converted,
assets/world-anvil/screenshots/Session 48 - Finishing the Job for Hannis/Session 48-34.png,assets/world-anvil/screenshots/Session 48 - Finishing the Job for Hannis/Session 48-34.webp,7867548,269540,7598008,converted,
assets/world-anvil/screenshots/Session 48 - Finishing the Job for Hannis/Session 48-35.png,assets/world-anvil/screenshots/Session 48 - Finishing the Job for Hannis/Session 48-35.webp,8564578,364530,8200048,converted,
assets/world-anvil/screenshots/Session 48 - Finishing the Job for Hannis/Session 48-36.png,assets/world-anvil/screenshots/Session 48 - Finishing the Job for Hannis/Session 48-36.webp,8234377,314782,7919595,converted,
assets/world-anvil/screenshots/Session 48 - Finishing the Job for Hannis/Session 48-37.jpg,assets/world-anvil/screenshots/Session 48 - Finishing the Job for Hannis/Session 48-37.webp,1217232,155618,1061614,converted,
assets/world-anvil/screenshots/Session 48 - Finishing the Job for Hannis/Session 48-38.png,assets/world-anvil/screenshots/Session 48 - Finishing the Job for Hannis/Session 48-38.webp,2199905,188888,2011017,converted,
assets/world-anvil/screenshots/Session 48 - Finishing the Job for Hannis/Session 48-39.png,assets/world-anvil/screenshots/Session 48 - Finishing the Job for Hannis/Session 48-39.webp,2290487,203752,2086735,converted,
assets/world-anvil/screenshots/Session 48 - Finishing the Job for Hannis/Session 48-40.png,assets/world-anvil/screenshots/Session 48 - Finishing the Job for Hannis/Session 48-40.webp,2139275,166550,1972725,converted,
assets/world-anvil/screenshots/Session 48 - Finishing the Job for Hannis/Session 48-41.png,assets/world-anvil/screenshots/Session 48 - Finishing the Job for Hannis/Session 48-41.webp,2056903,146066,1910837,converted,
assets/world-anvil/screenshots/Session 48 - Finishing the Job for Hannis/Session 48-42.png,assets/world-anvil/screenshots/Session 48 - Finishing the Job for Hannis/Session 48-42.webp,3406674,332712,3073962,converted,
assets/world-anvil/screenshots/Session 48 - Finishing the Job for Hannis/session-48-finishing-the-job-for-hannis-43.png,assets/world-anvil/screenshots/Session 48 - Finishing the Job for Hannis/session-48-finishing-the-job-for-hannis-43.webp,3532803,319982,3212821,converted,
assets/world-anvil/screenshots/Session 48 - Finishing the Job for Hannis/session-48-finishing-the-job-for-hannis-44.png,assets/world-anvil/screenshots/Session 48 - Finishing the Job for Hannis/session-48-finishing-the-job-for-hannis-44.webp,4314674,562800,3751874,converted,
assets/world-anvil/screenshots/Session 48 - Finishing the Job for Hannis/session-48-finishing-the-job-for-hannis-45.png,assets/world-anvil/screenshots/Session 48 - Finishing the Job for Hannis/session-48-finishing-the-job-for-hannis-45.webp,3885102,577378,3307724,converted,
assets/world-anvil/screenshots/Session 48 - Finishing the Job for Hannis/session-48-finishing-the-job-for-hannis-46.png,assets/world-anvil/screenshots/Session 48 - Finishing the Job for Hannis/session-48-finishing-the-job-for-hannis-46.webp,4285009,560910,3724099,converted,
assets/world-anvil/screenshots/Session 48 - Finishing the Job for Hannis/session-48-finishing-the-job-for-hannis-47.png,assets/world-anvil/screenshots/Session 48 - Finishing the Job for Hannis/session-48-finishing-the-job-for-hannis-47.webp,4291903,563492,3728411,converted,
assets/world-anvil/screenshots/Session 49 - The Rushlight Begins/Session 49-01.png,assets/world-anvil/screenshots/Session 49 - The Rushlight Begins/Session 49-01.webp,7488476,234988,7253488,converted,
assets/world-anvil/screenshots/Session 49 - The Rushlight Begins/Session 49-02.png,assets/world-anvil/screenshots/Session 49 - The Rushlight Begins/Session 49-02.webp,8121060,330702,7790358,converted,
assets/world-anvil/screenshots/Session 49 - The Rushlight Begins/Session 49-03.png,assets/world-anvil/screenshots/Session 49 - The Rushlight Begins/Session 49-03.webp,7627899,265924,7361975,converted,
assets/world-anvil/screenshots/Session 49 - The Rushlight Begins/Session 49-04.png,assets/world-anvil/screenshots/Session 49 - The Rushlight Begins/Session 49-04.webp,8047379,301302,7746077,converted,
assets/world-anvil/screenshots/Session 49 - The Rushlight Begins/Session 49-05.png,assets/world-anvil/screenshots/Session 49 - The Rushlight Begins/Session 49-05.webp,8200870,317518,7883352,converted,
assets/world-anvil/screenshots/Session 49 - The Rushlight Begins/Session 49-06.png,assets/world-anvil/screenshots/Session 49 - The Rushlight Begins/Session 49-06.webp,7241982,231856,7010126,converted,
assets/world-anvil/screenshots/Session 49 - The Rushlight Begins/Session 49-07.png,assets/world-anvil/screenshots/Session 49 - The Rushlight Begins/Session 49-07.webp,7491690,266150,7225540,converted,
assets/world-anvil/screenshots/Session 49 - The Rushlight Begins/Session 49-08.png,assets/world-anvil/screenshots/Session 49 - The Rushlight Begins/Session 49-08.webp,7959225,380982,7578243,converted,
assets/world-anvil/screenshots/Session 49 - The Rushlight Begins/Session 49-09.png,assets/world-anvil/screenshots/Session 49 - The Rushlight Begins/Session 49-09.webp,2264742,205818,2058924,converted,
assets/world-anvil/screenshots/Session 49 - The Rushlight Begins/Session 49-10.png,assets/world-anvil/screenshots/Session 49 - The Rushlight Begins/Session 49-10.webp,2091890,153748,1938142,converted,
assets/world-anvil/screenshots/Session 49 - The Rushlight Begins/Session 49-11.png,assets/world-anvil/screenshots/Session 49 - The Rushlight Begins/Session 49-11.webp,2197470,182450,2015020,converted,
assets/world-anvil/screenshots/Session 49 - The Rushlight Begins/Session 49-12.png,assets/world-anvil/screenshots/Session 49 - The Rushlight Begins/Session 49-12.webp,2174118,164732,2009386,converted,
assets/world-anvil/screenshots/Session 49 - The Rushlight Begins/Session 49-13.png,assets/world-anvil/screenshots/Session 49 - The Rushlight Begins/Session 49-13.webp,3016580,244286,2772294,converted,
assets/world-anvil/screenshots/Session 49 - The Rushlight Begins/Session 49-14.png,assets/world-anvil/screenshots/Session 49 - The Rushlight Begins/Session 49-14.webp,2123019,151656,1971363,converted,
assets/world-anvil/screenshots/Session 49 - The Rushlight Begins/Session 49-15.png,assets/world-anvil/screenshots/Session 49 - The Rushlight Begins/Session 49-15.webp,2084590,138512,1946078,converted,
assets/world-anvil/screenshots/Session 49 - The Rushlight Begins/Session 49-16.png,assets/world-anvil/screenshots/Session 49 - The Rushlight Begins/Session 49-16.webp,2763900,171496,2592404,converted,
assets/world-anvil/screenshots/Session 49 - The Rushlight Begins/Session 49-17.png,assets/world-anvil/screenshots/Session 49 - The Rushlight Begins/Session 49-17.webp,2654725,138960,2515765,converted,
assets/world-anvil/screenshots/Session 49 - The Rushlight Begins/Session 49-18.png,assets/world-anvil/screenshots/Session 49 - The Rushlight Begins/Session 49-18.webp,2162295,168116,1994179,converted,
assets/world-anvil/screenshots/Session 49 - The Rushlight Begins/Session 49-19.png,assets/world-anvil/screenshots/Session 49 - The Rushlight Begins/Session 49-19.webp,1404834,70844,1333990,converted,
assets/world-anvil/screenshots/Session 49 - The Rushlight Begins/Session 49-20.png,assets/world-anvil/screenshots/Session 49 - The Rushlight Begins/Session 49-20.webp,3091328,302584,2788744,converted,
assets/world-anvil/screenshots/Session 49 - The Rushlight Begins/Session 49-21.png,assets/world-anvil/screenshots/Session 49 - The Rushlight Begins/Session 49-21.webp,3140489,268218,2872271,converted,
assets/world-anvil/screenshots/Session 49 - The Rushlight Begins/Session 49-22.png,assets/world-anvil/screenshots/Session 49 - The Rushlight Begins/Session 49-22.webp,2997051,235736,2761315,converted,
assets/world-anvil/screenshots/Session 49 - The Rushlight Begins/session-49-the-rushlight-begins-23.png,assets/world-anvil/screenshots/Session 49 - The Rushlight Begins/session-49-the-rushlight-begins-23.webp,2889732,221438,2668294,converted,
assets/world-anvil/screenshots/Session 49 - The Rushlight Begins/session-49-the-rushlight-begins-image-01.png,assets/world-anvil/screenshots/Session 49 - The Rushlight Begins/session-49-the-rushlight-begins-image-01.webp,3834777,535370,3299407,converted,
assets/world-anvil/screenshots/Session 49 - The Rushlight Begins/session-49-the-rushlight-begins-image-02.png,assets/world-anvil/screenshots/Session 49 - The Rushlight Begins/session-49-the-rushlight-begins-image-02.webp,3888530,545764,3342766,converted,
assets/world-anvil/screenshots/Session 49 - The Rushlight Begins/session-49-the-rushlight-begins-image-03.png,assets/world-anvil/screenshots/Session 49 - The Rushlight Begins/session-49-the-rushlight-begins-image-03.webp,2723910,386510,2337400,converted,
assets/world-anvil/screenshots/Session 50 - Silver Overall Steel at the Border/Session 50-01.png,assets/world-anvil/screenshots/Session 50 - Silver Overall Steel at the Border/Session 50-01.webp,6705928,206966,6498962,converted,
assets/world-anvil/screenshots/Session 50 - Silver Overall Steel at the Border/Session 50-02.png,assets/world-anvil/screenshots/Session 50 - Silver Overall Steel at the Border/Session 50-02.webp,6784450,199554,6584896,converted,
assets/world-anvil/screenshots/Session 50 - Silver Overall Steel at the Border/Session 50-03.png,assets/world-anvil/screenshots/Session 50 - Silver Overall Steel at the Border/Session 50-03.webp,6885041,210312,6674729,converted,
assets/world-anvil/screenshots/Session 50 - Silver Overall Steel at the Border/Session 50-04.png,assets/world-anvil/screenshots/Session 50 - Silver Overall Steel at the Border/Session 50-04.webp,6883420,208784,6674636,converted,
assets/world-anvil/screenshots/Session 50 - Silver Overall Steel at the Border/Session 50-05.png,assets/world-anvil/screenshots/Session 50 - Silver Overall Steel at the Border/Session 50-05.webp,7755606,225806,7529800,converted,
assets/world-anvil/screenshots/Session 50 - Silver Overall Steel at the Border/Session 50-06.png,assets/world-anvil/screenshots/Session 50 - Silver Overall Steel at the Border/Session 50-06.webp,7489057,278258,7210799,converted,
assets/world-anvil/screenshots/Session 50 - Silver Overall Steel at the Border/Session 50-07.png,assets/world-anvil/screenshots/Session 50 - Silver Overall Steel at the Border/Session 50-07.webp,8717505,250612,8466893,converted,
assets/world-anvil/screenshots/Session 50 - Silver Overall Steel at the Border/Session 50-08.png,assets/world-anvil/screenshots/Session 50 - Silver Overall Steel at the Border/Session 50-08.webp,9827209,334996,9492213,converted,
assets/world-anvil/screenshots/Session 50 - Silver Overall Steel at the Border/Session 50-09.png,assets/world-anvil/screenshots/Session 50 - Silver Overall Steel at the Border/Session 50-09.webp,9506197,311448,9194749,converted,
assets/world-anvil/screenshots/Session 50 - Silver Overall Steel at the Border/Session 50-10.png,assets/world-anvil/screenshots/Session 50 - Silver Overall Steel at the Border/Session 50-10.webp,9637058,328328,9308730,converted,
assets/world-anvil/screenshots/Session 50 - Silver Overall Steel at the Border/Session 50-11.png,,9211213,0,0,ERROR,image file is truncated
assets/world-anvil/screenshots/Session 50 - Silver Overall Steel at the Border/Session 50-12.png,assets/world-anvil/screenshots/Session 50 - Silver Overall Steel at the Border/Session 50-12.webp,9716627,320134,9396493,converted,
assets/world-anvil/screenshots/Session 50 - Silver Overall Steel at the Border/session-50-silver-overall-steel-at-the-border-13.png,assets/world-anvil/screenshots/Session 50 - Silver Overall Steel at the Border/session-50-silver-overall-steel-at-the-border-13.webp,3052427,230856,2821571,converted,
assets/world-anvil/screenshots/Session 50 - Silver Overall Steel at the Border/session-50-silver-overall-steel-at-the-border-image-01.png,assets/world-anvil/screenshots/Session 50 - Silver Overall Steel at the Border/session-50-silver-overall-steel-at-the-border-image-01.webp,3910973,527836,3383137,converted,
assets/world-anvil/screenshots/Session 51 - Storms on the Western Horizon/Session 51-01.png,assets/world-anvil/screenshots/Session 51 - Storms on the Western Horizon/Session 51-01.webp,8145379,307600,7837779,converted,
assets/world-anvil/screenshots/Session 51 - Storms on the Western Horizon/Session 51-02.png,assets/world-anvil/screenshots/Session 51 - Storms on the Western Horizon/Session 51-02.webp,8109395,269484,7839911,converted,
assets/world-anvil/screenshots/Session 51 - Storms on the Western Horizon/Session 51-03.png,assets/world-anvil/screenshots/Session 51 - Storms on the Western Horizon/Session 51-03.webp,7664867,234438,7430429,converted,
assets/world-anvil/screenshots/Session 51 - Storms on the Western Horizon/Session 51-04.png,assets/world-anvil/screenshots/Session 51 - Storms on the Western Horizon/Session 51-04.webp,9010495,383856,8626639,converted,
assets/world-anvil/screenshots/Session 51 - Storms on the Western Horizon/Session 51-05.png,assets/world-anvil/screenshots/Session 51 - Storms on the Western Horizon/Session 51-05.webp,8907275,401396,8505879,converted,
assets/world-anvil/screenshots/Session 51 - Storms on the Western Horizon/Session 51-06.png,assets/world-anvil/screenshots/Session 51 - Storms on the Western Horizon/Session 51-06.webp,9453432,397156,9056276,converted,
assets/world-anvil/screenshots/Session 51 - Storms on the Western Horizon/Session 51-07.png,assets/world-anvil/screenshots/Session 51 - Storms on the Western Horizon/Session 51-07.webp,9390496,422084,8968412,converted,
assets/world-anvil/screenshots/Session 51 - Storms on the Western Horizon/Session 51-08.png,assets/world-anvil/screenshots/Session 51 - Storms on the Western Horizon/Session 51-08.webp,9296277,346472,8949805,converted,
assets/world-anvil/screenshots/Session 51 - Storms on the Western Horizon/Session 51-09.png,assets/world-anvil/screenshots/Session 51 - Storms on the Western Horizon/Session 51-09.webp,8311975,335414,7976561,converted,
assets/world-anvil/screenshots/Session 51 - Storms on the Western Horizon/Session 51-10.png,assets/world-anvil/screenshots/Session 51 - Storms on the Western Horizon/Session 51-10.webp,8613204,344278,8268926,converted,
assets/world-anvil/screenshots/Session 51 - Storms on the Western Horizon/Session 51-11.png,assets/world-anvil/screenshots/Session 51 - Storms on the Western Horizon/Session 51-11.webp,7389824,272858,7116966,converted,
assets/world-anvil/screenshots/Session 51 - Storms on the Western Horizon/Session 51-12.png,assets/world-anvil/screenshots/Session 51 - Storms on the Western Horizon/Session 51-12.webp,8390391,335758,8054633,converted,
assets/world-anvil/screenshots/Session 51 - Storms on the Western Horizon/Session 51-13.png,assets/world-anvil/screenshots/Session 51 - Storms on the Western Horizon/Session 51-13.webp,2502104,217076,2285028,converted,
assets/world-anvil/screenshots/Session 51 - Storms on the Western Horizon/Session 51-14.png,assets/world-anvil/screenshots/Session 51 - Storms on the Western Horizon/Session 51-14.webp,2245361,156472,2088889,converted,
assets/world-anvil/screenshots/Session 51 - Storms on the Western Horizon/Session 51-15.png,assets/world-anvil/screenshots/Session 51 - Storms on the Western Horizon/Session 51-15.webp,2337202,173550,2163652,converted,
assets/world-anvil/screenshots/Session 51 - Storms on the Western Horizon/Session 51-16.png,assets/world-anvil/screenshots/Session 51 - Storms on the Western Horizon/Session 51-16.webp,2310599,173248,2137351,converted,
assets/world-anvil/screenshots/Session 51 - Storms on the Western Horizon/Session 51-17.png,assets/world-anvil/screenshots/Session 51 - Storms on the Western Horizon/Session 51-17.webp,2487028,216048,2270980,converted,
assets/world-anvil/screenshots/Session 51 - Storms on the Western Horizon/Session 51-18.png,assets/world-anvil/screenshots/Session 51 - Storms on the Western Horizon/Session 51-18.webp,2263509,158208,2105301,converted,
assets/world-anvil/screenshots/Session 51 - Storms on the Western Horizon/Session 51-23.png,assets/world-anvil/screenshots/Session 51 - Storms on the Western Horizon/Session 51-23.webp,2809235,208096,2601139,converted,
assets/world-anvil/screenshots/Session 51 - Storms on the Western Horizon/session-51-storms-on-the-western-horizon-19.png,assets/world-anvil/screenshots/Session 51 - Storms on the Western Horizon/session-51-storms-on-the-western-horizon-19.webp,4744970,691172,4053798,converted,
assets/world-anvil/screenshots/Session 51 - Storms on the Western Horizon/session-51-storms-on-the-western-horizon-20.png,assets/world-anvil/screenshots/Session 51 - Storms on the Western Horizon/session-51-storms-on-the-western-horizon-20.webp,4744970,652340,4092630,converted,
assets/world-anvil/screenshots/Session 51 - Storms on the Western Horizon/session-51-storms-on-the-western-horizon-21.png,assets/world-anvil/screenshots/Session 51 - Storms on the Western Horizon/session-51-storms-on-the-western-horizon-21.webp,4749139,656192,4092947,converted,
assets/world-anvil/screenshots/Session 51 - Storms on the Western Horizon/session-51-storms-on-the-western-horizon-22.png,assets/world-anvil/screenshots/Session 51 - Storms on the Western Horizon/session-51-storms-on-the-western-horizon-22.webp,4317287,570980,3746307,converted,
assets/world-anvil/screenshots/Session 51 - Storms on the Western Horizon/session-51-storms-on-the-western-horizon-24.png,assets/world-anvil/screenshots/Session 51 - Storms on the Western Horizon/session-51-storms-on-the-western-horizon-24.webp,2760755,194774,2565981,converted,
assets/world-anvil/screenshots/Session 52 - The Abbey of Broken Bells/Session 52-02.png,assets/world-anvil/screenshots/Session 52 - The Abbey of Broken Bells/Session 52-02.webp,8627647,325260,8302387,converted,
assets/world-anvil/screenshots/Session 52 - The Abbey of Broken Bells/Session 52-03.png,assets/world-anvil/screenshots/Session 52 - The Abbey of Broken Bells/Session 52-03.webp,8139651,287852,7851799,converted,
assets/world-anvil/screenshots/Session 52 - The Abbey of Broken Bells/Session 52-04.png,assets/world-anvil/screenshots/Session 52 - The Abbey of Broken Bells/Session 52-04.webp,8769941,337048,8432893,converted,
assets/world-anvil/screenshots/Session 52 - The Abbey of Broken Bells/Session 52-05.png,assets/world-anvil/screenshots/Session 52 - The Abbey of Broken Bells/Session 52-05.webp,9048773,351132,8697641,converted,
assets/world-anvil/screenshots/Session 52 - The Abbey of Broken Bells/Session 52-06.png,assets/world-anvil/screenshots/Session 52 - The Abbey of Broken Bells/Session 52-06.webp,8665669,322722,8342947,converted,
assets/world-anvil/screenshots/Session 52 - The Abbey of Broken Bells/Session 52-07.png,assets/world-anvil/screenshots/Session 52 - The Abbey of Broken Bells/Session 52-07.webp,7662888,299204,7363684,converted,
assets/world-anvil/screenshots/Session 52 - The Abbey of Broken Bells/Session 52-08.png,assets/world-anvil/screenshots/Session 52 - The Abbey of Broken Bells/Session 52-08.webp,7612154,234564,7377590,converted,
assets/world-anvil/screenshots/Session 52 - The Abbey of Broken Bells/Session 52-09.png,assets/world-anvil/screenshots/Session 52 - The Abbey of Broken Bells/Session 52-09.webp,7830841,283852,7546989,converted,
assets/world-anvil/screenshots/Session 52 - The Abbey of Broken Bells/Session 52-10.png,assets/world-anvil/screenshots/Session 52 - The Abbey of Broken Bells/Session 52-10.webp,8168174,271762,7896412,converted,
assets/world-anvil/screenshots/Session 52 - The Abbey of Broken Bells/Session 52-11.png,assets/world-anvil/screenshots/Session 52 - The Abbey of Broken Bells/Session 52-11.webp,6651510,183132,6468378,converted,
assets/world-anvil/screenshots/Session 52 - The Abbey of Broken Bells/Session 52-12.png,assets/world-anvil/screenshots/Session 52 - The Abbey of Broken Bells/Session 52-12.webp,7812653,338844,7473809,converted,
assets/world-anvil/screenshots/Session 52 - The Abbey of Broken Bells/Session 52-13.png,assets/world-anvil/screenshots/Session 52 - The Abbey of Broken Bells/Session 52-13.webp,7112191,298318,6813873,converted,
assets/world-anvil/screenshots/Session 52 - The Abbey of Broken Bells/Session 52-14.png,assets/world-anvil/screenshots/Session 52 - The Abbey of Broken Bells/Session 52-14.webp,8168094,333520,7834574,converted,
assets/world-anvil/screenshots/Session 52 - The Abbey of Broken Bells/Session 52-15.png,assets/world-anvil/screenshots/Session 52 - The Abbey of Broken Bells/Session 52-15.webp,7199682,304044,6895638,converted,
assets/world-anvil/screenshots/Session 52 - The Abbey of Broken Bells/Session 52-16.png,assets/world-anvil/screenshots/Session 52 - The Abbey of Broken Bells/Session 52-16.webp,7779016,288452,7490564,converted,
assets/world-anvil/screenshots/Session 52 - The Abbey of Broken Bells/Session 52-17.png,assets/world-anvil/screenshots/Session 52 - The Abbey of Broken Bells/Session 52-17.webp,7887219,326240,7560979,converted,
assets/world-anvil/screenshots/Session 52 - The Abbey of Broken Bells/Session 52-18.png,assets/world-anvil/screenshots/Session 52 - The Abbey of Broken Bells/Session 52-18.webp,7008922,308580,6700342,converted,
assets/world-anvil/screenshots/Session 52 - The Abbey of Broken Bells/Session 52-19.png,assets/world-anvil/screenshots/Session 52 - The Abbey of Broken Bells/Session 52-19.webp,7977803,337242,7640561,converted,
assets/world-anvil/screenshots/Session 52 - The Abbey of Broken Bells/Session 52-20.png,assets/world-anvil/screenshots/Session 52 - The Abbey of Broken Bells/Session 52-20.webp,7648241,310750,7337491,converted,
assets/world-anvil/screenshots/Session 52 - The Abbey of Broken Bells/Session 52-21.png,assets/world-anvil/screenshots/Session 52 - The Abbey of Broken Bells/Session 52-21.webp,6852830,276470,6576360,converted,
assets/world-anvil/screenshots/Session 52 - The Abbey of Broken Bells/Session 52-22.png,assets/world-anvil/screenshots/Session 52 - The Abbey of Broken Bells/Session 52-22.webp,7541722,288280,7253442,converted,
assets/world-anvil/screenshots/Session 52 - The Abbey of Broken Bells/Session 52-23.png,assets/world-anvil/screenshots/Session 52 - The Abbey of Broken Bells/Session 52-23.webp,6287082,238624,6048458,converted,
assets/world-anvil/screenshots/Session 52 - The Abbey of Broken Bells/Session 52-24.png,assets/world-anvil/screenshots/Session 52 - The Abbey of Broken Bells/Session 52-24.webp,6511294,218540,6292754,converted,
assets/world-anvil/screenshots/Session 52 - The Abbey of Broken Bells/Session 52-25.png,assets/world-anvil/screenshots/Session 52 - The Abbey of Broken Bells/Session 52-25.webp,6268536,195880,6072656,converted,
assets/world-anvil/screenshots/Session 52 - The Abbey of Broken Bells/Session 52-26.png,assets/world-anvil/screenshots/Session 52 - The Abbey of Broken Bells/Session 52-26.webp,6451139,197246,6253893,converted,
assets/world-anvil/screenshots/Session 52 - The Abbey of Broken Bells/Session 52-27.png,assets/world-anvil/screenshots/Session 52 - The Abbey of Broken Bells/Session 52-27.webp,7515734,282302,7233432,converted,
assets/world-anvil/screenshots/Session 52 - The Abbey of Broken Bells/Session 52-28.png,assets/world-anvil/screenshots/Session 52 - The Abbey of Broken Bells/Session 52-28.webp,7650494,284778,7365716,converted,
assets/world-anvil/screenshots/Session 52 - The Abbey of Broken Bells/Session 52-29.png,assets/world-anvil/screenshots/Session 52 - The Abbey of Broken Bells/Session 52-29.webp,7069869,227348,6842521,converted,
assets/world-anvil/screenshots/Session 52 - The Abbey of Broken Bells/Session 52-30.png,assets/world-anvil/screenshots/Session 52 - The Abbey of Broken Bells/Session 52-30.webp,7210963,258816,6952147,converted,
assets/world-anvil/screenshots/Session 52 - The Abbey of Broken Bells/Session 52-31.png,assets/world-anvil/screenshots/Session 52 - The Abbey of Broken Bells/Session 52-31.webp,6323871,235366,6088505,converted,
assets/world-anvil/screenshots/Session 52 - The Abbey of Broken Bells/Session 52-32.png,assets/world-anvil/screenshots/Session 52 - The Abbey of Broken Bells/Session 52-32.webp,6757916,248304,6509612,converted,
assets/world-anvil/screenshots/Session 52 - The Abbey of Broken Bells/Session 52-33.png,assets/world-anvil/screenshots/Session 52 - The Abbey of Broken Bells/Session 52-33.webp,7038783,226888,6811895,converted,
assets/world-anvil/screenshots/Session 52 - The Abbey of Broken Bells/Session 52-34.png,assets/world-anvil/screenshots/Session 52 - The Abbey of Broken Bells/Session 52-34.webp,9941406,368698,9572708,converted,
assets/world-anvil/screenshots/Session 52 - The Abbey of Broken Bells/Session 52-35.png,assets/world-anvil/screenshots/Session 52 - The Abbey of Broken Bells/Session 52-35.webp,9012746,273972,8738774,converted,
assets/world-anvil/screenshots/Session 52 - The Abbey of Broken Bells/Session 52-36.png,assets/world-anvil/screenshots/Session 52 - The Abbey of Broken Bells/Session 52-36.webp,8379433,237638,8141795,converted,
assets/world-anvil/screenshots/Session 52 - The Abbey of Broken Bells/Session 52-37.png,assets/world-anvil/screenshots/Session 52 - The Abbey of Broken Bells/Session 52-37.webp,9825412,364314,9461098,converted,
assets/world-anvil/screenshots/Session 52 - The Abbey of Broken Bells/Session 52-38.png,assets/world-anvil/screenshots/Session 52 - The Abbey of Broken Bells/Session 52-38.webp,9968391,372512,9595879,converted,
assets/world-anvil/screenshots/Session 52 - The Abbey of Broken Bells/Session 52-39.png,assets/world-anvil/screenshots/Session 52 - The Abbey of Broken Bells/Session 52-39.webp,10497930,408784,10089146,converted,
assets/world-anvil/screenshots/Session 52 - The Abbey of Broken Bells/Session 52-43.png,assets/world-anvil/screenshots/Session 52 - The Abbey of Broken Bells/Session 52-43.webp,2687775,167306,2520469,converted,
assets/world-anvil/screenshots/Session 52 - The Abbey of Broken Bells/session-52-the-abbey-of-broken-bells-40.png,assets/world-anvil/screenshots/Session 52 - The Abbey of Broken Bells/session-52-the-abbey-of-broken-bells-40.webp,4742322,661540,4080782,converted,
assets/world-anvil/screenshots/Session 52 - The Abbey of Broken Bells/session-52-the-abbey-of-broken-bells-41.png,assets/world-anvil/screenshots/Session 52 - The Abbey of Broken Bells/session-52-the-abbey-of-broken-bells-41.webp,4745482,628118,4117364,converted,
assets/world-anvil/screenshots/Session 52 - The Abbey of Broken Bells/session-52-the-abbey-of-broken-bells-42.png,assets/world-anvil/screenshots/Session 52 - The Abbey of Broken Bells/session-52-the-abbey-of-broken-bells-42.webp,3607097,506066,3101031,converted,
assets/world-anvil/screenshots/Session 52 - The Abbey of Broken Bells/session-52-the-abbey-of-broken-bells-44.png,assets/world-anvil/screenshots/Session 52 - The Abbey of Broken Bells/session-52-the-abbey-of-broken-bells-44.webp,2575837,152488,2423349,converted,
assets/world-anvil/screenshots/Session 52 - The Abbey of Broken Bells/session-52-the-abbey-of-broken-bells-45.png,assets/world-anvil/screenshots/Session 52 - The Abbey of Broken Bells/session-52-the-abbey-of-broken-bells-45.webp,3804889,564216,3240673,converted,
assets/world-anvil/screenshots/Session 53 - Of Blessed Waters and Buried Devils/Session 53-01.png,assets/world-anvil/screenshots/Session 53 - Of Blessed Waters and Buried Devils/Session 53-01.webp,7677571,297648,7379923,converted,
assets/world-anvil/screenshots/Session 53 - Of Blessed Waters and Buried Devils/Session 53-02.png,assets/world-anvil/screenshots/Session 53 - Of Blessed Waters and Buried Devils/Session 53-02.webp,8792398,393100,8399298,converted,
assets/world-anvil/screenshots/Session 53 - Of Blessed Waters and Buried Devils/Session 53-03.png,assets/world-anvil/screenshots/Session 53 - Of Blessed Waters and Buried Devils/Session 53-03.webp,7925077,360332,7564745,converted,
assets/world-anvil/screenshots/Session 53 - Of Blessed Waters and Buried Devils/Session 53-04.png,assets/world-anvil/screenshots/Session 53 - Of Blessed Waters and Buried Devils/Session 53-04.webp,7352916,266730,7086186,converted,
assets/world-anvil/screenshots/Session 53 - Of Blessed Waters and Buried Devils/Session 53-05.png,assets/world-anvil/screenshots/Session 53 - Of Blessed Waters and Buried Devils/Session 53-05.webp,7426295,188528,7237767,converted,
assets/world-anvil/screenshots/Session 53 - Of Blessed Waters and Buried Devils/Session 53-06.png,assets/world-anvil/screenshots/Session 53 - Of Blessed Waters and Buried Devils/Session 53-06.webp,8349141,304200,8044941,converted,
assets/world-anvil/screenshots/Session 53 - Of Blessed Waters and Buried Devils/Session 53-07.png,assets/world-anvil/screenshots/Session 53 - Of Blessed Waters and Buried Devils/Session 53-07.webp,8348667,331530,8017137,converted,
assets/world-anvil/screenshots/Session 53 - Of Blessed Waters and Buried Devils/Session 53-08.png,assets/world-anvil/screenshots/Session 53 - Of Blessed Waters and Buried Devils/Session 53-08.webp,7947005,351342,7595663,converted,
assets/world-anvil/screenshots/Session 53 - Of Blessed Waters and Buried Devils/Session 53-09.png,assets/world-anvil/screenshots/Session 53 - Of Blessed Waters and Buried Devils/Session 53-09.webp,8461661,347722,8113939,converted,
assets/world-anvil/screenshots/Session 53 - Of Blessed Waters and Buried Devils/Session 53-10.png,assets/world-anvil/screenshots/Session 53 - Of Blessed Waters and Buried Devils/Session 53-10.webp,8479531,370086,8109445,converted,
assets/world-anvil/screenshots/Session 53 - Of Blessed Waters and Buried Devils/Session 53-11.png,assets/world-anvil/screenshots/Session 53 - Of Blessed Waters and Buried Devils/Session 53-11.webp,7924785,335136,7589649,converted,
assets/world-anvil/screenshots/Session 53 - Of Blessed Waters and Buried Devils/Session 53-12.png,assets/world-anvil/screenshots/Session 53 - Of Blessed Waters and Buried Devils/Session 53-12.webp,8629804,350136,8279668,converted,
assets/world-anvil/screenshots/Session 53 - Of Blessed Waters and Buried Devils/Session 53-13.png,assets/world-anvil/screenshots/Session 53 - Of Blessed Waters and Buried Devils/Session 53-13.webp,7687856,257016,7430840,converted,
assets/world-anvil/screenshots/Session 53 - Of Blessed Waters and Buried Devils/Session 53-14.png,assets/world-anvil/screenshots/Session 53 - Of Blessed Waters and Buried Devils/Session 53-14.webp,8013067,346976,7666091,converted,
assets/world-anvil/screenshots/Session 53 - Of Blessed Waters and Buried Devils/Session 53-15.png,assets/world-anvil/screenshots/Session 53 - Of Blessed Waters and Buried Devils/Session 53-15.webp,7849695,278796,7570899,converted,
assets/world-anvil/screenshots/Session 53 - Of Blessed Waters and Buried Devils/Session 53-16.png,assets/world-anvil/screenshots/Session 53 - Of Blessed Waters and Buried Devils/Session 53-16.webp,7530988,344924,7186064,converted,
assets/world-anvil/screenshots/Session 53 - Of Blessed Waters and Buried Devils/Session 53-17.png,assets/world-anvil/screenshots/Session 53 - Of Blessed Waters and Buried Devils/Session 53-17.webp,4235132,77470,4157662,converted,
assets/world-anvil/screenshots/Session 53 - Of Blessed Waters and Buried Devils/Session 53-18.png,assets/world-anvil/screenshots/Session 53 - Of Blessed Waters and Buried Devils/Session 53-18.webp,7719828,328004,7391824,converted,
assets/world-anvil/screenshots/Session 53 - Of Blessed Waters and Buried Devils/Session 53-19.png,assets/world-anvil/screenshots/Session 53 - Of Blessed Waters and Buried Devils/Session 53-19.webp,9365457,312188,9053269,converted,
assets/world-anvil/screenshots/Session 53 - Of Blessed Waters and Buried Devils/Session 53-20.png,assets/world-anvil/screenshots/Session 53 - Of Blessed Waters and Buried Devils/Session 53-20.webp,9649736,336710,9313026,converted,
assets/world-anvil/screenshots/Session 53 - Of Blessed Waters and Buried Devils/Session 53-21.png,assets/world-anvil/screenshots/Session 53 - Of Blessed Waters and Buried Devils/Session 53-21.webp,8896006,271978,8624028,converted,
assets/world-anvil/screenshots/Session 53 - Of Blessed Waters and Buried Devils/Session 53-22.png,assets/world-anvil/screenshots/Session 53 - Of Blessed Waters and Buried Devils/Session 53-22.webp,9009944,271446,8738498,converted,
assets/world-anvil/screenshots/Session 53 - Of Blessed Waters and Buried Devils/Session 53-23.png,assets/world-anvil/screenshots/Session 53 - Of Blessed Waters and Buried Devils/Session 53-23.webp,5436959,482286,4954673,converted,
assets/world-anvil/screenshots/Session 53 - Of Blessed Waters and Buried Devils/Session 53-24.png,assets/world-anvil/screenshots/Session 53 - Of Blessed Waters and Buried Devils/Session 53-24.webp,10124709,393282,9731427,converted,
assets/world-anvil/screenshots/Session 53 - Of Blessed Waters and Buried Devils/session-53-of-blessed-waters-and-buried-devils-25.png,assets/world-anvil/screenshots/Session 53 - Of Blessed Waters and Buried Devils/session-53-of-blessed-waters-and-buried-devils-25.webp,4587356,639094,3948262,converted,
assets/world-anvil/screenshots/Session 53 - Of Blessed Waters and Buried Devils/session-53-of-blessed-waters-and-buried-devils-26.png,assets/world-anvil/screenshots/Session 53 - Of Blessed Waters and Buried Devils/session-53-of-blessed-waters-and-buried-devils-26.webp,3870195,538078,3332117,converted,
assets/world-anvil/screenshots/Session 53 - Of Blessed Waters and Buried Devils/session-53-of-blessed-waters-and-buried-devils-27.png,assets/world-anvil/screenshots/Session 53 - Of Blessed Waters and Buried Devils/session-53-of-blessed-waters-and-buried-devils-27.webp,4177292,525314,3651978,converted,
assets/world-anvil/screenshots/Session 53 - Of Blessed Waters and Buried Devils/session-53-of-blessed-waters-and-buried-devils-28.png,assets/world-anvil/screenshots/Session 53 - Of Blessed Waters and Buried Devils/session-53-of-blessed-waters-and-buried-devils-28.webp,2922172,217512,2704660,converted,
assets/world-anvil/screenshots/Session 53 - Of Blessed Waters and Buried Devils/session-53-of-blessed-waters-and-buried-devils-29.png,assets/world-anvil/screenshots/Session 53 - Of Blessed Waters and Buried Devils/session-53-of-blessed-waters-and-buried-devils-29.webp,4628256,649360,3978896,converted,
assets/world-anvil/screenshots/Session 54 - The War Heats up/Session 54-01.png,assets/world-anvil/screenshots/Session 54 - The War Heats up/Session 54-01.webp,6078002,208606,5869396,converted,
assets/world-anvil/screenshots/Session 54 - The War Heats up/Session 54-02.png,assets/world-anvil/screenshots/Session 54 - The War Heats up/Session 54-02.webp,5846489,166072,5680417,converted,
assets/world-anvil/screenshots/Session 54 - The War Heats up/Session 54-03.png,assets/world-anvil/screenshots/Session 54 - The War Heats up/Session 54-03.webp,5752758,160038,5592720,converted,
assets/world-anvil/screenshots/Session 54 - The War Heats up/Session 54-04.png,assets/world-anvil/screenshots/Session 54 - The War Heats up/Session 54-04.webp,6791617,272490,6519127,converted,
assets/world-anvil/screenshots/Session 54 - The War Heats up/Session 54-05.png,assets/world-anvil/screenshots/Session 54 - The War Heats up/Session 54-05.webp,6460188,173192,6286996,converted,
assets/world-anvil/screenshots/Session 54 - The War Heats up/Session 54-06.png,assets/world-anvil/screenshots/Session 54 - The War Heats up/Session 54-06.webp,6659136,235180,6423956,converted,
assets/world-anvil/screenshots/Session 54 - The War Heats up/Session 54-07.png,assets/world-anvil/screenshots/Session 54 - The War Heats up/Session 54-07.webp,6199320,210402,5988918,converted,
assets/world-anvil/screenshots/Session 54 - The War Heats up/Session 54-08.png,assets/world-anvil/screenshots/Session 54 - The War Heats up/Session 54-08.webp,6016699,196480,5820219,converted,
assets/world-anvil/screenshots/Session 54 - The War Heats up/Session 54-09.png,assets/world-anvil/screenshots/Session 54 - The War Heats up/Session 54-09.webp,9485696,453042,9032654,converted,
assets/world-anvil/screenshots/Session 54 - The War Heats up/Session 54-10.png,assets/world-anvil/screenshots/Session 54 - The War Heats up/Session 54-10.webp,9113097,438854,8674243,converted,
assets/world-anvil/screenshots/Session 54 - The War Heats up/Session 54-11.png,assets/world-anvil/screenshots/Session 54 - The War Heats up/Session 54-11.webp,9390388,450320,8940068,converted,
assets/world-anvil/screenshots/Session 54 - The War Heats up/Session 54-12.png,assets/world-anvil/screenshots/Session 54 - The War Heats up/Session 54-12.webp,9377408,404898,8972510,converted,
assets/world-anvil/screenshots/Session 54 - The War Heats up/Session 54-13.png,assets/world-anvil/screenshots/Session 54 - The War Heats up/Session 54-13.webp,2339178,190580,2148598,converted,
assets/world-anvil/screenshots/Session 54 - The War Heats up/Session 54-14.png,assets/world-anvil/screenshots/Session 54 - The War Heats up/Session 54-14.webp,2538739,235852,2302887,converted,
assets/world-anvil/screenshots/Session 54 - The War Heats up/Session 54-15.png,assets/world-anvil/screenshots/Session 54 - The War Heats up/Session 54-15.webp,2554881,237234,2317647,converted,
assets/world-anvil/screenshots/Session 54 - The War Heats up/Session 54-16.png,assets/world-anvil/screenshots/Session 54 - The War Heats up/Session 54-16.webp,2154742,152512,2002230,converted,
assets/world-anvil/screenshots/Session 54 - The War Heats up/Session 54-17.png,assets/world-anvil/screenshots/Session 54 - The War Heats up/Session 54-17.webp,2194298,155010,2039288,converted,
assets/world-anvil/screenshots/Session 54 - The War Heats up/Session 54-19.png,assets/world-anvil/screenshots/Session 54 - The War Heats up/Session 54-19.webp,4744970,708200,4036770,converted,
assets/world-anvil/screenshots/Session 54 - The War Heats up/session-54-the-war-heats-up-18.png,assets/world-anvil/screenshots/Session 54 - The War Heats up/session-54-the-war-heats-up-18.webp,4744970,663368,4081602,converted,
assets/world-anvil/screenshots/Session 54 - The War Heats up/session-54-the-war-heats-up-20.png,assets/world-anvil/screenshots/Session 54 - The War Heats up/session-54-the-war-heats-up-20.webp,4749143,638322,4110821,converted,
assets/world-anvil/screenshots/Session 54 - The War Heats up/session-54-the-war-heats-up-21.png,assets/world-anvil/screenshots/Session 54 - The War Heats up/session-54-the-war-heats-up-21.webp,4744970,710934,4034036,converted,
assets/world-anvil/screenshots/Session 54 - The War Heats up/session-54-the-war-heats-up-22.png,assets/world-anvil/screenshots/Session 54 - The War Heats up/session-54-the-war-heats-up-22.webp,4427644,600488,3827156,converted,
assets/world-anvil/screenshots/Session 54 - The War Heats up/session-54-the-war-heats-up-23.png,assets/world-anvil/screenshots/Session 54 - The War Heats up/session-54-the-war-heats-up-23.webp,2783376,193898,2589478,converted,
assets/world-anvil/screenshots/Session 55 - Endeavor to Persevere/Session 55-02.png,assets/world-anvil/screenshots/Session 55 - Endeavor to Persevere/Session 55-02.webp,7124266,181852,6942414,converted,
assets/world-anvil/screenshots/Session 55 - Endeavor to Persevere/Session 55-03.png,assets/world-anvil/screenshots/Session 55 - Endeavor to Persevere/Session 55-03.webp,8952738,344726,8608012,converted,
assets/world-anvil/screenshots/Session 55 - Endeavor to Persevere/Session 55-04.png,assets/world-anvil/screenshots/Session 55 - Endeavor to Persevere/Session 55-04.webp,8460841,301284,8159557,converted,
assets/world-anvil/screenshots/Session 55 - Endeavor to Persevere/Session 55-05.png,assets/world-anvil/screenshots/Session 55 - Endeavor to Persevere/Session 55-05.webp,7171075,185642,6985433,converted,
assets/world-anvil/screenshots/Session 55 - Endeavor to Persevere/Session 55-06.png,assets/world-anvil/screenshots/Session 55 - Endeavor to Persevere/Session 55-06.webp,8100444,289988,7810456,converted,
assets/world-anvil/screenshots/Session 55 - Endeavor to Persevere/Session 55-07.png,assets/world-anvil/screenshots/Session 55 - Endeavor to Persevere/Session 55-07.webp,8015000,243796,7771204,converted,
assets/world-anvil/screenshots/Session 55 - Endeavor to Persevere/Session 55-08.png,assets/world-anvil/screenshots/Session 55 - Endeavor to Persevere/Session 55-08.webp,9398542,366804,9031738,converted,
assets/world-anvil/screenshots/Session 55 - Endeavor to Persevere/Session 55-09.png,assets/world-anvil/screenshots/Session 55 - Endeavor to Persevere/Session 55-09.webp,7382642,180650,7201992,converted,
assets/world-anvil/screenshots/Session 55 - Endeavor to Persevere/Session 55-10.png,assets/world-anvil/screenshots/Session 55 - Endeavor to Persevere/Session 55-10.webp,9709056,387040,9322016,converted,
assets/world-anvil/screenshots/Session 55 - Endeavor to Persevere/Session 55-11.png,assets/world-anvil/screenshots/Session 55 - Endeavor to Persevere/Session 55-11.webp,9011593,323666,8687927,converted,
assets/world-anvil/screenshots/Session 55 - Endeavor to Persevere/Session 55-12.png,assets/world-anvil/screenshots/Session 55 - Endeavor to Persevere/Session 55-12.webp,8644960,317502,8327458,converted,
assets/world-anvil/screenshots/Session 55 - Endeavor to Persevere/Session 55-13.png,assets/world-anvil/screenshots/Session 55 - Endeavor to Persevere/Session 55-13.webp,7091730,234908,6856822,converted,
assets/world-anvil/screenshots/Session 55 - Endeavor to Persevere/Session 55-14.png,assets/world-anvil/screenshots/Session 55 - Endeavor to Persevere/Session 55-14.webp,6376647,146240,6230407,converted,
assets/world-anvil/screenshots/Session 55 - Endeavor to Persevere/Session 55-15.png,assets/world-anvil/screenshots/Session 55 - Endeavor to Persevere/Session 55-15.webp,7914622,285422,7629200,converted,
assets/world-anvil/screenshots/Session 55 - Endeavor to Persevere/Session 55-16.png,assets/world-anvil/screenshots/Session 55 - Endeavor to Persevere/Session 55-16.webp,7832258,247252,7585006,converted,
assets/world-anvil/screenshots/Session 55 - Endeavor to Persevere/Session 55-17.png,assets/world-anvil/screenshots/Session 55 - Endeavor to Persevere/Session 55-17.webp,7409200,207692,7201508,converted,
assets/world-anvil/screenshots/Session 55 - Endeavor to Persevere/Session 55-18.png,assets/world-anvil/screenshots/Session 55 - Endeavor to Persevere/Session 55-18.webp,2137664,142632,1995032,converted,
assets/world-anvil/screenshots/Session 55 - Endeavor to Persevere/Session 55-19.png,assets/world-anvil/screenshots/Session 55 - Endeavor to Persevere/Session 55-19.webp,2363186,192282,2170904,converted,
assets/world-anvil/screenshots/Session 55 - Endeavor to Persevere/Session 55-20.png,assets/world-anvil/screenshots/Session 55 - Endeavor to Persevere/Session 55-20.webp,2636158,303812,2332346,converted,
assets/world-anvil/screenshots/Session 55 - Endeavor to Persevere/Session 55-21.png,assets/world-anvil/screenshots/Session 55 - Endeavor to Persevere/Session 55-21.webp,2192891,157330,2035561,converted,
assets/world-anvil/screenshots/Session 55 - Endeavor to Persevere/Session 55-22.png,assets/world-anvil/screenshots/Session 55 - Endeavor to Persevere/Session 55-22.webp,2824466,188136,2636330,converted,
assets/world-anvil/screenshots/Session 55 - Endeavor to Persevere/Session 55-23.png,assets/world-anvil/screenshots/Session 55 - Endeavor to Persevere/Session 55-23.webp,3128620,133842,2994778,converted,
assets/world-anvil/screenshots/Session 55 - Endeavor to Persevere/Session 55-24.png,assets/world-anvil/screenshots/Session 55 - Endeavor to Persevere/Session 55-24.webp,2512224,256048,2256176,converted,
assets/world-anvil/screenshots/Session 55 - Endeavor to Persevere/Session 55-25.png,assets/world-anvil/screenshots/Session 55 - Endeavor to Persevere/Session 55-25.webp,2319170,200382,2118788,converted,
assets/world-anvil/screenshots/Session 55 - Endeavor to Persevere/session-55-endeavor-to-persevere-27.png,assets/world-anvil/screenshots/Session 55 - Endeavor to Persevere/session-55-endeavor-to-persevere-27.webp,4744970,642390,4102580,converted,
assets/world-anvil/screenshots/Session 55 - Endeavor to Persevere/session-55-endeavor-to-persevere-28.png,assets/world-anvil/screenshots/Session 55 - Endeavor to Persevere/session-55-endeavor-to-persevere-28.webp,4744970,688406,4056564,converted,
assets/world-anvil/screenshots/Session 55 - Endeavor to Persevere/session-55-endeavor-to-persevere-29.png,assets/world-anvil/screenshots/Session 55 - Endeavor to Persevere/session-55-endeavor-to-persevere-29.webp,4674728,642708,4032020,converted,
assets/world-anvil/screenshots/Session 55 - Endeavor to Persevere/session-55-endeavor-to-persevere-30.png,assets/world-anvil/screenshots/Session 55 - Endeavor to Persevere/session-55-endeavor-to-persevere-30.webp,4319181,559852,3759329,converted,
assets/world-anvil/screenshots/Session 55 - Endeavor to Persevere/session-55-endeavor-to-persevere-31.png,assets/world-anvil/screenshots/Session 55 - Endeavor to Persevere/session-55-endeavor-to-persevere-31.webp,3659265,400984,3258281,converted,
assets/world-anvil/screenshots/Session 56 - Pitax Awakens/Session 56-01.png,assets/world-anvil/screenshots/Session 56 - Pitax Awakens/Session 56-01.webp,7906516,250074,7656442,converted,
assets/world-anvil/screenshots/Session 56 - Pitax Awakens/Session 56-02.png,assets/world-anvil/screenshots/Session 56 - Pitax Awakens/Session 56-02.webp,8018088,293020,7725068,converted,
assets/world-anvil/screenshots/Session 56 - Pitax Awakens/Session 56-03.png,assets/world-anvil/screenshots/Session 56 - Pitax Awakens/Session 56-03.webp,6934499,190600,6743899,converted,
assets/world-anvil/screenshots/Session 56 - Pitax Awakens/Session 56-04.png,assets/world-anvil/screenshots/Session 56 - Pitax Awakens/Session 56-04.webp,2204191,159430,2044761,converted,
assets/world-anvil/screenshots/Session 56 - Pitax Awakens/Session 56-05.png,assets/world-anvil/screenshots/Session 56 - Pitax Awakens/Session 56-05.webp,2373439,204874,2168565,converted,
assets/world-anvil/screenshots/Session 56 - Pitax Awakens/Session 56-06.png,assets/world-anvil/screenshots/Session 56 - Pitax Awakens/Session 56-06.webp,2425118,211470,2213648,converted,
assets/world-anvil/screenshots/Session 56 - Pitax Awakens/Session 56-07.png,assets/world-anvil/screenshots/Session 56 - Pitax Awakens/Session 56-07.webp,2373555,200760,2172795,converted,
assets/world-anvil/screenshots/Session 56 - Pitax Awakens/Session 56-08.png,assets/world-anvil/screenshots/Session 56 - Pitax Awakens/Session 56-08.webp,2181349,166528,2014821,converted,
assets/world-anvil/screenshots/Session 56 - Pitax Awakens/session-56-pitax-awakens-09.png,assets/world-anvil/screenshots/Session 56 - Pitax Awakens/session-56-pitax-awakens-09.webp,4512288,616106,3896182,converted,
assets/world-anvil/screenshots/Session 56 - Pitax Awakens/session-56-pitax-awakens-10.png,assets/world-anvil/screenshots/Session 56 - Pitax Awakens/session-56-pitax-awakens-10.webp,4568673,556934,4011739,converted,
assets/world-anvil/screenshots/Session 56 - Pitax Awakens/session-56-pitax-awakens-11.png,assets/world-anvil/screenshots/Session 56 - Pitax Awakens/session-56-pitax-awakens-11.webp,4625722,632336,3993386,converted,
assets/world-anvil/screenshots/Session 56 - Pitax Awakens/session-56-pitax-awakens-12.png,assets/world-anvil/screenshots/Session 56 - Pitax Awakens/session-56-pitax-awakens-12.webp,2691019,168436,2522583,converted,
assets/world-anvil/screenshots/Session 56 - Pitax Awakens/session-56-pitax-awakens-13.png,assets/world-anvil/screenshots/Session 56 - Pitax Awakens/session-56-pitax-awakens-13.webp,3234638,371818,2862820,converted,
assets/world-anvil/screenshots/Session 57 - Every Door Leads to the King/Session 57-01.png,assets/world-anvil/screenshots/Session 57 - Every Door Leads to the King/Session 57-01.webp,2425580,266626,2158954,converted,
assets/world-anvil/screenshots/Session 57 - Every Door Leads to the King/Session 57-02.png,assets/world-anvil/screenshots/Session 57 - Every Door Leads to the King/Session 57-02.webp,2219854,175416,2044438,converted,
assets/world-anvil/screenshots/Session 57 - Every Door Leads to the King/Session 57-03.png,assets/world-anvil/screenshots/Session 57 - Every Door Leads to the King/Session 57-03.webp,2364251,226236,2138015,converted,
assets/world-anvil/screenshots/Session 57 - Every Door Leads to the King/Session 57-04.png,assets/world-anvil/screenshots/Session 57 - Every Door Leads to the King/Session 57-04.webp,2468426,249796,2218630,converted,
assets/world-anvil/screenshots/Session 57 - Every Door Leads to the King/Session 57-05.png,assets/world-anvil/screenshots/Session 57 - Every Door Leads to the King/Session 57-05.webp,2263910,204270,2059640,converted,
assets/world-anvil/screenshots/Session 57 - Every Door Leads to the King/Session 57-06.png,assets/world-anvil/screenshots/Session 57 - Every Door Leads to the King/Session 57-06.webp,2403008,227706,2175302,converted,
assets/world-anvil/screenshots/Session 57 - Every Door Leads to the King/Session 57-07.png,assets/world-anvil/screenshots/Session 57 - Every Door Leads to the King/Session 57-07.webp,2139044,161866,1977178,converted,
assets/world-anvil/screenshots/Session 57 - Every Door Leads to the King/Session 57-08.png,assets/world-anvil/screenshots/Session 57 - Every Door Leads to the King/Session 57-08.webp,2512156,267078,2245078,converted,
assets/world-anvil/screenshots/Session 57 - Every Door Leads to the King/Session 57-09.png,assets/world-anvil/screenshots/Session 57 - Every Door Leads to the King/Session 57-09.webp,9394395,461628,8932767,converted,
assets/world-anvil/screenshots/Session 57 - Every Door Leads to the King/Session 57-10.png,assets/world-anvil/screenshots/Session 57 - Every Door Leads to the King/Session 57-10.webp,10181590,503076,9678514,converted,
assets/world-anvil/screenshots/Session 57 - Every Door Leads to the King/Session 57-11.png,assets/world-anvil/screenshots/Session 57 - Every Door Leads to the King/Session 57-11.webp,10022723,461426,9561297,converted,
assets/world-anvil/screenshots/Session 57 - Every Door Leads to the King/Session 57-12.png,assets/world-anvil/screenshots/Session 57 - Every Door Leads to the King/Session 57-12.webp,10194293,450490,9743803,converted,
assets/world-anvil/screenshots/Session 57 - Every Door Leads to the King/Session 57-13.png,assets/world-anvil/screenshots/Session 57 - Every Door Leads to the King/Session 57-13.webp,6947388,261824,6685564,converted,
assets/world-anvil/screenshots/Session 57 - Every Door Leads to the King/Session 57-14.png,assets/world-anvil/screenshots/Session 57 - Every Door Leads to the King/Session 57-14.webp,6968458,216260,6752198,converted,
assets/world-anvil/screenshots/Session 57 - Every Door Leads to the King/Session 57-15.png,assets/world-anvil/screenshots/Session 57 - Every Door Leads to the King/Session 57-15.webp,7520303,219800,7300503,converted,
assets/world-anvil/screenshots/Session 57 - Every Door Leads to the King/Session 57-16.png,assets/world-anvil/screenshots/Session 57 - Every Door Leads to the King/Session 57-16.webp,7792526,235468,7557058,converted,
assets/world-anvil/screenshots/Session 57 - Every Door Leads to the King/Session 57-17.png,assets/world-anvil/screenshots/Session 57 - Every Door Leads to the King/Session 57-17.webp,6631053,199504,6431549,converted,
assets/world-anvil/screenshots/Session 57 - Every Door Leads to the King/Session 57-18.png,assets/world-anvil/screenshots/Session 57 - Every Door Leads to the King/Session 57-18.webp,7204734,230312,6974422,converted,
assets/world-anvil/screenshots/Session 57 - Every Door Leads to the King/Session 57-19.png,assets/world-anvil/screenshots/Session 57 - Every Door Leads to the King/Session 57-19.webp,9805780,514734,9291046,converted,
assets/world-anvil/screenshots/Session 57 - Every Door Leads to the King/Session 57-20.png,assets/world-anvil/screenshots/Session 57 - Every Door Leads to the King/Session 57-20.webp,5540754,108806,5431948,converted,
assets/world-anvil/screenshots/Session 57 - Every Door Leads to the King/Session 57-21.png,assets/world-anvil/screenshots/Session 57 - Every Door Leads to the King/Session 57-21.webp,8234040,280810,7953230,converted,
assets/world-anvil/screenshots/Session 57 - Every Door Leads to the King/Session 57-22.png,assets/world-anvil/screenshots/Session 57 - Every Door Leads to the King/Session 57-22.webp,8703390,316036,8387354,converted,
assets/world-anvil/screenshots/Session 57 - Every Door Leads to the King/Session 57-23.png,assets/world-anvil/screenshots/Session 57 - Every Door Leads to the King/Session 57-23.webp,10492662,543016,9949646,converted,
assets/world-anvil/screenshots/Session 57 - Every Door Leads to the King/Session 57-24.png,assets/world-anvil/screenshots/Session 57 - Every Door Leads to the King/Session 57-24.webp,9715360,454294,9261066,converted,
assets/world-anvil/screenshots/Session 57 - Every Door Leads to the King/Session 57-25.png,assets/world-anvil/screenshots/Session 57 - Every Door Leads to the King/Session 57-25.webp,10529442,500736,10028706,converted,
assets/world-anvil/screenshots/Session 57 - Every Door Leads to the King/Session 57-26.png,assets/world-anvil/screenshots/Session 57 - Every Door Leads to the King/Session 57-26.webp,8990070,363466,8626604,converted,
assets/world-anvil/screenshots/Session 57 - Every Door Leads to the King/Session 57-27.png,assets/world-anvil/screenshots/Session 57 - Every Door Leads to the King/Session 57-27.webp,2428913,217890,2211023,converted,
assets/world-anvil/screenshots/Session 57 - Every Door Leads to the King/Session 57-28.png,assets/world-anvil/screenshots/Session 57 - Every Door Leads to the King/Session 57-28.webp,2370849,199780,2171069,converted,
assets/world-anvil/screenshots/Session 57 - Every Door Leads to the King/Session 57-29.png,assets/world-anvil/screenshots/Session 57 - Every Door Leads to the King/Session 57-29.webp,2138004,142358,1995646,converted,
assets/world-anvil/screenshots/Session 57 - Every Door Leads to the King/Session 57-30.png,assets/world-anvil/screenshots/Session 57 - Every Door Leads to the King/Session 57-30.webp,2206526,155688,2050838,converted,
assets/world-anvil/screenshots/Session 57 - Every Door Leads to the King/Session 57-31.png,assets/world-anvil/screenshots/Session 57 - Every Door Leads to the King/Session 57-31.webp,2156241,152358,2003883,converted,
assets/world-anvil/screenshots/Session 57 - Every Door Leads to the King/Session 57-32.png,assets/world-anvil/screenshots/Session 57 - Every Door Leads to the King/Session 57-32.webp,2338247,189032,2149215,converted,
assets/world-anvil/screenshots/Session 57 - Every Door Leads to the King/session-57-every-door-leads-to-the-king-33.png,assets/world-anvil/screenshots/Session 57 - Every Door Leads to the King/session-57-every-door-leads-to-the-king-33.webp,4587210,659420,3927790,converted,
assets/world-anvil/screenshots/Session 57 - Every Door Leads to the King/session-57-every-door-leads-to-the-king-34.png,assets/world-anvil/screenshots/Session 57 - Every Door Leads to the King/session-57-every-door-leads-to-the-king-34.webp,4692976,615908,4077068,converted,
assets/world-anvil/screenshots/Session 57 - Every Door Leads to the King/session-57-every-door-leads-to-the-king-35.png,assets/world-anvil/screenshots/Session 57 - Every Door Leads to the King/session-57-every-door-leads-to-the-king-35.webp,4567455,612804,3954651,converted,
assets/world-anvil/screenshots/Session 57 - Every Door Leads to the King/session-57-every-door-leads-to-the-king-36.png,assets/world-anvil/screenshots/Session 57 - Every Door Leads to the King/session-57-every-door-leads-to-the-king-36.webp,3140519,275206,2865313,converted,
assets/world-anvil/screenshots/Session 57 - Every Door Leads to the King/session-57-every-door-leads-to-the-king-37.png,assets/world-anvil/screenshots/Session 57 - Every Door Leads to the King/session-57-every-door-leads-to-the-king-37.webp,4076657,527522,3549135,converted,
assets/world-anvil/screenshots/Session 58 - Tyrant S Last Refuge/Session 58-01.png,assets/world-anvil/screenshots/Session 58 - Tyrant S Last Refuge/Session 58-01.webp,6958822,264530,6694292,converted,
assets/world-anvil/screenshots/Session 58 - Tyrant S Last Refuge/Session 58-02.png,assets/world-anvil/screenshots/Session 58 - Tyrant S Last Refuge/Session 58-02.webp,9002497,423906,8578591,converted,
assets/world-anvil/screenshots/Session 58 - Tyrant S Last Refuge/Session 58-03.png,assets/world-anvil/screenshots/Session 58 - Tyrant S Last Refuge/Session 58-03.webp,9977804,472826,9504978,converted,
assets/world-anvil/screenshots/Session 58 - Tyrant S Last Refuge/Session 58-04.png,assets/world-anvil/screenshots/Session 58 - Tyrant S Last Refuge/Session 58-04.webp,8972937,424776,8548161,converted,
assets/world-anvil/screenshots/Session 58 - Tyrant S Last Refuge/Session 58-05.png,assets/world-anvil/screenshots/Session 58 - Tyrant S Last Refuge/Session 58-05.webp,9976149,444674,9531475,converted,
assets/world-anvil/screenshots/Session 58 - Tyrant S Last Refuge/Session 58-06.png,assets/world-anvil/screenshots/Session 58 - Tyrant S Last Refuge/Session 58-06.webp,10740006,462420,10277586,converted,
assets/world-anvil/screenshots/Session 58 - Tyrant S Last Refuge/Session 58-07.png,assets/world-anvil/screenshots/Session 58 - Tyrant S Last Refuge/Session 58-07.webp,10609167,582864,10026303,converted,
assets/world-anvil/screenshots/Session 58 - Tyrant S Last Refuge/Session 58-08.png,assets/world-anvil/screenshots/Session 58 - Tyrant S Last Refuge/Session 58-08.webp,10697272,596610,10100662,converted,
assets/world-anvil/screenshots/Session 58 - Tyrant S Last Refuge/Session 58-09.png,assets/world-anvil/screenshots/Session 58 - Tyrant S Last Refuge/Session 58-09.webp,9128891,302478,8826413,converted,
assets/world-anvil/screenshots/Session 58 - Tyrant S Last Refuge/Session 58-10.png,assets/world-anvil/screenshots/Session 58 - Tyrant S Last Refuge/Session 58-10.webp,9120068,308304,8811764,converted,
assets/world-anvil/screenshots/Session 58 - Tyrant S Last Refuge/Session 58-11.png,assets/world-anvil/screenshots/Session 58 - Tyrant S Last Refuge/Session 58-11.webp,10030136,372526,9657610,converted,
assets/world-anvil/screenshots/Session 58 - Tyrant S Last Refuge/Session 58-12.png,assets/world-anvil/screenshots/Session 58 - Tyrant S Last Refuge/Session 58-12.webp,9097944,287460,8810484,converted,
assets/world-anvil/screenshots/Session 58 - Tyrant S Last Refuge/Session 58-13.png,assets/world-anvil/screenshots/Session 58 - Tyrant S Last Refuge/Session 58-13.webp,9381737,329774,9051963,converted,
assets/world-anvil/screenshots/Session 58 - Tyrant S Last Refuge/Session 58-14.png,assets/world-anvil/screenshots/Session 58 - Tyrant S Last Refuge/Session 58-14.webp,9673045,360830,9312215,converted,
assets/world-anvil/screenshots/Session 58 - Tyrant S Last Refuge/session-58-tyrant-s-last-refuge-15.png,assets/world-anvil/screenshots/Session 58 - Tyrant S Last Refuge/session-58-tyrant-s-last-refuge-15.webp,4744970,626732,4118238,converted,
assets/world-anvil/screenshots/Session 58 - Tyrant S Last Refuge/session-58-tyrant-s-last-refuge-16.png,assets/world-anvil/screenshots/Session 58 - Tyrant S Last Refuge/session-58-tyrant-s-last-refuge-16.webp,4458100,566502,3891598,converted,
assets/world-anvil/screenshots/Session 58 - Tyrant S Last Refuge/session-58-tyrant-s-last-refuge-17.png,assets/world-anvil/screenshots/Session 58 - Tyrant S Last Refuge/session-58-tyrant-s-last-refuge-17.webp,3670915,413878,3257037,converted,
assets/world-anvil/screenshots/Session 58 - Tyrant S Last Refuge/session-58-tyrant-s-last-refuge-18.png,assets/world-anvil/screenshots/Session 58 - Tyrant S Last Refuge/session-58-tyrant-s-last-refuge-18.webp,2925120,230250,2694870,converted,
assets/world-anvil/screenshots/Session 58 - Tyrant S Last Refuge/session-58-tyrant-s-last-refuge-19.png,assets/world-anvil/screenshots/Session 58 - Tyrant S Last Refuge/session-58-tyrant-s-last-refuge-19.webp,4144519,512082,3632437,converted,
assets/world-anvil/screenshots/Session 59 - There Is No Reyoknar/Session 59-01.png,assets/world-anvil/screenshots/Session 59 - There Is No Reyoknar/Session 59-01.webp,9840657,543752,9296905,converted,
assets/world-anvil/screenshots/Session 59 - There Is No Reyoknar/Session 59-02.png,assets/world-anvil/screenshots/Session 59 - There Is No Reyoknar/Session 59-02.webp,9183849,473032,8710817,converted,
assets/world-anvil/screenshots/Session 59 - There Is No Reyoknar/Session 59-03.png,assets/world-anvil/screenshots/Session 59 - There Is No Reyoknar/Session 59-03.webp,10285437,588898,9696539,converted,
assets/world-anvil/screenshots/Session 59 - There Is No Reyoknar/Session 59-04.png,assets/world-anvil/screenshots/Session 59 - There Is No Reyoknar/Session 59-04.webp,6819306,263470,6555836,converted,
assets/world-anvil/screenshots/Session 59 - There Is No Reyoknar/Session 59-05.png,assets/world-anvil/screenshots/Session 59 - There Is No Reyoknar/Session 59-05.webp,9002705,488226,8514479,converted,
assets/world-anvil/screenshots/Session 59 - There Is No Reyoknar/Session 59-06.png,assets/world-anvil/screenshots/Session 59 - There Is No Reyoknar/Session 59-06.webp,8377847,399290,7978557,converted,
assets/world-anvil/screenshots/Session 59 - There Is No Reyoknar/Session 59-07.png,assets/world-anvil/screenshots/Session 59 - There Is No Reyoknar/Session 59-07.webp,8129994,394134,7735860,converted,
assets/world-anvil/screenshots/Session 59 - There Is No Reyoknar/Session 59-08.png,assets/world-anvil/screenshots/Session 59 - There Is No Reyoknar/Session 59-08.webp,9673476,671158,9002318,converted,
assets/world-anvil/screenshots/Session 59 - There Is No Reyoknar/Session 59-09.png,assets/world-anvil/screenshots/Session 59 - There Is No Reyoknar/Session 59-09.webp,8529330,418590,8110740,converted,
assets/world-anvil/screenshots/Session 59 - There Is No Reyoknar/Session 59-10.png,assets/world-anvil/screenshots/Session 59 - There Is No Reyoknar/Session 59-10.webp,8166797,399426,7767371,converted,
assets/world-anvil/screenshots/Session 59 - There Is No Reyoknar/Session 59-11.png,assets/world-anvil/screenshots/Session 59 - There Is No Reyoknar/Session 59-11.webp,8010370,415796,7594574,converted,
assets/world-anvil/screenshots/Session 59 - There Is No Reyoknar/Session 59-12.png,assets/world-anvil/screenshots/Session 59 - There Is No Reyoknar/Session 59-12.webp,7247139,322882,6924257,converted,
assets/world-anvil/screenshots/Session 59 - There Is No Reyoknar/Session 59-13.png,assets/world-anvil/screenshots/Session 59 - There Is No Reyoknar/Session 59-13.webp,8416576,435442,7981134,converted,
assets/world-anvil/screenshots/Session 59 - There Is No Reyoknar/Session 59-14.png,assets/world-anvil/screenshots/Session 59 - There Is No Reyoknar/Session 59-14.webp,8172283,354078,7818205,converted,
assets/world-anvil/screenshots/Session 59 - There Is No Reyoknar/Session 59-15.png,assets/world-anvil/screenshots/Session 59 - There Is No Reyoknar/Session 59-15.webp,7479941,356358,7123583,converted,
assets/world-anvil/screenshots/Session 59 - There Is No Reyoknar/Session 59-16.png,assets/world-anvil/screenshots/Session 59 - There Is No Reyoknar/Session 59-16.webp,8285729,424228,7861501,converted,
assets/world-anvil/screenshots/Session 59 - There Is No Reyoknar/Session 59-17.png,assets/world-anvil/screenshots/Session 59 - There Is No Reyoknar/Session 59-17.webp,7361826,291004,7070822,converted,
assets/world-anvil/screenshots/Session 59 - There Is No Reyoknar/Session 59-18.png,assets/world-anvil/screenshots/Session 59 - There Is No Reyoknar/Session 59-18.webp,7933747,401160,7532587,converted,
assets/world-anvil/screenshots/Session 59 - There Is No Reyoknar/Session 59-19.png,assets/world-anvil/screenshots/Session 59 - There Is No Reyoknar/Session 59-19.webp,8297824,438946,7858878,converted,
assets/world-anvil/screenshots/Session 59 - There Is No Reyoknar/Session 59-20.png,assets/world-anvil/screenshots/Session 59 - There Is No Reyoknar/Session 59-20.webp,8163287,345666,7817621,converted,
assets/world-anvil/screenshots/Session 59 - There Is No Reyoknar/Session 59-21.png,assets/world-anvil/screenshots/Session 59 - There Is No Reyoknar/Session 59-21.webp,7874938,367418,7507520,converted,
assets/world-anvil/screenshots/Session 59 - There Is No Reyoknar/Session 59-22.png,assets/world-anvil/screenshots/Session 59 - There Is No Reyoknar/Session 59-22.webp,6939829,284716,6655113,converted,
assets/world-anvil/screenshots/Session 59 - There Is No Reyoknar/Session 59-23.png,assets/world-anvil/screenshots/Session 59 - There Is No Reyoknar/Session 59-23.webp,7237690,290778,6946912,converted,
assets/world-anvil/screenshots/Session 59 - There Is No Reyoknar/Session 59-24.png,assets/world-anvil/screenshots/Session 59 - There Is No Reyoknar/Session 59-24.webp,6355761,233988,6121773,converted,
assets/world-anvil/screenshots/Session 59 - There Is No Reyoknar/Session 59-25.png,assets/world-anvil/screenshots/Session 59 - There Is No Reyoknar/Session 59-25.webp,6769911,245852,6524059,converted,
assets/world-anvil/screenshots/Session 59 - There Is No Reyoknar/Session 59-26.png,assets/world-anvil/screenshots/Session 59 - There Is No Reyoknar/Session 59-26.webp,7406288,307814,7098474,converted,
assets/world-anvil/screenshots/Session 59 - There Is No Reyoknar/Session 59-27.png,assets/world-anvil/screenshots/Session 59 - There Is No Reyoknar/Session 59-27.webp,7174773,292194,6882579,converted,
assets/world-anvil/screenshots/Session 59 - There Is No Reyoknar/Session 59-28.png,assets/world-anvil/screenshots/Session 59 - There Is No Reyoknar/Session 59-28.webp,8113495,325504,7787991,converted,
assets/world-anvil/screenshots/Session 59 - There Is No Reyoknar/Session 59-29.png,assets/world-anvil/screenshots/Session 59 - There Is No Reyoknar/Session 59-29.webp,2205869,250378,1955491,converted,
assets/world-anvil/screenshots/Session 59 - There Is No Reyoknar/Session 59-30.png,assets/world-anvil/screenshots/Session 59 - There Is No Reyoknar/Session 59-30.webp,1972168,191878,1780290,converted,
assets/world-anvil/screenshots/Session 59 - There Is No Reyoknar/Session 59-31.png,assets/world-anvil/screenshots/Session 59 - There Is No Reyoknar/Session 59-31.webp,2206506,262094,1944412,converted,
assets/world-anvil/screenshots/Session 59 - There Is No Reyoknar/Session 59-32.png,assets/world-anvil/screenshots/Session 59 - There Is No Reyoknar/Session 59-32.webp,1950470,175828,1774642,converted,
assets/world-anvil/screenshots/Session 59 - There Is No Reyoknar/Session 59-33.png,assets/world-anvil/screenshots/Session 59 - There Is No Reyoknar/Session 59-33.webp,2098151,227602,1870549,converted,
assets/world-anvil/screenshots/Session 59 - There Is No Reyoknar/Session 59-34.png,assets/world-anvil/screenshots/Session 59 - There Is No Reyoknar/Session 59-34.webp,1993844,187608,1806236,converted,
assets/world-anvil/screenshots/Session 59 - There Is No Reyoknar/session-59-there-is-no-reyoknar-35.png,assets/world-anvil/screenshots/Session 59 - There Is No Reyoknar/session-59-there-is-no-reyoknar-35.webp,4064241,647852,3416389,converted,
assets/world-anvil/screenshots/Session 59 - There Is No Reyoknar/session-59-there-is-no-reyoknar-36.png,assets/world-anvil/screenshots/Session 59 - There Is No Reyoknar/session-59-there-is-no-reyoknar-36.webp,3837714,535176,3302538,converted,
assets/world-anvil/screenshots/Session 59 - There Is No Reyoknar/session-59-there-is-no-reyoknar-37.png,assets/world-anvil/screenshots/Session 59 - There Is No Reyoknar/session-59-there-is-no-reyoknar-37.webp,3851434,527756,3323678,converted,
assets/world-anvil/screenshots/Session 59 - There Is No Reyoknar/session-59-there-is-no-reyoknar-38.png,assets/world-anvil/screenshots/Session 59 - There Is No Reyoknar/session-59-there-is-no-reyoknar-38.webp,2640545,173428,2467117,converted,
assets/world-anvil/screenshots/Session 59 - There Is No Reyoknar/session-59-there-is-no-reyoknar-39.png,assets/world-anvil/screenshots/Session 59 - There Is No Reyoknar/session-59-there-is-no-reyoknar-39.webp,3523710,449140,3074570,converted,
assets/world-anvil/screenshots/Session 60 - The Years Between/3712c670-e581-44b8-9531-3f8f58a52f9d.png,assets/world-anvil/screenshots/Session 60 - The Years Between/3712c670-e581-44b8-9531-3f8f58a52f9d.webp,2657064,216320,2440744,converted,
assets/world-anvil/screenshots/Session 60 - The Years Between/8d342ff5-a743-4a11-9c8a-62c19bdb37f0.png,assets/world-anvil/screenshots/Session 60 - The Years Between/8d342ff5-a743-4a11-9c8a-62c19bdb37f0.webp,3164373,340764,2823609,converted,
assets/world-anvil/screenshots/Session 60 - The Years Between/Ally.png,assets/world-anvil/screenshots/Session 60 - The Years Between/Ally.webp,2209514,169312,2040202,converted,
assets/world-anvil/screenshots/Session 60 - The Years Between/Ant.png,assets/world-anvil/screenshots/Session 60 - The Years Between/Ant.webp,2424033,230798,2193235,converted,
assets/world-anvil/screenshots/Session 60 - The Years Between/Elowyn - original blue vestments.png,assets/world-anvil/screenshots/Session 60 - The Years Between/Elowyn - original blue vestments.webp,2355529,220138,2135391,converted,
assets/world-anvil/screenshots/Session 60 - The Years Between/Elowyn.png,assets/world-anvil/screenshots/Session 60 - The Years Between/Elowyn.webp,3026708,272622,2754086,converted,
assets/world-anvil/screenshots/Session 60 - The Years Between/Fitz.png,assets/world-anvil/screenshots/Session 60 - The Years Between/Fitz.webp,2365359,218958,2146401,converted,
assets/world-anvil/screenshots/Session 60 - The Years Between/Matteo.png,assets/world-anvil/screenshots/Session 60 - The Years Between/Matteo.webp,2313418,218594,2094824,converted,
assets/world-anvil/screenshots/Session 60 - The Years Between/Seamus.png,assets/world-anvil/screenshots/Session 60 - The Years Between/Seamus.webp,2272987,201222,2071765,converted,
assets/world-anvil/screenshots/Session 60 - The Years Between/Session 60-01.png,assets/world-anvil/screenshots/Session 60 - The Years Between/Session 60-01.webp,8999427,324380,8675047,converted,
assets/world-anvil/screenshots/Session 60 - The Years Between/Session 60-02.png,assets/world-anvil/screenshots/Session 60 - The Years Between/Session 60-02.webp,10017279,484712,9532567,converted,
assets/world-anvil/screenshots/Session 60 - The Years Between/Session 60-03.png,assets/world-anvil/screenshots/Session 60 - The Years Between/Session 60-03.webp,8451266,305528,8145738,converted,
assets/world-anvil/screenshots/Session 60 - The Years Between/Session 60-04.png,assets/world-anvil/screenshots/Session 60 - The Years Between/Session 60-04.webp,9843189,410816,9432373,converted,
assets/world-anvil/screenshots/Session 60 - The Years Between/Session 60-05.png,assets/world-anvil/screenshots/Session 60 - The Years Between/Session 60-05.webp,9243555,362696,8880859,converted,
assets/world-anvil/screenshots/Session 60 - The Years Between/Session 60-06.png,assets/world-anvil/screenshots/Session 60 - The Years Between/Session 60-06.webp,8626896,307376,8319520,converted,
assets/world-anvil/screenshots/Session 60 - The Years Between/Session 60-07.png,assets/world-anvil/screenshots/Session 60 - The Years Between/Session 60-07.webp,10405138,534498,9870640,converted,
assets/world-anvil/screenshots/Session 60 - The Years Between/Session 60-08.png,assets/world-anvil/screenshots/Session 60 - The Years Between/Session 60-08.webp,9724364,444544,9279820,converted,
assets/world-anvil/screenshots/Session 60 - The Years Between/Session 60-09.png,assets/world-anvil/screenshots/Session 60 - The Years Between/Session 60-09.webp,3129248,340764,2788484,converted,
assets/world-anvil/screenshots/Session 60 - The Years Between/Session 60-10.png,assets/world-anvil/screenshots/Session 60 - The Years Between/Session 60-10.webp,2591274,216320,2374954,converted,
assets/world-anvil/screenshots/Session 60 - The Years Between/Session 60-11.png,assets/world-anvil/screenshots/Session 60 - The Years Between/Session 60-11.webp,9133155,384630,8748525,converted,
assets/world-anvil/screenshots/Session 60 - The Years Between/Session 60-12.png,assets/world-anvil/screenshots/Session 60 - The Years Between/Session 60-12.webp,11156972,611710,10545262,converted,
assets/world-anvil/screenshots/Session 60 - The Years Between/Session 60-13.png,assets/world-anvil/screenshots/Session 60 - The Years Between/Session 60-13.webp,10695040,536180,10158860,converted,
assets/world-anvil/screenshots/Session 60 - The Years Between/Session 60-14.png,assets/world-anvil/screenshots/Session 60 - The Years Between/Session 60-14.webp,10323604,487026,9836578,converted,
assets/world-anvil/screenshots/Session 60 - The Years Between/Session 60-15.png,assets/world-anvil/screenshots/Session 60 - The Years Between/Session 60-15.webp,11602248,611526,10990722,converted,
assets/world-anvil/screenshots/Session 60 - The Years Between/Session 60-17.png,assets/world-anvil/screenshots/Session 60 - The Years Between/Session 60-17.webp,4743653,658750,4084903,converted,
assets/world-anvil/screenshots/Session 60 - The Years Between/session-60-the-years-between-16.png,assets/world-anvil/screenshots/Session 60 - The Years Between/session-60-the-years-between-16.webp,3714207,379692,3334515,converted,
assets/world-anvil/screenshots/Session 60 - The Years Between/session-60-the-years-between-17.png,assets/world-anvil/screenshots/Session 60 - The Years Between/session-60-the-years-between-17.webp,4644136,590872,4053264,converted,
assets/world-anvil/screenshots/Session 60 - The Years Between/session-60-the-years-between-18.png,assets/world-anvil/screenshots/Session 60 - The Years Between/session-60-the-years-between-18.webp,4613755,598760,4014995,converted,
assets/world-anvil/screenshots/Session 60 - The Years Between/session-60-the-years-between-19.png,assets/world-anvil/screenshots/Session 60 - The Years Between/session-60-the-years-between-19.webp,4741880,607452,4134428,converted,
assets/world-anvil/screenshots/Session 61 - Breaking the Seal/Ally.png,assets/world-anvil/screenshots/Session 61 - Breaking the Seal/Ally.webp,2412899,239346,2173553,converted,
assets/world-anvil/screenshots/Session 61 - Breaking the Seal/Ant.png,assets/world-anvil/screenshots/Session 61 - Breaking the Seal/Ant.webp,2330538,213334,2117204,converted,
assets/world-anvil/screenshots/Session 61 - Breaking the Seal/Elowyn.png,assets/world-anvil/screenshots/Session 61 - Breaking the Seal/Elowyn.webp,2569472,280366,2289106,converted,
assets/world-anvil/screenshots/Session 61 - Breaking the Seal/Lurk.png,assets/world-anvil/screenshots/Session 61 - Breaking the Seal/Lurk.webp,2484320,257184,2227136,converted,
assets/world-anvil/screenshots/Session 61 - Breaking the Seal/Party Portrait.png,assets/world-anvil/screenshots/Session 61 - Breaking the Seal/Party Portrait.webp,1896568,144434,1752134,converted,
assets/world-anvil/screenshots/Session 61 - Breaking the Seal/Seamus.png,assets/world-anvil/screenshots/Session 61 - Breaking the Seal/Seamus.webp,2410334,236734,2173600,converted,
assets/world-anvil/screenshots/Session 61 - Breaking the Seal/Session 61-01.png,assets/world-anvil/screenshots/Session 61 - Breaking the Seal/Session 61-01.webp,6114685,187894,5926791,converted,
assets/world-anvil/screenshots/Session 61 - Breaking the Seal/Session 61-02.png,assets/world-anvil/screenshots/Session 61 - Breaking the Seal/Session 61-02.webp,6464052,213482,6250570,converted,
assets/world-anvil/screenshots/Session 61 - Breaking the Seal/Session 61-03.png,assets/world-anvil/screenshots/Session 61 - Breaking the Seal/Session 61-03.webp,6023382,130936,5892446,converted,
assets/world-anvil/screenshots/Session 61 - Breaking the Seal/Session 61-04.png,assets/world-anvil/screenshots/Session 61 - Breaking the Seal/Session 61-04.webp,8540458,340482,8199976,converted,
assets/world-anvil/screenshots/Session 61 - Breaking the Seal/Session 61-05.png,assets/world-anvil/screenshots/Session 61 - Breaking the Seal/Session 61-05.webp,7499377,284414,7214963,converted,
assets/world-anvil/screenshots/Session 61 - Breaking the Seal/Session 61-06.png,assets/world-anvil/screenshots/Session 61 - Breaking the Seal/Session 61-06.webp,6921041,216468,6704573,converted,
assets/world-anvil/screenshots/Session 61 - Breaking the Seal/Session 61-07.png,assets/world-anvil/screenshots/Session 61 - Breaking the Seal/Session 61-07.webp,7106550,247788,6858762,converted,
assets/world-anvil/screenshots/Session 61 - Breaking the Seal/Session 61-08.png,assets/world-anvil/screenshots/Session 61 - Breaking the Seal/Session 61-08.webp,6522048,200772,6321276,converted,
assets/world-anvil/screenshots/Session 61 - Breaking the Seal/Session 61-09.png,assets/world-anvil/screenshots/Session 61 - Breaking the Seal/Session 61-09.webp,7002029,264966,6737063,converted,
assets/world-anvil/screenshots/Session 61 - Breaking the Seal/Session 61-10.png,assets/world-anvil/screenshots/Session 61 - Breaking the Seal/Session 61-10.webp,7588308,342312,7245996,converted,
assets/world-anvil/screenshots/Session 61 - Breaking the Seal/Session 61-11.png,assets/world-anvil/screenshots/Session 61 - Breaking the Seal/Session 61-11.webp,7469015,278008,7191007,converted,
assets/world-anvil/screenshots/Session 61 - Breaking the Seal/Session 61-12.png,assets/world-anvil/screenshots/Session 61 - Breaking the Seal/Session 61-12.webp,9751275,393668,9357607,converted,
assets/world-anvil/screenshots/Session 61 - Breaking the Seal/session-61-breaking-the-seal-13.png,assets/world-anvil/screenshots/Session 61 - Breaking the Seal/session-61-breaking-the-seal-13.webp,4743653,678612,4065041,converted,
assets/world-anvil/screenshots/Session 61 - Breaking the Seal/session-61-breaking-the-seal-14.png,assets/world-anvil/screenshots/Session 61 - Breaking the Seal/session-61-breaking-the-seal-14.webp,2735444,351116,2384328,converted,
assets/world-anvil/screenshots/Session 61 - Breaking the Seal/session-61-breaking-the-seal-15.png,assets/world-anvil/screenshots/Session 61 - Breaking the Seal/session-61-breaking-the-seal-15.webp,4741880,696204,4045676,converted,
assets/world-anvil/screenshots/Session 61 - Breaking the Seal/session-61-breaking-the-seal-16.png,assets/world-anvil/screenshots/Session 61 - Breaking the Seal/session-61-breaking-the-seal-16.webp,3103526,248070,2855456,converted,
assets/world-anvil/screenshots/Session 61 - Breaking the Seal/session-61-breaking-the-seal-17.png,assets/world-anvil/screenshots/Session 61 - Breaking the Seal/session-61-breaking-the-seal-17.webp,4540493,603856,3936637,converted,
