status,session,source,destination,duplicate_of,sha256,note
move,Session 4,assets/world-anvil/screenshots-originals/Session 4/Session 4-01.png,assets/world-anvil/screenshots/Session 4/Session 4-01.png,,80f4ca6856acad26a106939dd4d277a8f5150d7ee6816c76627ed3b0cf1c7254,
move,Session 4,assets/world-anvil/screenshots-originals/Session 4/Session 4-02.png,assets/world-anvil/screenshots/Session 4/Session 4-02.png,,271d2cbfa6de7be561197be990dda2f9396c302630f8eb17a67ce6a69738f501,
move,Session 5,assets/world-anvil/screenshots-originals/Session 5/Session 5-01.png,assets/world-anvil/screenshots/Session 5/Session 5-01.png,,abb615f92f9980f7ebffeb6de869b177081daee3b00869a7b6f15649db3b2f6c,
move,Session 6,assets/world-anvil/screenshots-originals/Session 6/Session 6-01.jpeg,assets/world-anvil/screenshots/Session 6/Session 6-01.jpeg,,fe89920112040a6ec34bc5ba9741d78a6fd2c6a82124bd42013e512e17bba8b8,
move,Session 6,assets/world-anvil/screenshots-originals/Session 6/Session 6-02.jpeg,assets/world-anvil/screenshots/Session 6/Session 6-02.jpeg,,a49281c0b57de2ec182193f681eb7d24551c183190442a70ca0d263107385121,
move,Session 6,assets/world-anvil/screenshots-originals/Session 6/Session 6-03.jpeg,assets/world-anvil/screenshots/Session 6/Session 6-03.jpeg,,28b2bf5634639cb8127267b98a19889c90fa0df895111e81564958dc2f0905c8,
move,Session 6,assets/world-anvil/screenshots-originals/Session 6/Session 6-04.jpeg,assets/world-anvil/screenshots/Session 6/Session 6-04.jpeg,,65cc2f53b89f8ad7dbc6d81a3094658e047109cb84bdebdf8dc74e18bb3bb200,
move,Session 6,assets/world-anvil/screenshots-originals/Session 6/Session 6-05.jpeg,assets/world-anvil/screenshots/Session 6/Session 6-05.jpeg,,1d38a09a70b28d5516036e7cdcf0a355b46b4c95a60723ff13237ed1405e7d38,
move,Session 6,assets/world-anvil/screenshots-originals/Session 6/Session 6-06.jpeg,assets/world-anvil/screenshots/Session 6/Session 6-06.jpeg,,719ae912622c684df7b15c8152b4ec256f283d252d2ba8dc610ce7b98f67d7c8,
move,Session 6,assets/world-anvil/screenshots-originals/Session 6/Session 6-07.jpeg,assets/world-anvil/screenshots/Session 6/Session 6-07.jpeg,,29432fd6d335b1a4bee7dfbe39f4f79f2ee1dcf8fdd676277d9e70f9dd4950c6,
move,Session 6,assets/world-anvil/screenshots-originals/Session 6/Session 6-08.jpeg,assets/world-anvil/screenshots/Session 6/Session 6-08.jpeg,,c4060e8527849036939cbe7526c192dae4f3e1417c3d7a06ba35c317de5d6a41,
move,Session 6,assets/world-anvil/screenshots-originals/Session 6/Session 6-09.jpeg,assets/world-anvil/screenshots/Session 6/Session 6-09.jpeg,,597413211dee1831d1794265537c039954e983362cf53d776ba996b5a5d5bfe4,
move,Session 7,assets/world-anvil/screenshots-originals/Session 7/Session 7-01.png,assets/world-anvil/screenshots/Session 07/Session 7-01.png,,dc5020dd9054ead0e44126c0875b60e466d94bdaf88bcfe4a468c2e3cfd6e4b9,
move,Session 7,assets/world-anvil/screenshots-originals/Session 7/Session 7-02.png,assets/world-anvil/screenshots/Session 07/Session 7-02.png,,994f476642b9bb0cd5a2168bdbb153bdd0f620110a04eb7faac24d82f9b390bc,
move,Session 7,assets/world-anvil/screenshots-originals/Session 7/Session 7-03.png,assets/world-anvil/screenshots/Session 07/Session 7-03.png,,e9c2821d685425b2d7880b7ac8d6a8b7d16630cae1a10ee8e8cbeb94c5bfba85,
move,Session 7,assets/world-anvil/screenshots-originals/Session 7/Session 7-04.png,assets/world-anvil/screenshots/Session 07/Session 7-04.png,,6de015f80c4be16f86cd259b11b97862bc8b4bb937923a7a16ddcc091ba85dc8,
move,Session 7,assets/world-anvil/screenshots-originals/Session 7/Session 7-05.png,assets/world-anvil/screenshots/Session 07/Session 7-05.png,,3fbcb87f0325c5fb08b8176d2db91b26ed1fa6e0cd713f3a8494825362d6e62a,
move,Session 7,assets/world-anvil/screenshots-originals/Session 7/Session 7-06.png,assets/world-anvil/screenshots/Session 07/Session 7-06.png,,ac3d9f8b0d64c55ca692b6c51d025456bbf54b3544bf6d90ff207a7280536c92,
move,Session 7,assets/world-anvil/screenshots-originals/Session 7/Session 7-07.png,assets/world-anvil/screenshots/Session 07/Session 7-07.png,,9c97dc3c1ef01a8804d37f7b78be9559442aa53d231e12bdc98c387a9ac27284,
move,Session 7,assets/world-anvil/screenshots-originals/Session 7/Session 7-08.png,assets/world-anvil/screenshots/Session 07/Session 7-08.png,,9e6b85e55f8299d2a762da87c2726e6ed4da07342bb0c59b67086afd7207fa03,
move,Session 7,assets/world-anvil/screenshots-originals/Session 7/Session 7-09.webp,assets/world-anvil/screenshots/Session 07/Session 7-09.webp,,964a359db97ac165a4c20e5f93146185a18de5948bba2ecbb362621d1281012b,
move,Session 7,assets/world-anvil/screenshots-originals/Session 7/Session 7-10.png,assets/world-anvil/screenshots/Session 07/Session 7-10.png,,6a56bb462d93f70362a233c564dce7abc5b84bd3d516600c85f5ee394a94832e,
move,Session 7,assets/world-anvil/screenshots-originals/Session 7/Session 7-11.png,assets/world-anvil/screenshots/Session 07/Session 7-11.png,,cab06f89be28e7447755ffb5449e844511393688913baf71ea80044af35c8edb,
move,Session 7,assets/world-anvil/screenshots-originals/Session 7/Session 7-12.png,assets/world-anvil/screenshots/Session 07/Session 7-12.png,,640b61f7245a69955b1e1781d40d4514aa669ab557e5b57a8849a873bd4e60d2,
move,Session 8,assets/world-anvil/screenshots-originals/Session 8/Session 8-01.webp,assets/world-anvil/screenshots/Session 08/Session 8-01.webp,,9a08849e7afc9fdf9ddc741f7f303e489755ebceccea89d16719aed63f6d5f7f,
move,Session 8,assets/world-anvil/screenshots-originals/Session 8/Session 8-02.webp,assets/world-anvil/screenshots/Session 08/Session 8-02.webp,,7ea3b9ccf8e51c471c574c2a4ac5a7c2b36d64cf5bedc2158dbed5a1e770596e,
move,Session 8,assets/world-anvil/screenshots-originals/Session 8/Session 8-03.webp,assets/world-anvil/screenshots/Session 08/Session 8-03.webp,,f54c8bc7c16668b43952070f32d7bcb69a6ff1e0838f3ef8d54b2905c011c352,
move,Session 8,assets/world-anvil/screenshots-originals/Session 8/Session 8-04.webp,assets/world-anvil/screenshots/Session 08/Session 8-04.webp,,39dead3c03ae08394e1372a5cc1ff7d88a88407d1f1f691550d30e295c0db711,
move,Session 8,assets/world-anvil/screenshots-originals/Session 8/Session 8-05.webp,assets/world-anvil/screenshots/Session 08/Session 8-05.webp,,59c7052d02c0aba66751abb99c732e2784b231f3a27dc300a0193070bbb31083,
move,Session 8,assets/world-anvil/screenshots-originals/Session 8/Session 8-06.webp,assets/world-anvil/screenshots/Session 08/Session 8-06.webp,,70d971126ed99b94bcea14e9df047fc88c5c7a0caa698ae3aab0a4ec549152ef,
move,Session 8,assets/world-anvil/screenshots-originals/Session 8/Session 8-07.webp,assets/world-anvil/screenshots/Session 08/Session 8-07.webp,,d3f07cf723e8b11c7e01fb5cc053132d5195af1d1db3765bd4476633765343e2,
move,Session 8,assets/world-anvil/screenshots-originals/Session 8/Session 8-08.webp,assets/world-anvil/screenshots/Session 08/Session 8-08.webp,,511a9e9fecf80c09fa9009f0419334639a4a571b24c040dea1e478b3c8ed243c,
move,Session 8,assets/world-anvil/screenshots-originals/Session 8/Session 8-09.webp,assets/world-anvil/screenshots/Session 08/Session 8-09.webp,,39a24efcc00f500c55453d653ada182cf35599ab151906a87e6f2c789ada9ae5,
move,Session 8,assets/world-anvil/screenshots-originals/Session 8/Session 8-10.webp,assets/world-anvil/screenshots/Session 08/Session 8-10.webp,,47e7946e10af78159d128dc5d354c93ac068aa1741be4069be8351aa273a6c20,
move,Session 8,assets/world-anvil/screenshots-originals/Session 8/Session 8-11.webp,assets/world-anvil/screenshots/Session 08/Session 8-11.webp,,c21aa90cd7e1556eeb30774cfa69a157a266b0b963be7b48cfe689979019c6e9,
move,Session 8,assets/world-anvil/screenshots-originals/Session 8/Session 8-12.webp,assets/world-anvil/screenshots/Session 08/Session 8-12.webp,,a7638d10e536c6e870d42470a459755c8668bd2c2a7f1d18b5129c490314df04,
move,Session 8,assets/world-anvil/screenshots-originals/Session 8/Session 8-13.webp,assets/world-anvil/screenshots/Session 08/Session 8-13.webp,,7c48f9b62b025c62f42df4b59351b53b6cfdd8d63c85c199987c3023a08e97c3,
move,Session 8,assets/world-anvil/screenshots-originals/Session 8/Session 8-14.webp,assets/world-anvil/screenshots/Session 08/Session 8-14.webp,,a40e69928298d0f4d159f0601c4bc3baea3cdf5ca2264d492062658ad679ffe7,
move,Session 8,assets/world-anvil/screenshots-originals/Session 8/Session 8-15.webp,assets/world-anvil/screenshots/Session 08/Session 8-15.webp,,6a3ffe4fe1eb3e8d8913db8943d702fc9f1fb0a1ced8f4839b3f484b077c4737,
move,Session 8,assets/world-anvil/screenshots-originals/Session 8/Session 8-16.webp,assets/world-anvil/screenshots/Session 08/Session 8-16.webp,,6adbb4429f41489714a70a2af406e085e61190861243d7d740dc874e2e91c63c,
move,Session 9,assets/world-anvil/screenshots-originals/Session 9/Session 9-01.webp,assets/world-anvil/screenshots/Session 09/Session 9-01.webp,,998e8f523f6d8c8a4e370b467a4b7dd7cac33c4adda342b1f9c0f4a749bdeabb,
move,Session 9,assets/world-anvil/screenshots-originals/Session 9/Session 9-02.webp,assets/world-anvil/screenshots/Session 09/Session 9-02.webp,,95bef6d465374fc1b75fbc4d838c16ecc56cf7ee7005fc25f2c403c7ecff2c0d,
move,Session 9,assets/world-anvil/screenshots-originals/Session 9/Session 9-03.webp,assets/world-anvil/screenshots/Session 09/Session 9-03.webp,,f42ac371be142477656a78ae1301ef28c434bc4e8dd4858716aa62e9c8e0ffcd,
move,Session 9,assets/world-anvil/screenshots-originals/Session 9/Session 9-04.webp,assets/world-anvil/screenshots/Session 09/Session 9-04.webp,,b1fc08d6125eaea25d6811b9c7390ad60454397b5a52ea4b577c2e83f2484958,
move,Session 9,assets/world-anvil/screenshots-originals/Session 9/Session 9-05.webp,assets/world-anvil/screenshots/Session 09/Session 9-05.webp,,1a105cdf0efb8e66060b809e41b40736ce64a4d8e5e6dc378978cd487ddbb541,
move,Session 9,assets/world-anvil/screenshots-originals/Session 9/Session 9-06.webp,assets/world-anvil/screenshots/Session 09/Session 9-06.webp,,417cc29c57cba74c1bbd461b855111f7ae16ab84b509556a3c8ad557eb1b5dc3,
move,Session 9,assets/world-anvil/screenshots-originals/Session 9/Session 9-07.webp,assets/world-anvil/screenshots/Session 09/Session 9-07.webp,,a009f41cec53984188b7f3fe599f306d6ceb1e6621129073e7d662a45c8761a6,
move,Session 9,assets/world-anvil/screenshots-originals/Session 9/Session 9-08.webp,assets/world-anvil/screenshots/Session 09/Session 9-08.webp,,8ea6a59c2285d53e9b9b4c5473ffd7d3167d54a9f53b1d62de842d3ddac91de6,
move,Session 9,assets/world-anvil/screenshots-originals/Session 9/Session 9-09.webp,assets/world-anvil/screenshots/Session 09/Session 9-09.webp,,98629a58e57192b91ccd3ce24ca2e5d82cb2a871284b335cc1f771183fde487b,
move,Session 10,assets/world-anvil/screenshots-originals/Session 10/Session 10-01.webp,assets/world-anvil/screenshots/Session 10/Session 10-01.webp,,71b4012259b532825f3bdfbc48365972a73e73c43261fb270c70447fca3ba0bd,
move,Session 10,assets/world-anvil/screenshots-originals/Session 10/Session 10-02.webp,assets/world-anvil/screenshots/Session 10/Session 10-02.webp,,9c8135bd6752ba783628aa40077874cd7f352ee6f0d75284bb459f4a1a04754d,
move,Session 10,assets/world-anvil/screenshots-originals/Session 10/Session 10-03.webp,assets/world-anvil/screenshots/Session 10/Session 10-03.webp,,fff3940a94264e42befa4599801180d1c9e3cbcb566042a35f630ec944734142,
move,Session 10,assets/world-anvil/screenshots-originals/Session 10/Session 10-04.webp,assets/world-anvil/screenshots/Session 10/Session 10-04.webp,,12594e0259738cd93dc34710544cf6d402f10fe493102656899f77f7382d4aa7,
move,Session 10,assets/world-anvil/screenshots-originals/Session 10/Session 10-05.webp,assets/world-anvil/screenshots/Session 10/Session 10-05.webp,,56982198f0f70e07d23dac8c450d74ba780039b1f422f75ca3aaba00063a5c88,
move,Session 10,assets/world-anvil/screenshots-originals/Session 10/Session 10-06.webp,assets/world-anvil/screenshots/Session 10/Session 10-06.webp,,38d5c4a2bc60bd5ac23a51e565cd7eb26cda88ad392a7001824161d37907ee78,
move,Session 10,assets/world-anvil/screenshots-originals/Session 10/Session 10-07.webp,assets/world-anvil/screenshots/Session 10/Session 10-07.webp,,bfcf64d77bc18040e419fe33729fad1a3ff52ddd096650d4dab5740e479429d3,
move,Session 11,assets/world-anvil/screenshots-originals/Session 11/Session 11-01.webp,assets/world-anvil/screenshots/Session 11/Session 11-01.webp,,b99a26bae92543dcb1a2aed16106f7d684534c5c7c352f9d5f580f9f7cdc93d0,
move,Session 11,assets/world-anvil/screenshots-originals/Session 11/Session 11-02.webp,assets/world-anvil/screenshots/Session 11/Session 11-02.webp,,7741cb373d572fab054717b877451f201c5cf4b204af7b159ec83634e6b77632,
move,Session 11,assets/world-anvil/screenshots-originals/Session 11/Session 11-03.webp,assets/world-anvil/screenshots/Session 11/Session 11-03.webp,,f4c577f5caecb91c2229a91ca688674e74766d0bdc848a690f9d54dbe0e00aa4,
move,Session 11,assets/world-anvil/screenshots-originals/Session 11/Session 11-04.webp,assets/world-anvil/screenshots/Session 11/Session 11-04.webp,,f1d0ba45bd3fd670946b0b7bbcb972fcc149ec479835bb12f61e311af783d832,
move,Session 11,assets/world-anvil/screenshots-originals/Session 11/Session 11-05.webp,assets/world-anvil/screenshots/Session 11/Session 11-05.webp,,38fda5b66b33857eabf943235c4769704a7f50e267ea06937a04f365f8737a0d,
move,Session 11,assets/world-anvil/screenshots-originals/Session 11/Session 11-06.webp,assets/world-anvil/screenshots/Session 11/Session 11-06.webp,,d90e493d1e7bea1d3dc0e1407d7dbf3c52ccbb73573253bb494021533a5ffa47,
move,Session 11,assets/world-anvil/screenshots-originals/Session 11/Session 11-07.webp,assets/world-anvil/screenshots/Session 11/Session 11-07.webp,,599fc208f2d466355d3cd1427e13241f44488775f660ee8ac7ea032840f3b24b,
move,Session 11,assets/world-anvil/screenshots-originals/Session 11/Session 11-08.webp,assets/world-anvil/screenshots/Session 11/Session 11-08.webp,,2ac1b2f0cfedad5b04fa64c68cfd0dd6bfbe67d2054cf7b5f3a4cf14a5dc551d,
move,Session 11,assets/world-anvil/screenshots-originals/Session 11/Session 11-09.webp,assets/world-anvil/screenshots/Session 11/Session 11-09.webp,,765b54692a69cab3b6e5cd0279838e8520eaae18f5ca20fa64ab3de800dac2a5,
move,Session 11,assets/world-anvil/screenshots-originals/Session 11/Session 11-10.webp,assets/world-anvil/screenshots/Session 11/Session 11-10.webp,,59ea90745571f845e219830ece59756bcfa28dfa3d393c9e070a9a4b957d1419,
move,Session 11,assets/world-anvil/screenshots-originals/Session 11/Session 11-11.webp,assets/world-anvil/screenshots/Session 11/Session 11-11.webp,,7fdc3221da70ac7b74b341f614fd91c5df41b16bd32c582fe7a37cfa9bb64c1d,
move,Session 11,assets/world-anvil/screenshots-originals/Session 11/Session 11-12.webp,assets/world-anvil/screenshots/Session 11/Session 11-12.webp,,a817b5ee40c7a002ab32e2e62894054651cf59f06f6813bd08bacc670f8ae241,
move,Session 11,assets/world-anvil/screenshots-originals/Session 11/Session 11-13.webp,assets/world-anvil/screenshots/Session 11/Session 11-13.webp,,da5efd24bc1f4a61ea14c108cce041f29827189f3c6795844e1ca7c77a56156e,
move,Session 11,assets/world-anvil/screenshots-originals/Session 11/Session 11-14.webp,assets/world-anvil/screenshots/Session 11/Session 11-14.webp,,8254d7ff031dfe8be6ad102fc00504488719ddcfee8262a10b356e63758fe594,
move,Session 11,assets/world-anvil/screenshots-originals/Session 11/Session 11-15.webp,assets/world-anvil/screenshots/Session 11/Session 11-15.webp,,0b2faaa7244dd83d714629144e3df2f8f94110ef6b7b6d9bee923b11fe3d6bc7,
move,Session 11,assets/world-anvil/screenshots-originals/Session 11/Session 11-16.webp,assets/world-anvil/screenshots/Session 11/Session 11-16.webp,,442ace3827f33d0b8d2a19d49c0d7637d33dc78a7e8d3b02355085b25050d0b5,
move,Session 11,assets/world-anvil/screenshots-originals/Session 11/Session 11-17.webp,assets/world-anvil/screenshots/Session 11/Session 11-17.webp,,d2b3036d1b1a1d951e1c4f3ffba4994fb96afd8cc36e91e0e708f87ad8239398,
move,Session 11,assets/world-anvil/screenshots-originals/Session 11/Session 11-18.webp,assets/world-anvil/screenshots/Session 11/Session 11-18.webp,,5d76f1937d5ce08f142e5d4312a0dcb21d05643ee89574f45521725ff73ef8c2,
move,Session 11,assets/world-anvil/screenshots-originals/Session 11/Session 11-19.webp,assets/world-anvil/screenshots/Session 11/Session 11-19.webp,,fef9988e1dbe12f109690a13ae7998cf0cf6a0e48a5475b7db2e041521635369,
move,Session 11,assets/world-anvil/screenshots-originals/Session 11/Session 11-20.webp,assets/world-anvil/screenshots/Session 11/Session 11-20.webp,,5bf0756bb4b792c44ad41409c202ec766d58feb88b61ed6a90c1c5449f42e870,
move,Session 12,assets/world-anvil/screenshots-originals/Session 12/Session 12-01.webp,assets/world-anvil/screenshots/Session 12/Session 12-01.webp,,0cfc07a9d6858d7986bbb31f069a289f96f39c68bc806c2a682bb39ceef8ed1a,
move,Session 12,assets/world-anvil/screenshots-originals/Session 12/Session 12-02.webp,assets/world-anvil/screenshots/Session 12/Session 12-02.webp,,302b713aba9900c940477acc061506faeda34995bf8f17f58a04750bd07b1c39,
move,Session 12,assets/world-anvil/screenshots-originals/Session 12/Session 12-03.webp,assets/world-anvil/screenshots/Session 12/Session 12-03.webp,,b07532b4fbcdc413bc74ccea504d66a21345f1caba2ce0e0108d1f97437ad915,
move,Session 12,assets/world-anvil/screenshots-originals/Session 12/Session 12-04.webp,assets/world-anvil/screenshots/Session 12/Session 12-04.webp,,a1d47cbb6216c5ef93803d8adaed7dc72927f9be6d3c1e912b9ca6b685cf733e,
move,Session 12,assets/world-anvil/screenshots-originals/Session 12/Session 12-05.webp,assets/world-anvil/screenshots/Session 12/Session 12-05.webp,,235aae282e732ada72e05c356e05c8c93fbf943fba77b30839a7965170bc2b66,
move,Session 12,assets/world-anvil/screenshots-originals/Session 12/Session 12-06.webp,assets/world-anvil/screenshots/Session 12/Session 12-06.webp,,55a037bad0c1420a7427108b86b32a51d1e2b211e3700e3cb9e58854bf61d3a3,
move,Session 13,assets/world-anvil/screenshots-originals/Session 13/Session 13-01.webp,assets/world-anvil/screenshots/Session 13/Session 13-01.webp,,b53e54dd33625f2882a76c38e334525b1f3bf7a2d7b9d292c3a3d75018b16f5d,
move,Session 13,assets/world-anvil/screenshots-originals/Session 13/Session 13-02.webp,assets/world-anvil/screenshots/Session 13/Session 13-02.webp,,fd0a4cdefca8531e46d851f07dca9463d16797d86b1c2bce7fa47ae376c97348,
move,Session 13,assets/world-anvil/screenshots-originals/Session 13/Session 13-03.webp,assets/world-anvil/screenshots/Session 13/Session 13-03.webp,,116fc105d28491b746cab7a0bb7fc339e33383f10084780c3cf4f4e20ca2649f,
move,Session 13,assets/world-anvil/screenshots-originals/Session 13/Session 13-04.webp,assets/world-anvil/screenshots/Session 13/Session 13-04.webp,,e1771df750b5c0ea41f0a72a826563c45de2a1dc161bc148b06759043fb8ba09,
move,Session 13,assets/world-anvil/screenshots-originals/Session 13/Session 13-05.webp,assets/world-anvil/screenshots/Session 13/Session 13-05.webp,,b111dbfd5439370b9aa757a536b5c65f556ce32cd0d4def2b5decf55604f656d,
move,Session 13,assets/world-anvil/screenshots-originals/Session 13/Session 13-06.webp,assets/world-anvil/screenshots/Session 13/Session 13-06.webp,,e99a0f386c35aaa23cf76a45b31fb43db0825c0360fc7d0d398ae958883d25f6,
move,Session 13,assets/world-anvil/screenshots-originals/Session 13/Session 13-07.webp,assets/world-anvil/screenshots/Session 13/Session 13-07.webp,,3bfbe0159e2d67c93e4a0b11bff3200d85db083f36fc6d744d592153a8f8c625,
move,Session 13,assets/world-anvil/screenshots-originals/Session 13/Session 13-08.webp,assets/world-anvil/screenshots/Session 13/Session 13-08.webp,,31c5981c82e0433cb096d07c482c83115e67f639a98d76588547772e9e3bb43d,
move,Session 13,assets/world-anvil/screenshots-originals/Session 13/Session 13-09.webp,assets/world-anvil/screenshots/Session 13/Session 13-09.webp,,9ea77f914b3f300a12139b7c8b8f987febc23fe4d511e6e48478f955041af1ac,
move,Session 13,assets/world-anvil/screenshots-originals/Session 13/Session 13-10.webp,assets/world-anvil/screenshots/Session 13/Session 13-10.webp,,4efc3d5b598b5c314854e180db35335fbb9a5655f50d255fb985c99ecd52da7c,
move,Session 13,assets/world-anvil/screenshots-originals/Session 13/Session 13-11.webp,assets/world-anvil/screenshots/Session 13/Session 13-11.webp,,680066d36518922b8b2e17b2640f55569658bc5def858de909f16482e02835a0,
move,Session 13,assets/world-anvil/screenshots-originals/Session 13/Session 13-12.webp,assets/world-anvil/screenshots/Session 13/Session 13-12.webp,,9a77a1184a783764fe09a78367461a89a0f4e2213e0055ff3dea00dca9c5460e,
move,Session 13,assets/world-anvil/screenshots-originals/Session 13/Session 13-13.webp,assets/world-anvil/screenshots/Session 13/Session 13-13.webp,,d77fc8355a1ed0edc566f7bdb25a508f85e0570d5c9b0c5a5d7ae512aa189534,
move,Session 13,assets/world-anvil/screenshots-originals/Session 13/Session 13-14.webp,assets/world-anvil/screenshots/Session 13/Session 13-14.webp,,a106bf9a7540edebb7a4db8fe0ea5f1df9b5d37ca94abbd6980d51b61c43de0f,
move,Session 13,assets/world-anvil/screenshots-originals/Session 13/Session 13-15.webp,assets/world-anvil/screenshots/Session 13/Session 13-15.webp,,6ede8bac5d45bd239ad39c9b2358df3b4dc6146b5e693774d367f8a3ee24e4ee,
move,Session 13,assets/world-anvil/screenshots-originals/Session 13/Session 13-16.webp,assets/world-anvil/screenshots/Session 13/Session 13-16.webp,,a3b95c88d4c615908db046ddfb0a4b65a83218a8600d5587fd7b7dfbd1067178,
move,Session 13,assets/world-anvil/screenshots-originals/Session 13/Session 13-17.webp,assets/world-anvil/screenshots/Session 13/Session 13-17.webp,,8e1c91114656dbeb8b4822c41f81b6254de79ae91673463400ba7c633f29ded7,
move,Session 13,assets/world-anvil/screenshots-originals/Session 13/Session 13-18.webp,assets/world-anvil/screenshots/Session 13/Session 13-18.webp,,549befdc44e4cf5bbbdc46bea029f4eae5b172cad4eee8dc688e17f8f99e690b,
move,Session 13,assets/world-anvil/screenshots-originals/Session 13/Session 13-19.webp,assets/world-anvil/screenshots/Session 13/Session 13-19.webp,,a59017db4e6a906aacd0d0c5aeac0105ec5551c10be91e020fd4cdfbd36b7fc3,
move,Session 13,assets/world-anvil/screenshots-originals/Session 13/Session 13-20.webp,assets/world-anvil/screenshots/Session 13/Session 13-20.webp,,6293ca43f88c919f01bfb235a266361872e278fdf674a9144e78cd793fccba3e,
move,Session 13,assets/world-anvil/screenshots-originals/Session 13/Session 13-21.webp,assets/world-anvil/screenshots/Session 13/Session 13-21.webp,,2c2f1dc5e9e77a21070c53e4a4ab0e45069afb29dbd39636944a689c0cae6d1f,
move,Session 13,assets/world-anvil/screenshots-originals/Session 13/Session 13-22.webp,assets/world-anvil/screenshots/Session 13/Session 13-22.webp,,563e6d76e50b1731b3f16a10eacfe153e9128284b631e2e0858cca5e5c498705,
move,Session 14,assets/world-anvil/screenshots-originals/Session 14/Session 14-01.webp,assets/world-anvil/screenshots/Session 14/Session 14-01.webp,,b9c3edefc63681be25b9c1ea1963bc4f6837404f4e539e4679ebcbd991e63036,
move,Session 14,assets/world-anvil/screenshots-originals/Session 14/Session 14-02.webp,assets/world-anvil/screenshots/Session 14/Session 14-02.webp,,9b16f4e146e66df89014242b20c07b4a86e685642fa5948ce32cac2c29d9fe9f,
move,Session 14,assets/world-anvil/screenshots-originals/Session 14/Session 14-03.webp,assets/world-anvil/screenshots/Session 14/Session 14-03.webp,,25b1a4c41c3a1e052630f6ea460a6894959a031da3e4ff7ad55041b858409b7c,
move,Session 14,assets/world-anvil/screenshots-originals/Session 14/Session 14-04.webp,assets/world-anvil/screenshots/Session 14/Session 14-04.webp,,0ebbfa0a17227721d6b2bc0b307b31631c26722f8379f9fa676399d7d5750928,
move,Session 14,assets/world-anvil/screenshots-originals/Session 14/Session 14-05.webp,assets/world-anvil/screenshots/Session 14/Session 14-05.webp,,b68f0f6937a5d5fdf3f8206c16f689d4aa60642dec4a7f3ca4b4782626737c53,
move,Session 14,assets/world-anvil/screenshots-originals/Session 14/Session 14-06.webp,assets/world-anvil/screenshots/Session 14/Session 14-06.webp,,bbceb6c09bbf1c7214c8e7b9a8ece0c4d17e1a5b1f392a90df111d7f73daf7e2,
move,Session 14,assets/world-anvil/screenshots-originals/Session 14/Session 14-07.webp,assets/world-anvil/screenshots/Session 14/Session 14-07.webp,,4be3c05c99086a040e2153ee414fc98a97346caaea70bbea0fa773a87aef9b38,
move,Session 14,assets/world-anvil/screenshots-originals/Session 14/Session 14-08.webp,assets/world-anvil/screenshots/Session 14/Session 14-08.webp,,6de18128447ba50406dd5cf6582c2c29c03ff4134645f1a965fa62c4b4d40ca7,
move,Session 14,assets/world-anvil/screenshots-originals/Session 14/Session 14-09.webp,assets/world-anvil/screenshots/Session 14/Session 14-09.webp,,f4661a2c4463fc022397ccfa126725875161cddd1660d70057329a4c4c4ec6b4,
move,Session 15,assets/world-anvil/screenshots-originals/Session 15/Session 15-01.webp,assets/world-anvil/screenshots/Session 15/Session 15-01.webp,,7f3b1d8ef8d97048b5d9b7068b34456a7d94329f9f3aebb103b08352ab55d364,
move,Session 15,assets/world-anvil/screenshots-originals/Session 15/Session 15-02.webp,assets/world-anvil/screenshots/Session 15/Session 15-02.webp,,ad4d0fbb0dbcdb9e2ee0248d8e56ddace61d10b74c73dac533b0c1ad97c04e69,
move,Session 15,assets/world-anvil/screenshots-originals/Session 15/Session 15-03.webp,assets/world-anvil/screenshots/Session 15/Session 15-03.webp,,f4b6ae82ab44d19fedb420dd4faa9564aaa1b166904e0cc40bcc9993d6c0089c,
move,Session 15,assets/world-anvil/screenshots-originals/Session 15/Session 15-04.webp,assets/world-anvil/screenshots/Session 15/Session 15-04.webp,,2d02eebba4930067b549459d38a1fcfdc9730dc144b54d51be948951b01ee9fc,
move,Session 15,assets/world-anvil/screenshots-originals/Session 15/Session 15-05.webp,assets/world-anvil/screenshots/Session 15/Session 15-05.webp,,d9a399ac7c0d90e9d70928df512795cffa9cc34951bceba7aadceb38981586b1,
move,Session 15,assets/world-anvil/screenshots-originals/Session 15/Session 15-06.webp,assets/world-anvil/screenshots/Session 15/Session 15-06.webp,,7ce9dd86247b4c10dd5e71f8bdc3e704edd3fa3f81f387216e8e2890579f18dc,
move,Session 15,assets/world-anvil/screenshots-originals/Session 15/Session 15-07.webp,assets/world-anvil/screenshots/Session 15/Session 15-07.webp,,89fad29e6a9db3eb45cf4e0a7e034b304f2b358631feb377c03e4c1298dd5bbf,
move,Session 15,assets/world-anvil/screenshots-originals/Session 15/Session 15-08.webp,assets/world-anvil/screenshots/Session 15/Session 15-08.webp,,4340057e318f9bb81c70de1aa1a26d27501a9e69a092974c7b2317b102710eb2,
move,Session 15,assets/world-anvil/screenshots-originals/Session 15/Session 15-09.png,assets/world-anvil/screenshots/Session 15/Session 15-09.png,,225b9b7d27e2aba405e3d7f8dd89d1c2ee6bc66ddfa439e288e62eec4b1d6c31,
move,Session 16,assets/world-anvil/screenshots-originals/Session 16/Session 16-01.png,assets/world-anvil/screenshots/Session 16/Session 16-01.png,,0341f9b311d2b88758c809cd89035339db45821253df343a5b04e3278f6c533f,
move,Session 16,assets/world-anvil/screenshots-originals/Session 16/Session 16-02.png,assets/world-anvil/screenshots/Session 16/Session 16-02.png,,fb32bd81c33af01dad83ae3bdfafdca22a9d426cdab4c0a59c51fdb8d216570a,
move,Session 16,assets/world-anvil/screenshots-originals/Session 16/Session 16-03.png,assets/world-anvil/screenshots/Session 16/Session 16-03.png,,b7dc2a37e07268b4ad15658a82c34ec019547c28d25b0d725e2cad264553ceff,
move,Session 16,assets/world-anvil/screenshots-originals/Session 16/Session 16-04.png,assets/world-anvil/screenshots/Session 16/Session 16-04.png,,7ae1723502742e683e1265e4f3f5f52e97e944001e2391a7af5391e32c4cb206,
move,Session 16,assets/world-anvil/screenshots-originals/Session 16/Session 16-05.png,assets/world-anvil/screenshots/Session 16/Session 16-05.png,,9845c3ebc98e79333eb49f82d4821350c8ea6041d13373885ae467c70bef4453,
move,Session 16,assets/world-anvil/screenshots-originals/Session 16/Session 16-06.png,assets/world-anvil/screenshots/Session 16/Session 16-06.png,,71282ce382e144f6f5c9a45277eca31f67d36fc88024945c23ef32982d0541be,
move,Session 16,assets/world-anvil/screenshots-originals/Session 16/Session 16-07.png,assets/world-anvil/screenshots/Session 16/Session 16-07.png,,23df2e1b1ed50778fb1c22c6a045e2b3efe3535f2d5f7e49a52e7359985f3ed7,
move,Session 16,assets/world-anvil/screenshots-originals/Session 16/Session 16-08.png,assets/world-anvil/screenshots/Session 16/Session 16-08.png,,ebffc75d9f9f2550f5fec86accfd3a5eac498411384932af980cbb25940d70e1,
move,Session 16,assets/world-anvil/screenshots-originals/Session 16/Session 16-09.png,assets/world-anvil/screenshots/Session 16/Session 16-09.png,,1907e3619d5ed24dc1c8cd888488b3e6b1af8e442a98ccfc595da74ddac8a4dd,
move,Session 17,assets/world-anvil/screenshots-originals/Session 17/Session 17-01.png,assets/world-anvil/screenshots/Session 17/Session 17-01.png,,a110b39800b7977c5861cc31b54c502511080392f0ee50d60f802a425869e73f,
move,Session 17,assets/world-anvil/screenshots-originals/Session 17/Session 17-03.png,assets/world-anvil/screenshots/Session 17/Session 17-03.png,,83cb7281a86e1c9d0f1d900434f372f30fb5bc20339b9ca4f9696e638a4659cf,
move,Session 17,assets/world-anvil/screenshots-originals/Session 17/Session 17-04.png,assets/world-anvil/screenshots/Session 17/Session 17-04.png,,8d1f72baf5bcf4c9088a973470e98211b07cb7b9f9d7ec3a0a827caa06776296,
move,Session 17,assets/world-anvil/screenshots-originals/Session 17/Session 17-05.png,assets/world-anvil/screenshots/Session 17/Session 17-05.png,,50281699f9259dce7616560d1247eabc5d66c214b83fafadd7353966fa015642,
move,Session 18,assets/world-anvil/screenshots-originals/Session 18/Session 18-01.png,assets/world-anvil/screenshots/Session 18/Session 18-01.png,,c014140e351acad293c99e9ce3afa65a3f0d9514f16fa64280d39844c118b608,
move,Session 18,assets/world-anvil/screenshots-originals/Session 18/Session 18-02.png,assets/world-anvil/screenshots/Session 18/Session 18-02.png,,4ea552c23f0484c834a4b38f38ac21c988e20411cf1b972c254c4d1ad6c02c30,
move,Session 18,assets/world-anvil/screenshots-originals/Session 18/Session 18-03.png,assets/world-anvil/screenshots/Session 18/Session 18-03.png,,20b1d8f2eea226a3b94e37deb7cf3f6c066fa4c61db2b6bdac26337ef3a9ed6f,
move,Session 18,assets/world-anvil/screenshots-originals/Session 18/Session 18-04.png,assets/world-anvil/screenshots/Session 18/Session 18-04.png,,c6069732de124ce98ec6800b7f5ae2782d9344a7e602fd99082a750e9952b285,
move,Session 18,assets/world-anvil/screenshots-originals/Session 18/Session 18-05.png,assets/world-anvil/screenshots/Session 18/Session 18-05.png,,8f60662c36aaf1a4158ad30766ab83fd2bcd41f934d3934ea90c44101ca5eaf1,
move,Session 18,assets/world-anvil/screenshots-originals/Session 18/Session 18-06.png,assets/world-anvil/screenshots/Session 18/Session 18-06.png,,aa13f647c5f5041f825e13501c6dc8543d1ad423934c40b1e5804ba60bfab3d1,
move,Session 18,assets/world-anvil/screenshots-originals/Session 18/Session 18-07.png,assets/world-anvil/screenshots/Session 18/Session 18-07.png,,3202f5091cee2ef6ce92547954d881812c0d6e8a7fd2395b12eba8289e19da7f,
move,Session 18,assets/world-anvil/screenshots-originals/Session 18/Session 18-08.png,assets/world-anvil/screenshots/Session 18/Session 18-08.png,,a52b3d564d5ae9353221810b9a42d12c35089c0318496b8b79f23949c206ffa3,
move,Session 18,assets/world-anvil/screenshots-originals/Session 18/Session 18-09.png,assets/world-anvil/screenshots/Session 18/Session 18-09.png,,81e92bee811436ddfe6f3bca456a2b2a93f2604fcc485754cb344e1cc9e02afd,
move,Session 19,assets/world-anvil/screenshots-originals/Session 19/Session 19-01.png,assets/world-anvil/screenshots/Session 19/Session 19-01.png,,d1ce67ec3c0f15d7dfd546db329ffe0d4dbd247c66081f58817938eba4f951bc,
move,Session 19,assets/world-anvil/screenshots-originals/Session 19/Session 19-02.png,assets/world-anvil/screenshots/Session 19/Session 19-02.png,,dff2461a0f19a7bde6b71949550fbb3d494b6d1dba6d67244e8f0facd2ab4d5f,
move,Session 19,assets/world-anvil/screenshots-originals/Session 19/Session 19-03.png,assets/world-anvil/screenshots/Session 19/Session 19-03.png,,3febac239c6aa18d30247ca88c19213bb41adb0c7768f383646e8163b48707b2,
move,Session 19,assets/world-anvil/screenshots-originals/Session 19/Session 19-04.png,assets/world-anvil/screenshots/Session 19/Session 19-04.png,,f70a72f9aa7e20a8c3dc63520e32aa35d97a4a707eca5b0e5a5626d84459e6de,
move,Session 19,assets/world-anvil/screenshots-originals/Session 19/Session 19-05.png,assets/world-anvil/screenshots/Session 19/Session 19-05.png,,edde9de14ce93cf6db91435bb9a5e2bfb5904029a7df5bee541cd3413b58455d,
move,Session 19,assets/world-anvil/screenshots-originals/Session 19/Session 19-06.png,assets/world-anvil/screenshots/Session 19/Session 19-06.png,,ec02e528007a0b66161849c60bc5c03a657f922a969947438512030dfa7fdb65,
move,Session 19,assets/world-anvil/screenshots-originals/Session 19/Session 19-07.png,assets/world-anvil/screenshots/Session 19/Session 19-07.png,,5425a1255d15d6b3c538d4d708cfc3a60624084899a38cbc631a11930262181c,
move,Session 19,assets/world-anvil/screenshots-originals/Session 19/Session 19-08.png,assets/world-anvil/screenshots/Session 19/Session 19-08.png,,0c1cb44f521a6c2f2514be9fa6abe03ed5ecf5682b39cbe8a7b3b506fc6a53b7,
move,Session 19,assets/world-anvil/screenshots-originals/Session 19/Session 19-09.png,assets/world-anvil/screenshots/Session 19/Session 19-09.png,,3afe1ce4ddf8eaaccda049d1394fcec0bb73df9066c1695d5361a6e6c09dcfda,
move,Session 19,assets/world-anvil/screenshots-originals/Session 19/Session 19-10.png,assets/world-anvil/screenshots/Session 19/Session 19-10.png,,5d7807b11a0647ac9e034511dfdad27ba3dcb17d8c61b709a31bdc692de3a151,
move,Session 19,assets/world-anvil/screenshots-originals/Session 19/Session 19-11.png,assets/world-anvil/screenshots/Session 19/Session 19-11.png,,92ecd6e041bf74140228a4bd2f24a1f0479adfc57688595559fc71ac838e91a6,
move,Session 19,assets/world-anvil/screenshots-originals/Session 19/Session 19-12.png,assets/world-anvil/screenshots/Session 19/Session 19-12.png,,7e86922a1b49d21daedfe38e53591c903873a6ce0da7602c34aceafc54d1b7da,
move,Session 19,assets/world-anvil/screenshots-originals/Session 19/Session 19-14.png,assets/world-anvil/screenshots/Session 19/Session 19-14.png,,3fd73620f348e449f0cefc55e07c87f85547ec16ffdd3398224d6ec27287bab8,
move,Session 19,assets/world-anvil/screenshots-originals/Session 19/Session 19-15.png,assets/world-anvil/screenshots/Session 19/Session 19-15.png,,995768b4e1a60979c4e373fedb1377665b6f6ddd0ef923b7728b2bc75ebaaf29,
move,Session 19,assets/world-anvil/screenshots-originals/Session 19/Session 19-16.png,assets/world-anvil/screenshots/Session 19/Session 19-16.png,,be97f0ec1b0d1856f359755de5a0c51ac63e2242a6023862477904d03f47c1b8,
move,Session 20,assets/world-anvil/screenshots-originals/Session 20/Session 20-01.png,assets/world-anvil/screenshots/Session 20/Session 20-01.png,,83b5228a1bdab4b167d55085c441a02538597138b954613f25def6ba627cb779,
move,Session 20,assets/world-anvil/screenshots-originals/Session 20/Session 20-02.png,assets/world-anvil/screenshots/Session 20/Session 20-02.png,,8fe93b63952e1aed2688c0afc97dc8b180d9f90b85e15cb53cee44df78a2cd25,
move,Session 20,assets/world-anvil/screenshots-originals/Session 20/Session 20-03.png,assets/world-anvil/screenshots/Session 20/Session 20-03.png,,58414e7535018feabbed792e0f67fb622690b049f09f50925c1229c9e6d8ba87,
move,Session 20,assets/world-anvil/screenshots-originals/Session 20/Session 20-04.png,assets/world-anvil/screenshots/Session 20/Session 20-04.png,,3faa455fc019c68ef8a1c9dfe8e220042f2b658cfe4b1449c394223fe002f374,
move,Session 20,assets/world-anvil/screenshots-originals/Session 20/Session 20-05.png,assets/world-anvil/screenshots/Session 20/Session 20-05.png,,528a9d238cfc2162cda6283ccc84e78f00e0dc0c264fc6c605fe1e3f715e5044,
move,Session 20,assets/world-anvil/screenshots-originals/Session 20/Session 20-06.png,assets/world-anvil/screenshots/Session 20/Session 20-06.png,,eadce5b8cd2547cab9a22c024921d767108f3321918e965b911cc07c2063662f,
move,Session 20,assets/world-anvil/screenshots-originals/Session 20/Session 20-07.png,assets/world-anvil/screenshots/Session 20/Session 20-07.png,,9be326bf1645e1f9bb4182c809c639e86f1e0dc0d565d4a532216a6432a727b6,
move,Session 20,assets/world-anvil/screenshots-originals/Session 20/Session 20-09.png,assets/world-anvil/screenshots/Session 20/Session 20-09.png,,d220be704863f01dca926b8a293085dd92f59c9bbed72ea33967ccc388445e59,
move,Session 20,assets/world-anvil/screenshots-originals/Session 20/Session 20-10.png,assets/world-anvil/screenshots/Session 20/Session 20-10.png,,79743d91bc698a22b61e9102862891db90d5b6e893ea8cda5e2648dea4ad34ee,
move,Session 20,assets/world-anvil/screenshots-originals/Session 20/Session 20-11.png,assets/world-anvil/screenshots/Session 20/Session 20-11.png,,bff8f86733a2538166121378169e5e2ad196b03cd154eb433164093bc76666ff,
move,Session 20,assets/world-anvil/screenshots-originals/Session 20/Session 20-12.png,assets/world-anvil/screenshots/Session 20/Session 20-12.png,,4ba6885d9cc42b6ad82e91d41825e0dd63fe8e51774dc074207aee3a1ed320fb,
move,Session 20,assets/world-anvil/screenshots-originals/Session 20/Session 20-13.png,assets/world-anvil/screenshots/Session 20/Session 20-13.png,,32657ae2dbfc89388444b6feefee04e26c6ebaea07b4ada46e7a05c5abff4f08,
move,Session 20,assets/world-anvil/screenshots-originals/Session 20/Session 20-14.png,assets/world-anvil/screenshots/Session 20/Session 20-14.png,,c875e131a73efe0532d47493d90798331766f8c8574877b382f49756fdd0f2a2,
move,Session 20,assets/world-anvil/screenshots-originals/Session 20/Session 20-15.png,assets/world-anvil/screenshots/Session 20/Session 20-15.png,,a7fd69f2352426116b2ae2070f51c1e6362dfd81ff897b9813cae84b55885e32,
move,Session 20,assets/world-anvil/screenshots-originals/Session 20/Session 20-16.png,assets/world-anvil/screenshots/Session 20/Session 20-16.png,,2dbc7101e2ed48850991800aebdb1e3320803b750320e11071484b83d5bf7347,
move,Session 20,assets/world-anvil/screenshots-originals/Session 20/Session 20-17.png,assets/world-anvil/screenshots/Session 20/Session 20-17.png,,6b2143b29a93475aa03d2f6636b1fb0a39497f3f07d1442bf6c0c3e265a49f3f,
move,Session 21,assets/world-anvil/screenshots-originals/Session 21/Session 21-01.png,assets/world-anvil/screenshots/Session 21/Session 21-01.png,,0f58b93761dae7581995e88ad436845ce2a57e3ac10c311745d8f0327c10cfc2,
move,Session 21,assets/world-anvil/screenshots-originals/Session 21/Session 21-02.png,assets/world-anvil/screenshots/Session 21/Session 21-02.png,,de3150b475f369a8fa5647e2d08902f5488d8d9b82a097f2eb3d5d9c1739185a,
move,Session 21,assets/world-anvil/screenshots-originals/Session 21/Session 21-03.png,assets/world-anvil/screenshots/Session 21/Session 21-03.png,,fdb064f2050e2a6b9c3065b3410a731f084bd0c2acdcdb6e51078a23c67c5db5,
move,Session 21,assets/world-anvil/screenshots-originals/Session 21/Session 21-04.png,assets/world-anvil/screenshots/Session 21/Session 21-04.png,,5c1ab0e5b5442b249b5c6665f509ce2e05ab6d6dc525aabaf227e0508d940d8f,
move,Session 21,assets/world-anvil/screenshots-originals/Session 21/Session 21-05.png,assets/world-anvil/screenshots/Session 21/Session 21-05.png,,092af4d6ab54812f77ebc9690b9d0e8ce44841a81270ba378560237b167097f2,
move,Session 21,assets/world-anvil/screenshots-originals/Session 21/Session 21-06.png,assets/world-anvil/screenshots/Session 21/Session 21-06.png,,17ef1c4cf699d287f1dc0fcba092f01fb9f47548604e1e566d992cd7fdcdeecb,
move,Session 21,assets/world-anvil/screenshots-originals/Session 21/Session 21-07.png,assets/world-anvil/screenshots/Session 21/Session 21-07.png,,e2ba86f65e80fcdb3ba4ef03e7cde0c89ee032064b6637e23f39d284bbedaa1b,
move,Session 21,assets/world-anvil/screenshots-originals/Session 21/Session 21-08.png,assets/world-anvil/screenshots/Session 21/Session 21-08.png,,282ef243d77b4ae9e1f8e50cf38cb9dc8222dfb031de344a5228f4463dcdc6cf,
move,Session 21,assets/world-anvil/screenshots-originals/Session 21/Session 21-09.png,assets/world-anvil/screenshots/Session 21/Session 21-09.png,,353c1d4a592bbec31a58ddd70a291c1ce04b76127a32910850bdf6e13eeb3a44,
move,Session 22,assets/world-anvil/screenshots-originals/Session 22/Session 22-01.png,assets/world-anvil/screenshots/Session 22/Session 22-01.png,,38f70de37f26e98167210f2efd05889439ada87c3cd2d2e490a5c2069dc557c3,
move,Session 22,assets/world-anvil/screenshots-originals/Session 22/Session 22-02.png,assets/world-anvil/screenshots/Session 22/Session 22-02.png,,20a89bf3e17038bd79ae439b0006b598d6efbe74d555b5ae178dbfdcd4809d45,
move,Session 22,assets/world-anvil/screenshots-originals/Session 22/Session 22-03.png,assets/world-anvil/screenshots/Session 22/Session 22-03.png,,d7877b2e9c8692f5227624deb57f7d943e7af013661577e1d63769d69b95fdc0,
move,Session 22,assets/world-anvil/screenshots-originals/Session 22/Session 22-04.png,assets/world-anvil/screenshots/Session 22/Session 22-04.png,,405e35603dcac475527d358c95a3230bc269d02eb8f3020a19b7957a59ee455a,
move,Session 22,assets/world-anvil/screenshots-originals/Session 22/Session 22-05.png,assets/world-anvil/screenshots/Session 22/Session 22-05.png,,29f8157d0449751b1550bd2d378409668be8343c78f3c8c48faf3536756e112c,
move,Session 22,assets/world-anvil/screenshots-originals/Session 22/Session 22-06.png,assets/world-anvil/screenshots/Session 22/Session 22-06.png,,f987b841a91b9c17f40e98a11c27e13aa4482eed8754f8ee5f50437f3d2a05b2,
move,Session 22,assets/world-anvil/screenshots-originals/Session 22/Session 22-07.png,assets/world-anvil/screenshots/Session 22/Session 22-07.png,,20c6bf1fce7b24d2bd821392e1aa7598f5782eabe2e5d19f2ba622774add481b,
move,Session 22,assets/world-anvil/screenshots-originals/Session 22/Session 22-08.png,assets/world-anvil/screenshots/Session 22/Session 22-08.png,,1242d63eb406e16c9a8b4fa369b12b7b17d04d199ed193a05e4536f628054acb,
move,Session 22,assets/world-anvil/screenshots-originals/Session 22/Session 22-09.png,assets/world-anvil/screenshots/Session 22/Session 22-09.png,,56c333631b61fd7c69546a9d8d494247b46c3a93e2ceb17558d928fe88904b20,
move,Session 22,assets/world-anvil/screenshots-originals/Session 22/Session 22-10.png,assets/world-anvil/screenshots/Session 22/Session 22-10.png,,6ca041b24a69df1ee33fd65f89d37f6e0ec0a0274e261bf06fb694e183fc8d3c,
move,Session 22,assets/world-anvil/screenshots-originals/Session 22/Session 22-11.png,assets/world-anvil/screenshots/Session 22/Session 22-11.png,,445ed46232bae2851eeee85f614dc3b9795ce881ebd05ff6aef377ba2f136161,
move,Session 22,assets/world-anvil/screenshots-originals/Session 22/Session 22-12.png,assets/world-anvil/screenshots/Session 22/Session 22-12.png,,7ee8f5f12382b25e25bf53e27adb25d3c8d56ff7ef1bde71e589a88fb1da1945,
move,Session 22,assets/world-anvil/screenshots-originals/Session 22/Session 22-13.png,assets/world-anvil/screenshots/Session 22/Session 22-13.png,,311e75e9a64e4c35073d5755252c48ad65fb295216f9bbca2c46d419c3eb8adc,
move,Session 23,assets/world-anvil/screenshots-originals/Session 23/Session 23-01.png,assets/world-anvil/screenshots/Session 23/Session 23-01.png,,cf07fdeb72da79c00c0be1e89e3ca6d8cc1843bd7d3b29e5cbf723522a044c42,
move,Session 23,assets/world-anvil/screenshots-originals/Session 23/Session 23-02.png,assets/world-anvil/screenshots/Session 23/Session 23-02.png,,a624f613021f781bb63a4666fce23e26a78cd81c5c3dd6418cb09c9db240bf18,
move,Session 23,assets/world-anvil/screenshots-originals/Session 23/Session 23-03.png,assets/world-anvil/screenshots/Session 23/Session 23-03.png,,fa9bcc5fd2100c7df1ada02358caaf68c6650ff7f0eb1690ee20d81ad86c7a04,
move,Session 23,assets/world-anvil/screenshots-originals/Session 23/Session 23-04.png,assets/world-anvil/screenshots/Session 23/Session 23-04.png,,2be4dc4aab60514c6f0e1944a6e0bffd2c8c6fceb19e02de601e7e686d7ad48f,
move,Session 23,assets/world-anvil/screenshots-originals/Session 23/Session 23-05.png,assets/world-anvil/screenshots/Session 23/Session 23-05.png,,bc68c2f248d5e2a915f144dd927bb4e26e7f7fd2856de220a77285e0eac62cbd,
move,Session 23,assets/world-anvil/screenshots-originals/Session 23/Session 23-06.png,assets/world-anvil/screenshots/Session 23/Session 23-06.png,,1e9442bf8c6d72dda2d72de986123494413536aaf5d3942872270d1e1f9229b3,
move,Session 23,assets/world-anvil/screenshots-originals/Session 23/Session 23-07.png,assets/world-anvil/screenshots/Session 23/Session 23-07.png,,bc5cf3fa8d4737966f300bb280cb5d481cbe28b5a732ba661248dd2dca25e2b3,
move,Session 23,assets/world-anvil/screenshots-originals/Session 23/Session 23-08.png,assets/world-anvil/screenshots/Session 23/Session 23-08.png,,3ba6b9c6b836d7e8d94b9a949a7c231e62563ea01c10bab0159a88408d2e0d3b,
move,Session 23,assets/world-anvil/screenshots-originals/Session 23/Session 23-09.png,assets/world-anvil/screenshots/Session 23/Session 23-09.png,,8ae18c2894b1e44302bb17a3a3ef4216a51ba4589a53453870d704cd823efd71,
move,Session 23,assets/world-anvil/screenshots-originals/Session 23/Session 23-10.png,assets/world-anvil/screenshots/Session 23/Session 23-10.png,,285f2657f34cb381641a205c0f7bc79b08ce1ca9b9366907e4e6b3b57b45ba06,
move,Session 24,assets/world-anvil/screenshots-originals/Session 24/Session 24-01.png,assets/world-anvil/screenshots/Session 24/Session 24-01.png,,4571231c7bd7d69cfc8c511964717b9ee8ad0ae7cdaeda2d676b34cfdb7e6662,
move,Session 24,assets/world-anvil/screenshots-originals/Session 24/Session 24-02.png,assets/world-anvil/screenshots/Session 24/Session 24-02.png,,cc1e65c7bc6c68c72546f5b10537cec214223b872514f6ab6f8b02c004b7de00,
move,Session 25,assets/world-anvil/screenshots-originals/Session 25/Session 25-01.png,assets/world-anvil/screenshots/Session 25/Session 25-01.png,,33c3de2b12ed3c25ad0addc0e79215139139dc7139c36f46b31d96d909e0a609,
move,Session 25,assets/world-anvil/screenshots-originals/Session 25/Session 25-02.png,assets/world-anvil/screenshots/Session 25/Session 25-02.png,,923ddf93205559c44812c849795c455f22364f04484d4f805d6f7236fa19f00b,
move,Session 25,assets/world-anvil/screenshots-originals/Session 25/Session 25-03.png,assets/world-anvil/screenshots/Session 25/Session 25-03.png,,d52590d9bbba142181cb52e14191d9eb8a078ffa39c2e2efedce3ed2349a4271,
move,Session 25,assets/world-anvil/screenshots-originals/Session 25/Session 25-04.png,assets/world-anvil/screenshots/Session 25/Session 25-04.png,,ad3a760ee4e9f5bddf9130e5075b0d114f79841deade76d1cceafc16cdc2b732,
move,Session 25,assets/world-anvil/screenshots-originals/Session 25/Session 25-05.png,assets/world-anvil/screenshots/Session 25/Session 25-05.png,,5114e94e1fa4651a561855b41ca0d6a5b87b884678e929ab520de733b5313c0f,
move,Session 25,assets/world-anvil/screenshots-originals/Session 25/Session 25-06.png,assets/world-anvil/screenshots/Session 25/Session 25-06.png,,bb3e2af82813111bb7e1fd5830eb3461b5c5baf2fe61b4587910192307e62486,
move,Session 25,assets/world-anvil/screenshots-originals/Session 25/Session 25-07.png,assets/world-anvil/screenshots/Session 25/Session 25-07.png,,b33123c81acb39fe13af24d7d44b2616b30613fdfeaa956e8ef96d51d0e9141a,
move,Session 25,assets/world-anvil/screenshots-originals/Session 25/Session 25-08.png,assets/world-anvil/screenshots/Session 25/Session 25-08.png,,01f1b795f9a59f7b967e965abdf3b765861e5bd60b33047a55039cfe65326734,
move,Session 25,assets/world-anvil/screenshots-originals/Session 25/Session 25-09.png,assets/world-anvil/screenshots/Session 25/Session 25-09.png,,9091beb9937a4b5d8128371bd1817c1fa0f21a600511515445fe672cc2429860,
move,Session 26,assets/world-anvil/screenshots-originals/Session 26/Session 26-01.png,assets/world-anvil/screenshots/Session 26/Session 26-01.png,,0fe31ec0f46430bd905cf8ad1b4731be71eee3832697eb53cf78c16dc1436ec1,
move,Session 26,assets/world-anvil/screenshots-originals/Session 26/Session 26-02.png,assets/world-anvil/screenshots/Session 26/Session 26-02.png,,337235bdeec468ba7893ebe0ea266332a563d5a1df3a675a3023be4aad99b80b,
move,Session 26,assets/world-anvil/screenshots-originals/Session 26/Session 26-03.png,assets/world-anvil/screenshots/Session 26/Session 26-03.png,,0f8b516999566fc3d3614577fabf967aea948f738c585e7c59c57707f8a5fdd8,
move,Session 26,assets/world-anvil/screenshots-originals/Session 26/Session 26-04.png,assets/world-anvil/screenshots/Session 26/Session 26-04.png,,c21eb6a9028dfdd81f1c1ba4ea998edb4ef3e818a875bc510e271719f44ab15c,
move,Session 26,assets/world-anvil/screenshots-originals/Session 26/Session 26-05.png,assets/world-anvil/screenshots/Session 26/Session 26-05.png,,786659617d51de7c21455b235fb4691642e0426d2ceb4a299404ec7875d0dd71,
move,Session 26,assets/world-anvil/screenshots-originals/Session 26/Session 26-06.png,assets/world-anvil/screenshots/Session 26/Session 26-06.png,,3fbd1b1965b2aa43d92e299feb2132dcd9e639d885d27000c90a42a9f885f551,
move,Session 27,assets/world-anvil/screenshots-originals/Session 27/Session 27-01.png,assets/world-anvil/screenshots/Session 27/Session 27-01.png,,bcc9212056ca23e0e80ba8f11218763f4d5af37708088645a3340a282511205c,
move,Session 27,assets/world-anvil/screenshots-originals/Session 27/Session 27-02.png,assets/world-anvil/screenshots/Session 27/Session 27-02.png,,4b6f8f20db0eabf21df1812994dda5ef3defed6c28d285dafd587809ef35da94,
move,Session 27,assets/world-anvil/screenshots-originals/Session 27/Session 27-03.png,assets/world-anvil/screenshots/Session 27/Session 27-03.png,,bf3c5a4db216f41d51da8ca6cf614fd4180b08e408fceee62cdc4ce55bded90e,
move,Session 27,assets/world-anvil/screenshots-originals/Session 27/Session 27-04.png,assets/world-anvil/screenshots/Session 27/Session 27-04.png,,df4af8dfb1392092cc3f9b7273e45524401126f6e61af0ea6fd66e94ca418cc4,
move,Session 27,assets/world-anvil/screenshots-originals/Session 27/Session 27-05.png,assets/world-anvil/screenshots/Session 27/Session 27-05.png,,5ef1e0290fceecc2129bf3b362803ba990b8e53f9fb056e5df2cb3326201098a,
move,Session 27,assets/world-anvil/screenshots-originals/Session 27/Session 27-06.png,assets/world-anvil/screenshots/Session 27/Session 27-06.png,,4264099018a9a7ddbfe33397f93f21831ef49b1c83609e9f7e82c5738f3bd1d9,
move,Session 27,assets/world-anvil/screenshots-originals/Session 27/Session 27-07.png,assets/world-anvil/screenshots/Session 27/Session 27-07.png,,0548d71f0ac8614a6a5d2efa0dace1f2d2e26599b07e1e4607dd4ca9fa0ea215,
move,Session 27,assets/world-anvil/screenshots-originals/Session 27/Session 27-08.png,assets/world-anvil/screenshots/Session 27/Session 27-08.png,,980cb01cdc04731fa5b05cf0cc040b066893e98213c0c597e96759f35f480de0,
move,Session 27,assets/world-anvil/screenshots-originals/Session 27/Session 27-09.png,assets/world-anvil/screenshots/Session 27/Session 27-09.png,,3590ca5d9578bcae8efdd170003551deb6b1c562a7171ee0b4dd42f51c6f2160,
move,Session 27,assets/world-anvil/screenshots-originals/Session 27/Session 27-10.png,assets/world-anvil/screenshots/Session 27/Session 27-10.png,,7817572b03cf208e25396798ab4bacf12e86b48dbc925fc007c76027ae74cf72,
move,Session 27,assets/world-anvil/screenshots-originals/Session 27/Session 27-11.png,assets/world-anvil/screenshots/Session 27/Session 27-11.png,,5a1c560e6188d8646d9b2e4c4e6cf546a51faaa0886d68dfd3fdc1b5e93cdbde,
move,Session 27,assets/world-anvil/screenshots-originals/Session 27/Session 27-12.png,assets/world-anvil/screenshots/Session 27/Session 27-12.png,,897acbf425bc6d63d17ebbc11c47636f17eb0f3ce8dfb3dbf842455359927696,
move,Session 27,assets/world-anvil/screenshots-originals/Session 27/Session 27-13.png,assets/world-anvil/screenshots/Session 27/Session 27-13.png,,094f0256a42d7f6fea6bfc3eb2bdffc0b334fba336311db2d2500330be447307,
move,Session 27,assets/world-anvil/screenshots-originals/Session 27/Session 27-14.png,assets/world-anvil/screenshots/Session 27/Session 27-14.png,,c3520b34acfed44108205510d0a079a074cb555f38509bfe7c136cb5a26a2b3b,
move,Session 28,assets/world-anvil/screenshots-originals/Session 28/Session 28-01.png,assets/world-anvil/screenshots/Session 28/Session 28-01.png,,d0c637ac70b6ff31b07c24650c3ccb115ffcfb5dd3bf4253d1d14f0eb15c341d,
move,Session 28,assets/world-anvil/screenshots-originals/Session 28/Session 28-02.png,assets/world-anvil/screenshots/Session 28/Session 28-02.png,,d2c74e601fe9706ce809e115fc993d4711be3e927a24e0177f0cf5d04c422066,
move,Session 28,assets/world-anvil/screenshots-originals/Session 28/Session 28-03.png,assets/world-anvil/screenshots/Session 28/Session 28-03.png,,290e501ca0a54cec011d19fdbeb392e2df54fb18483f501b4af436364bf5db3b,
move,Session 28,assets/world-anvil/screenshots-originals/Session 28/Session 28-04.png,assets/world-anvil/screenshots/Session 28/Session 28-04.png,,a9988fd7d3e70f9638adcf3ea3a3474849f4c4cafd0f50aa8721807155a60054,
move,Session 28,assets/world-anvil/screenshots-originals/Session 28/Session 28-05.png,assets/world-anvil/screenshots/Session 28/Session 28-05.png,,eb5a57d6f63c6f6a98c9d494e029826167aa6186e1ed87cec401962d6deada1b,
move,Session 28,assets/world-anvil/screenshots-originals/Session 28/Session 28-06.png,assets/world-anvil/screenshots/Session 28/Session 28-06.png,,02bfd43172e9ce21fd3b107b40a2e0e06a689bbca2032eaefc49f3bb93ab486e,
move,Session 28,assets/world-anvil/screenshots-originals/Session 28/Session 28-07.png,assets/world-anvil/screenshots/Session 28/Session 28-07.png,,bdaaaafac381f5aac8111a8c37952c673528b178135560fb2381a6b9c1dc07f9,
move,Session 28,assets/world-anvil/screenshots-originals/Session 28/Session 28-08.png,assets/world-anvil/screenshots/Session 28/Session 28-08.png,,38d0520b724f8329e0cfe8a83074c4c569cd129f096a4f80fc20db90440cc90e,
move,Session 28,assets/world-anvil/screenshots-originals/Session 28/Session 28-09.png,assets/world-anvil/screenshots/Session 28/Session 28-09.png,,2a5dd287474aa1d82dac391f3f482572c8e09f78855de59a0376fd1b9f3606c6,
move,Session 28,assets/world-anvil/screenshots-originals/Session 28/Session 28-10.png,assets/world-anvil/screenshots/Session 28/Session 28-10.png,,2a5fcbaca6aee7b482d9e8615e8abf746bb25e7eeda694d74bae6ac7b8bc7f5a,
move,Session 28,assets/world-anvil/screenshots-originals/Session 28/Session 28-11.png,assets/world-anvil/screenshots/Session 28/Session 28-11.png,,e6c735fd46ead775f700e4ffd41fc557be9b0cd1a1c620065d13f8b3ccce94f2,
move,Session 28,assets/world-anvil/screenshots-originals/Session 28/Session 28-12.png,assets/world-anvil/screenshots/Session 28/Session 28-12.png,,3e926ad129920021ace51ae574ec444e7e3d3d2521c0ea48bede2dc7cf6dfa8d,
move,Session 28,assets/world-anvil/screenshots-originals/Session 28/Session 28-13.png,assets/world-anvil/screenshots/Session 28/Session 28-13.png,,3009993b9301e1b12b052a2f31b765a92d6fae73c8a30b5fee8e7559fe913a62,
move,Session 28,assets/world-anvil/screenshots-originals/Session 28/Session 28-14.png,assets/world-anvil/screenshots/Session 28/Session 28-14.png,,6b6b41e9ad5454cee5377b2a35a5b5b77125c9a70e6e8c99756c2c2a15efc805,
move,Session 28,assets/world-anvil/screenshots-originals/Session 28/Session 28-15.png,assets/world-anvil/screenshots/Session 28/Session 28-15.png,,888c2ab5a469e45bee5016c69f17ef2678f65389d1c3ef0640b61db364bb0c6e,
move,Session 28,assets/world-anvil/screenshots-originals/Session 28/Session 28-16.png,assets/world-anvil/screenshots/Session 28/Session 28-16.png,,4faaaf3a0ce8fcfacd5a5198068a777c3cdd535c616e247d4d4467865e5900b5,
move,Session 28,assets/world-anvil/screenshots-originals/Session 28/Session 28-17.png,assets/world-anvil/screenshots/Session 28/Session 28-17.png,,0de7f0c5cb535d68db154b084d1dcd578a50f1511daa0253f1001adb57897f13,
move,Session 28,assets/world-anvil/screenshots-originals/Session 28/Session 28-18.png,assets/world-anvil/screenshots/Session 28/Session 28-18.png,,7be3d7adadcf1d340a350bc0c08b3bb4c676e522f445f0a22f6dd5eff8c07f1d,
move,Session 28,assets/world-anvil/screenshots-originals/Session 28/Session 28-19.png,assets/world-anvil/screenshots/Session 28/Session 28-19.png,,fb91dfba03967fa8b370ac4e4cbeeb6b50254cc142f297620d45b75b0b8200b2,
move,Session 29,assets/world-anvil/screenshots-originals/Session 29/Session 29-01.png,assets/world-anvil/screenshots/Session 29/Session 29-01.png,,9da01f37f32f5f5fb182ef5454f30d0804fef2630a9fe098a89f3427ddd9f0ea,
move,Session 29,assets/world-anvil/screenshots-originals/Session 29/Session 29-02.png,assets/world-anvil/screenshots/Session 29/Session 29-02.png,,5b0412b502d8db2b481426228ae1426fe400acf766a2d1f958765ba0d7b0fe56,
move,Session 29,assets/world-anvil/screenshots-originals/Session 29/Session 29-03.png,assets/world-anvil/screenshots/Session 29/Session 29-03.png,,6cf4fccba76da938979e5cbbf1abcfccb81809c7f3887ba1d881d385dbb13704,
move,Session 29,assets/world-anvil/screenshots-originals/Session 29/Session 29-04.png,assets/world-anvil/screenshots/Session 29/Session 29-04.png,,50327ba3559531a6bdbaf6b35a514f76779109cfd155f152fb981fe47bff67fc,
move,Session 29,assets/world-anvil/screenshots-originals/Session 29/Session 29-05.png,assets/world-anvil/screenshots/Session 29/Session 29-05.png,,ba5b6ccc42707cbc88ae6ea9a998941f268ed86c3e2330dca2de2788157a57e9,
move,Session 29,assets/world-anvil/screenshots-originals/Session 29/Session 29-06.png,assets/world-anvil/screenshots/Session 29/Session 29-06.png,,0dd963e12f3d803463711bf9727c0e485d8716d1dc92e0f4d02cf4e8e2079b24,
move,Session 29,assets/world-anvil/screenshots-originals/Session 29/Session 29-07.png,assets/world-anvil/screenshots/Session 29/Session 29-07.png,,2ba2aad51fba61f2d1ac74599f2bc2e2aabca6eaf271a6afedfb4a0f89787f7e,
move,Session 29,assets/world-anvil/screenshots-originals/Session 29/Session 29-08.png,assets/world-anvil/screenshots/Session 29/Session 29-08.png,,6d6ce0320b0f868ac4f449ff5f462bee8a31d11ed1702999cf9c6adf9b5c7a05,
move,Session 29,assets/world-anvil/screenshots-originals/Session 29/Session 29-09.png,assets/world-anvil/screenshots/Session 29/Session 29-09.png,,d2058c8db541f9bf46873bd376757c0cc051bb4a360840bc8ddc50c58758afd8,
move,Session 29,assets/world-anvil/screenshots-originals/Session 29/Session 29-10.png,assets/world-anvil/screenshots/Session 29/Session 29-10.png,,0ebf652eee4fd82bbffc8f2671744c5e830435f7019ae13063d52130cba4001e,
move,Session 30,assets/world-anvil/screenshots-originals/Session 30/Session 30-01.png,assets/world-anvil/screenshots/Session 30/Session 30-01.png,,c714d52819911d0f36acdc3d1f391a311fe9857f82e7c041fdfee3bc0571c8a8,
move,Session 30,assets/world-anvil/screenshots-originals/Session 30/Session 30-02.png,assets/world-anvil/screenshots/Session 30/Session 30-02.png,,f501121794cd053ce79e589be2534bab9376e2cca91e5ea8081b7c27f21067c4,
move,Session 30,assets/world-anvil/screenshots-originals/Session 30/Session 30-03.png,assets/world-anvil/screenshots/Session 30/Session 30-03.png,,e08087f9dee8e33d6d7aad2a547eb8a1f176727004a7d3c3b2db8dcfaa7170a0,
move,Session 30,assets/world-anvil/screenshots-originals/Session 30/Session 30-04.png,assets/world-anvil/screenshots/Session 30/Session 30-04.png,,9d4e63f976210b46871346d19ccde3ba7eafa204ed4cbf0ba1ac5775a0ad6459,
move,Session 30,assets/world-anvil/screenshots-originals/Session 30/Session 30-05.png,assets/world-anvil/screenshots/Session 30/Session 30-05.png,,4436aa885f95ccdda5ca501a26562844533ef8e5a72e785086278b918094e0eb,
move,Session 30,assets/world-anvil/screenshots-originals/Session 30/Session 30-06.png,assets/world-anvil/screenshots/Session 30/Session 30-06.png,,b89c6c9a217c3a4e3c65d9787fb175eac56307100c04bcc023d17055ebca5c3b,
move,Session 30,assets/world-anvil/screenshots-originals/Session 30/Session 30-07.png,assets/world-anvil/screenshots/Session 30/Session 30-07.png,,5bbaf3f85af9b9c13a55ada099aa6a13f374a65b4a26e60ebcf625c9e27d73a6,
move,Session 30,assets/world-anvil/screenshots-originals/Session 30/Session 30-08.png,assets/world-anvil/screenshots/Session 30/Session 30-08.png,,6160906ac93a60b5b96000c0f765d6eea2391ceead10f2f43e4186ede6b4ed99,
move,Session 30,assets/world-anvil/screenshots-originals/Session 30/Session 30-09.png,assets/world-anvil/screenshots/Session 30/Session 30-09.png,,29e16fe57438bc51e1a483fd3486ea67ed0f2295a2ab79ee09e02eda70f3b92d,
move,Session 30,assets/world-anvil/screenshots-originals/Session 30/Session 30-10.png,assets/world-anvil/screenshots/Session 30/Session 30-10.png,,fb5138d47c9ccbe25aef23696b5eb93d9899e23f77c028fce5870131a3308d60,
move,Session 31,assets/world-anvil/screenshots-originals/Session 31/Session 31-01.png,assets/world-anvil/screenshots/Session 31/Session 31-01.png,,5b66aef49ff7855578af9202d51331d6dedbaf4807c5302daeb7819410087e23,
move,Session 31,assets/world-anvil/screenshots-originals/Session 31/Session 31-02.png,assets/world-anvil/screenshots/Session 31/Session 31-02.png,,e6f34d12eb7a8db2104e346a265aaf3763513cbc9c996cce54cdb9cd51fa84cb,
move,Session 31,assets/world-anvil/screenshots-originals/Session 31/Session 31-03.png,assets/world-anvil/screenshots/Session 31/Session 31-03.png,,44d8a619d831ebc6380534d8001d278631cb2e50064d31cb35f8d7b0122e54f2,
move,Session 31,assets/world-anvil/screenshots-originals/Session 31/Session 31-04.png,assets/world-anvil/screenshots/Session 31/Session 31-04.png,,122ac1d643eeeeb30c202fc6f034690eee1c61b92bd0bd0a7a037669672d7dec,
move,Session 31,assets/world-anvil/screenshots-originals/Session 31/Session 31-05.png,assets/world-anvil/screenshots/Session 31/Session 31-05.png,,049493346b7898ce04e5784013ea548796e105e83714d2c13ed0e2e8ad987abf,
move,Session 31,assets/world-anvil/screenshots-originals/Session 31/Session 31-06.png,assets/world-anvil/screenshots/Session 31/Session 31-06.png,,fee6610838252a142b7fd84a9e65cf05606c294f3a3c8a02e4fc711f04719b68,
move,Session 31,assets/world-anvil/screenshots-originals/Session 31/Session 31-07.png,assets/world-anvil/screenshots/Session 31/Session 31-07.png,,069b5d2eadff1a37355fda8ea65b7852758e0d018cf44ffe9f0aad50113f219e,
move,Session 31,assets/world-anvil/screenshots-originals/Session 31/Session 31-08.png,assets/world-anvil/screenshots/Session 31/Session 31-08.png,,11ad41c2421b3149ea1dfd7018ff4db9d8421ced840003947c2219e6eb360d1a,
move,Session 31,assets/world-anvil/screenshots-originals/Session 31/Session 31-09.png,assets/world-anvil/screenshots/Session 31/Session 31-09.png,,97ccad426f197c6d840e2a7a7e04a15da39363df4a743f06c6f0ed4852d4c328,
move,Session 31,assets/world-anvil/screenshots-originals/Session 31/Session 31-10.png,assets/world-anvil/screenshots/Session 31/Session 31-10.png,,be6a037fc0bd1318824bbe47244b039a6822bf6c6f70bf53585154a63cc29613,
move,Session 31,assets/world-anvil/screenshots-originals/Session 31/Session 31-11.png,assets/world-anvil/screenshots/Session 31/Session 31-11.png,,e15a0df338cfda3a3dfb7743a5c928855ef46954f7255c4848145c55d00be9ce,
move,Session 32,assets/world-anvil/screenshots-originals/Session 32/Session 32-01.png,assets/world-anvil/screenshots/Session 32/Session 32-01.png,,4b87cd4d4dec76f4b06419c846e583d745f60c6fdca6c6f0815af61ef3546a18,
move,Session 32,assets/world-anvil/screenshots-originals/Session 32/Session 32-02.png,assets/world-anvil/screenshots/Session 32/Session 32-02.png,,5fbb0836ab648fc2cc4e918c86916370804acf780fab3d657017fbfcb4529195,
move,Session 32,assets/world-anvil/screenshots-originals/Session 32/Session 32-03.png,assets/world-anvil/screenshots/Session 32/Session 32-03.png,,0c0372fe9209051ad5bc0698fbe92c58f0517bcfd38514b7a16d5f79e45cdbc4,
move,Session 32,assets/world-anvil/screenshots-originals/Session 32/Session 32-04.png,assets/world-anvil/screenshots/Session 32/Session 32-04.png,,a29b4fa0b92500da6e321e0a7f8817606d283eb7fa45f60e670e7b2b7e8ced3c,
move,Session 32,assets/world-anvil/screenshots-originals/Session 32/Session 32-05.png,assets/world-anvil/screenshots/Session 32/Session 32-05.png,,5a4a30c20bbb326bf9b41989688b9d30d27799e0c106971403eaae560ca74758,
move,Session 32,assets/world-anvil/screenshots-originals/Session 32/Session 32-06.png,assets/world-anvil/screenshots/Session 32/Session 32-06.png,,2d0e00018e7c4ed9f9e496a3c335f541e94a4567bf53541ab08a5042281085de,
move,Session 32,assets/world-anvil/screenshots-originals/Session 32/Session 32-07.png,assets/world-anvil/screenshots/Session 32/Session 32-07.png,,8445a1108d97eb2c2a3b16f78dc9bef658a30a2246d148b3248e349ef4135d73,
move,Session 32,assets/world-anvil/screenshots-originals/Session 32/Session 32-08.png,assets/world-anvil/screenshots/Session 32/Session 32-08.png,,431b50a6b788a4fc13862980a2f24185ab0ba846aad2aa20519d57741184d12f,
move,Session 32,assets/world-anvil/screenshots-originals/Session 32/Session 32-09.png,assets/world-anvil/screenshots/Session 32/Session 32-09.png,,15f92c66522af59eeff1c514f76e3ea64f6fd6dae63951d84203063d73ce15cf,
move,Session 32,assets/world-anvil/screenshots-originals/Session 32/Session 32-10.png,assets/world-anvil/screenshots/Session 32/Session 32-10.png,,85e8d3e18a7bdcc4afecba2e8bbd1e15448b65841ddb8326cf00faa3e38eac2b,
move,Session 32,assets/world-anvil/screenshots-originals/Session 32/Session 32-11.png,assets/world-anvil/screenshots/Session 32/Session 32-11.png,,c3b46fb248071715bbadc9be114f051b7298f74ad7911b0216d7296c6518f464,
move,Session 32,assets/world-anvil/screenshots-originals/Session 32/Session 32-12.png,assets/world-anvil/screenshots/Session 32/Session 32-12.png,,ee2b631b208be37b32bcaa2dfe55fae0ba75e14eb9d8f2990f40f481b4ff98df,
move,Session 32,assets/world-anvil/screenshots-originals/Session 32/Session 32-13.png,assets/world-anvil/screenshots/Session 32/Session 32-13.png,,1a372a8442085c0b918feb92aea1ffd930b2fc529cc3afece6a4f49eb9370b38,
move,Session 32,assets/world-anvil/screenshots-originals/Session 32/Session 32-14.png,assets/world-anvil/screenshots/Session 32/Session 32-14.png,,6f0775f8bccaf0f4a2f2f913d8aab80c4a5bc0261c7b699662df55bd5252c83d,
move,Session 32,assets/world-anvil/screenshots-originals/Session 32/Session 32-15.png,assets/world-anvil/screenshots/Session 32/Session 32-15.png,,37976dd5cbfcde29251793332663251c6b723e1c42278b2f066bf4ef7cdb0f70,
move,Session 32,assets/world-anvil/screenshots-originals/Session 32/Session 32-16.png,assets/world-anvil/screenshots/Session 32/Session 32-16.png,,b86b685039ee5040a29cf2a367f3d8c57d56253f8bf59690eb4afd622f0870e5,
move,Session 32,assets/world-anvil/screenshots-originals/Session 32/Session 32-17.png,assets/world-anvil/screenshots/Session 32/Session 32-17.png,,780dc828cbbb51c8f84d4888530f3ba5862e0bff76df51d7cf4454a8f2c3f7bc,
move,Session 32,assets/world-anvil/screenshots-originals/Session 32/Session 32-18.png,assets/world-anvil/screenshots/Session 32/Session 32-18.png,,156fcf7b17b3c51af684c79d3a3862587a93f9b60735d2e8a77a0c1a5662b3c6,
move,Session 32,assets/world-anvil/screenshots-originals/Session 32/Session 32-19.png,assets/world-anvil/screenshots/Session 32/Session 32-19.png,,352afc32b493aaaeaad9727554e3adff64e67650177561fdb503722c68356069,
move,Session 32,assets/world-anvil/screenshots-originals/Session 32/Session 32-20.png,assets/world-anvil/screenshots/Session 32/Session 32-20.png,,87be9bcc211e698737276c2e73a7d9cbcea2d906df91eaa6bf4370e0b1c4407e,
move,Session 32,assets/world-anvil/screenshots-originals/Session 32/Session 32-21.png,assets/world-anvil/screenshots/Session 32/Session 32-21.png,,54ada8339966eee7fb5e6990cb9c44e08cacd489e9739589906660ab4dc0f11e,
move,Session 32,assets/world-anvil/screenshots-originals/Session 32/Session 32-22.png,assets/world-anvil/screenshots/Session 32/Session 32-22.png,,c7a3e891e4b24072b3b18e2dae6039a583e54afe411f7cc606de0db34a2f2e5f,
move,Session 32,assets/world-anvil/screenshots-originals/Session 32/Session 32-23.png,assets/world-anvil/screenshots/Session 32/Session 32-23.png,,8c74ca7b28591dcffbeb8b0ee95659bdcdcda50c2a72f3cb264d36766200dbe9,
move,Session 32,assets/world-anvil/screenshots-originals/Session 32/Session 32-24.png,assets/world-anvil/screenshots/Session 32/Session 32-24.png,,83e4c59a312bfccffe476d8ac1eab6e08ef21aac2556fbcec7f9d3249ee5a0ce,
move,Session 32,assets/world-anvil/screenshots-originals/Session 32/Session 32-25.png,assets/world-anvil/screenshots/Session 32/Session 32-25.png,,34041411f0322bbdce4aab08517b12b41b93fb0319cec5cdbfc7fedf54bc4739,
move,Session 32,assets/world-anvil/screenshots-originals/Session 32/Session 32-26.png,assets/world-anvil/screenshots/Session 32/Session 32-26.png,,1e963b0c2c0657e0d17452b2ea3578ccab89e56d6fa3aa71f0ac5ac58994e341,
move,Session 32,assets/world-anvil/screenshots-originals/Session 32/Session 32-27.png,assets/world-anvil/screenshots/Session 32/Session 32-27.png,,9452cc3d18d0db3090155714c2140dc63bacdd9801a48030cbb1f0e6a982027c,
move,Session 32,assets/world-anvil/screenshots-originals/Session 32/Session 32-28.png,assets/world-anvil/screenshots/Session 32/Session 32-28.png,,3da074cca2ab2716f4b74dc170f49bd1a384f4170f75fafa318df678bd8e2f0d,
move,Session 33,assets/world-anvil/screenshots-originals/Session 33/Session 33-01.png,assets/world-anvil/screenshots/Session 33/Session 33-01.png,,d18187c200c69a5baa948f9563f998e049fc27ea4b5414789fe4e02833f0005e,
move,Session 33,assets/world-anvil/screenshots-originals/Session 33/Session 33-02.png,assets/world-anvil/screenshots/Session 33/Session 33-02.png,,81d3d7543406d5667a66cb79dfd6c32fe47cd20443b99e09319a0956b4fd423c,
move,Session 33,assets/world-anvil/screenshots-originals/Session 33/Session 33-03.png,assets/world-anvil/screenshots/Session 33/Session 33-03.png,,590cb7982367af492ac662ff541d78f1178a47190462de5bca4d33764983b406,
move,Session 33,assets/world-anvil/screenshots-originals/Session 33/Session 33-04.png,assets/world-anvil/screenshots/Session 33/Session 33-04.png,,d8fc662709962f7f467044cd7c91657e1fb886f330d493daf443122263df4d9f,
move,Session 33,assets/world-anvil/screenshots-originals/Session 33/Session 33-05.png,assets/world-anvil/screenshots/Session 33/Session 33-05.png,,e31c3b57d5dfa4828f78227e11345ecb5d32df08de15ba89045ea4a19983e025,
move,Session 33,assets/world-anvil/screenshots-originals/Session 33/Session 33-06.png,assets/world-anvil/screenshots/Session 33/Session 33-06.png,,35941864b6e7ddb5372fd5a4990dfcb5c03eb8985d57850907c9c878cf16e6b0,
move,Session 33,assets/world-anvil/screenshots-originals/Session 33/Session 33-07.png,assets/world-anvil/screenshots/Session 33/Session 33-07.png,,ff65abbe58cce08467e6888a646b00ae41d58dbc67f0114d773eb1ae0edee386,
move,Session 33,assets/world-anvil/screenshots-originals/Session 33/Session 33-08.png,assets/world-anvil/screenshots/Session 33/Session 33-08.png,,d94e19c32aa3031f6315b5120b2e6431873db54b1dead494974a45657c1686c9,
move,Session 33,assets/world-anvil/screenshots-originals/Session 33/Session 33-09.png,assets/world-anvil/screenshots/Session 33/Session 33-09.png,,d32cf388b01b1e2a5c58989d23bf84ffbf0cd717ccd55ba397e99f7d28db3866,
move,Session 33,assets/world-anvil/screenshots-originals/Session 33/Session 33-10.png,assets/world-anvil/screenshots/Session 33/Session 33-10.png,,9bbbf1d6d8bb7318cf84d31f79bc2877a464f7333cbf4198b2862f34655e5c33,
move,Session 33,assets/world-anvil/screenshots-originals/Session 33/Session 33-12.png,assets/world-anvil/screenshots/Session 33/Session 33-12.png,,4328ae2d9dd9fcedb976339112bb0e2e006100ac7ca28ff8557f5e7a21abd08a,
move,Session 33,assets/world-anvil/screenshots-originals/Session 33/Session 33-13.png,assets/world-anvil/screenshots/Session 33/Session 33-13.png,,3f77e9fc8e3ad4414c134100bd5dbb7d01e1489776a0a484ca82ab6516445a34,
move,Session 33,assets/world-anvil/screenshots-originals/Session 33/Session 33-14.png,assets/world-anvil/screenshots/Session 33/Session 33-14.png,,96cced4b85fa5f24a02b955c845bb7813c71472e7007af8c5d71fa128f018646,
move,Session 34,assets/world-anvil/screenshots-originals/Session 34/Session 34-01.png,assets/world-anvil/screenshots/Session 34/Session 34-01.png,,580da3b204a356e9b09eead31d91c90396de33551520f7f6e1e28d0e38eaa801,
move,Session 34,assets/world-anvil/screenshots-originals/Session 34/Session 34-02.png,assets/world-anvil/screenshots/Session 34/Session 34-02.png,,d0e9d5de08eab06e8ad833ce782bdcbea50c523a29abb966027ab6b2e9171ac3,
move,Session 34,assets/world-anvil/screenshots-originals/Session 34/Session 34-03.png,assets/world-anvil/screenshots/Session 34/Session 34-03.png,,37547bae065452b225864ac98479e291bd98aa016b7fc03e55ec4a7f3814b388,
move,Session 34,assets/world-anvil/screenshots-originals/Session 34/Session 34-04.png,assets/world-anvil/screenshots/Session 34/Session 34-04.png,,e59208f99121b0a9fd39507bea128a2db9d3a26e8209e0c881c18cfb37f3cbcc,
move,Session 34,assets/world-anvil/screenshots-originals/Session 34/Session 34-05.png,assets/world-anvil/screenshots/Session 34/Session 34-05.png,,18fef2f8b9f0e43e780205f86b71bf6e55dec8e9e553c49fe380288a4032ee51,
move,Session 34,assets/world-anvil/screenshots-originals/Session 34/Session 34-06.png,assets/world-anvil/screenshots/Session 34/Session 34-06.png,,3cdd92b59f2392924ef75956482abb7588a9d5919fe4dde03a91713caccf83cc,
move,Session 34,assets/world-anvil/screenshots-originals/Session 34/Session 34-07.png,assets/world-anvil/screenshots/Session 34/Session 34-07.png,,fef6d63ba1a824d83be39611f23cdc4bfbfd48cb71325e751ec6c7e8dbbd239a,
move,Session 34,assets/world-anvil/screenshots-originals/Session 34/Session 34-08.png,assets/world-anvil/screenshots/Session 34/Session 34-08.png,,a84d2abfcb4027f40900ace251f78747092f8344b047959ebe65fffcd1534dbf,
move,Session 34,assets/world-anvil/screenshots-originals/Session 34/Session 34-09.png,assets/world-anvil/screenshots/Session 34/Session 34-09.png,,e4233c9f7f927e839e2dbdfcd01f817fc58250f0227c727b69c8d0ac484962ce,
move,Session 34,assets/world-anvil/screenshots-originals/Session 34/Session 34-10.png,assets/world-anvil/screenshots/Session 34/Session 34-10.png,,6397e5a841b6e1afd5697b106e71e5c52ee7af38452a6f501821abd2899385a0,
move,Session 35,assets/world-anvil/screenshots-originals/Session 35/Session 35-01.png,assets/world-anvil/screenshots/Session 35/Session 35-01.png,,a54ce7bee40bfeecf817e9b31c150c0eb901b868014597ad61444cbd6012c988,
move,Session 35,assets/world-anvil/screenshots-originals/Session 35/Session 35-02.png,assets/world-anvil/screenshots/Session 35/Session 35-02.png,,7ecac4c24c2fc692eb639b3d7792afbe8c3d6cb8f472c0d11d7d371fa0649a14,
move,Session 35,assets/world-anvil/screenshots-originals/Session 35/Session 35-03.png,assets/world-anvil/screenshots/Session 35/Session 35-03.png,,4cac9d544121f83898b7c2ff32ec72f21d644910797f89e64ed82b361f8c4213,
move,Session 35,assets/world-anvil/screenshots-originals/Session 35/Session 35-04.png,assets/world-anvil/screenshots/Session 35/Session 35-04.png,,da1cbcde0f2c40af30fb79c19e067ff8c891991b874d5cbd1f65ac3a192d6239,
move,Session 35,assets/world-anvil/screenshots-originals/Session 35/Session 35-05.png,assets/world-anvil/screenshots/Session 35/Session 35-05.png,,1745eeed14fb3d402c93817698b0bc996d6d070c02770f9fe76ad2f5d50c0e14,
move,Session 35,assets/world-anvil/screenshots-originals/Session 35/Session 35-06.png,assets/world-anvil/screenshots/Session 35/Session 35-06.png,,e5221d4fc43351593d3a50cb058617d984dbe8d2945f379420b8876567a12e4b,
move,Session 35,assets/world-anvil/screenshots-originals/Session 35/Session 35-07.png,assets/world-anvil/screenshots/Session 35/Session 35-07.png,,3bbc62a54a4966d8cf735b4b6ef108b6b2ccc13849bb1c4cc07c0ee8b47bae0e,
move,Session 35,assets/world-anvil/screenshots-originals/Session 35/Session 35-08.png,assets/world-anvil/screenshots/Session 35/Session 35-08.png,,d45c2bd05ecb5d5648a8eace339a15e9ecb2773200b2d256dbb7d4e852dc9bc7,
move,Session 35,assets/world-anvil/screenshots-originals/Session 35/Session 35-09.png,assets/world-anvil/screenshots/Session 35/Session 35-09.png,,cadf1e7d7b7d2b8c52cf06d2b3ffec5f7f0672b88d28544a1330d837fb2ad72e,
move,Session 35,assets/world-anvil/screenshots-originals/Session 35/Session 35-10.png,assets/world-anvil/screenshots/Session 35/Session 35-10.png,,2dccd0977a4408d395c70235a525ed696ddf92ec1165d2acf5808f55cb5feaed,
move,Session 35,assets/world-anvil/screenshots-originals/Session 35/Session 35-11.png,assets/world-anvil/screenshots/Session 35/Session 35-11.png,,fbc772bf74cee383ffb7a027c66391a17701b294aca6bb6f8037671a4e0a0f0c,
move,Session 35,assets/world-anvil/screenshots-originals/Session 35/Session 35-12.png,assets/world-anvil/screenshots/Session 35/Session 35-12.png,,168d94cef88f09c55f70b0b2c61223c5975edf68498c9f758e863c8837225239,
move,Session 35,assets/world-anvil/screenshots-originals/Session 35/Session 35-13.png,assets/world-anvil/screenshots/Session 35/Session 35-13.png,,a7610ae207da52f1371c7b65886f67aaca41455681dd0fe65b91ab6887907424,
move,Session 35,assets/world-anvil/screenshots-originals/Session 35/Session 35-14.png,assets/world-anvil/screenshots/Session 35/Session 35-14.png,,4c81cca80d9b82d184fd4ed702c76d0921ad77ff68faa748f328dee8d357e1a8,
move,Session 35,assets/world-anvil/screenshots-originals/Session 35/Session 35-15.png,assets/world-anvil/screenshots/Session 35/Session 35-15.png,,984fadbc12335c88db538ddd05264e2c4ead774f5b77226f97aba819caedea5b,
move,Session 35,assets/world-anvil/screenshots-originals/Session 35/Session 35-16.png,assets/world-anvil/screenshots/Session 35/Session 35-16.png,,4c0e9985f9a4aecd88ee84162c69b6f89b138d66677fc882a130b6998b726b1a,
move,Session 35,assets/world-anvil/screenshots-originals/Session 35/Session 35-17.png,assets/world-anvil/screenshots/Session 35/Session 35-17.png,,229c77cf8870c72d0da97bd1b28edcfa80953e968dffd2f7f04a52332a32efa5,
move,Session 36,assets/world-anvil/screenshots-originals/Session 36/Ant and the Eye.png,assets/world-anvil/screenshots/Session 36/Ant and the Eye.png,,5dbd56002efcf7caabc9fe2e30756929e7a89d573462585bca78e05c0bd55ac1,
move,Session 36,assets/world-anvil/screenshots-originals/Session 36/Dragonflies.png,assets/world-anvil/screenshots/Session 36/Dragonflies.png,,f29612dbe465e80378f582a902d9affd416b05cf2cc42725ae3178345913cb1d,
move,Session 36,assets/world-anvil/screenshots-originals/Session 36/Session 36-01.png,assets/world-anvil/screenshots/Session 36/Session 36-01.png,,ba6d8d5907e95b3354280af73d305fcf16acf485dde1ae2abb805b5b20512105,
move,Session 36,assets/world-anvil/screenshots-originals/Session 36/Session 36-02.png,assets/world-anvil/screenshots/Session 36/Session 36-02.png,,9f3e800d3cd137faea17d160bc174ef6f20c0633974cfd88491b4b27bf8e24fe,
move,Session 36,assets/world-anvil/screenshots-originals/Session 36/Session 36-03.png,assets/world-anvil/screenshots/Session 36/Session 36-03.png,,26782a210dc9517f06ac8b60a42354c4583f4d0cfb64d8dee5627b702eb23cd7,
move,Session 36,assets/world-anvil/screenshots-originals/Session 36/Session 36-04.png,assets/world-anvil/screenshots/Session 36/Session 36-04.png,,6b4c078093fd9c6887edbe1f4dad311b49c45ac71205ac7be43ba389886f7ee1,
move,Session 36,assets/world-anvil/screenshots-originals/Session 36/Session 36-05.png,assets/world-anvil/screenshots/Session 36/Session 36-05.png,,b7e263fc0d6c977efd9dbd31f73660951df90239d863832788acf63ca514cebd,
move,Session 36,assets/world-anvil/screenshots-originals/Session 36/Session 36-06.png,assets/world-anvil/screenshots/Session 36/Session 36-06.png,,af56bdc443b46a1cd41b3901d92da168cca5b55be91a80c6cd14f660bebb6702,
move,Session 36,assets/world-anvil/screenshots-originals/Session 36/Session 36-07.png,assets/world-anvil/screenshots/Session 36/Session 36-07.png,,7dec0df4975ef9f1450248ccab7ebe63d0923f586b1ecc36d67ca50c8f968a88,
move,Session 36,assets/world-anvil/screenshots-originals/Session 36/Session 36-08.png,assets/world-anvil/screenshots/Session 36/Session 36-08.png,,115f524a537943ce4cd3080da67d27effae9e32b7fc34139d2b7ef8e321e38eb,
move,Session 36,assets/world-anvil/screenshots-originals/Session 36/Session 36-09.png,assets/world-anvil/screenshots/Session 36/Session 36-09.png,,77248c428574813b72e7c2da15836dd177b2ce7082fb7cf28d6704cf91911b31,
move,Session 36,assets/world-anvil/screenshots-originals/Session 36/Session 36-10.png,assets/world-anvil/screenshots/Session 36/Session 36-10.png,,5b0691a2c563903e9fb7c8bc967f7e90095e464d4ae412c2973e8b57b83b1f2f,
move,Session 36,assets/world-anvil/screenshots-originals/Session 36/Session 36-11.png,assets/world-anvil/screenshots/Session 36/Session 36-11.png,,69354f3f28d700249b527b0fd0a2e7b33110bb3d4f63a1deabed63cf06d6b170,
move,Session 36,assets/world-anvil/screenshots-originals/Session 36/Session 36-12.png,assets/world-anvil/screenshots/Session 36/Session 36-12.png,,09c419f9b2907f70ee68654ff044301551c19262ad89bbb072e964a5370e089d,
move,Session 36,assets/world-anvil/screenshots-originals/Session 36/Session 36-13.png,assets/world-anvil/screenshots/Session 36/Session 36-13.png,,a5b6799cab4ab42c4b827a351680e3249df975ec57d240b1a62935cf8b3ebf38,
move,Session 36,assets/world-anvil/screenshots-originals/Session 36/Session 36-14.png,assets/world-anvil/screenshots/Session 36/Session 36-14.png,,44718b2b48f2d973b5f3f877329fbdb023ba8760e1c598de66e5fd8863f1e02c,
move,Session 36,assets/world-anvil/screenshots-originals/Session 36/Session 36-15.png,assets/world-anvil/screenshots/Session 36/Session 36-15.png,,99b037dbb00ebe11bf7dbe1765d751abade812293cd43b05de312e94e61ed16e,
move,Session 37,assets/world-anvil/screenshots-originals/Session 37/Session 37-01.png,assets/world-anvil/screenshots/Session 37/Session 37-01.png,,590a16344f8c1ed5ecf06ada6836eee2f22c20c41e15503b13486219cd2582f6,
move,Session 37,assets/world-anvil/screenshots-originals/Session 37/Session 37-02.png,assets/world-anvil/screenshots/Session 37/Session 37-02.png,,0a743be0853e0c90d2013094e0d3fb2f73280de97a601417478b9893d9fc7b67,
move,Session 37,assets/world-anvil/screenshots-originals/Session 37/Session 37-03.png,assets/world-anvil/screenshots/Session 37/Session 37-03.png,,c2b87f2ad066afb6d59cdd3f1d7de35f8022abd3e11bd91a48d882ed7c7ab398,
move,Session 37,assets/world-anvil/screenshots-originals/Session 37/Session 37-04.png,assets/world-anvil/screenshots/Session 37/Session 37-04.png,,0f1893bbcbb603d3d92b21492a036b602a770201862bfccf4e0cc68af0ee8268,
move,Session 37,assets/world-anvil/screenshots-originals/Session 37/Session 37-05.png,assets/world-anvil/screenshots/Session 37/Session 37-05.png,,569fa8b18a98ec2f470580910b206ff37765adcd50e078746a77a8541ad37a02,
move,Session 37,assets/world-anvil/screenshots-originals/Session 37/Session 37-06.png,assets/world-anvil/screenshots/Session 37/Session 37-06.png,,03f3657b92ffbd9a9e1a8f047559557ca375a15b2d44e7329d92b7fdd6e2b258,
move,Session 37,assets/world-anvil/screenshots-originals/Session 37/Session 37-07.png,assets/world-anvil/screenshots/Session 37/Session 37-07.png,,63c2031b6c43e33bd7611cc623bd0abe6451cc652a0335d3efe25a1964ee62ef,
move,Session 37,assets/world-anvil/screenshots-originals/Session 37/Session 37-08.png,assets/world-anvil/screenshots/Session 37/Session 37-08.png,,fa2e1011fdc5402b57a1cae6f617e95a530acf39c961ec0629ce6aba8a4fafa7,
move,Session 37,assets/world-anvil/screenshots-originals/Session 37/Session 37-09.png,assets/world-anvil/screenshots/Session 37/Session 37-09.png,,39625a99b90fb69cfe3bf65cc2259bb5aed8d8274d764ca8f1efcc9452d2a51d,
move,Session 37,assets/world-anvil/screenshots-originals/Session 37/Session 37-10.png,assets/world-anvil/screenshots/Session 37/Session 37-10.png,,6959a8bf6e9d651f6e82a0025fd05e136ade1fb81f01a2c56f1f5b6ca32d31f8,
move,Session 37,assets/world-anvil/screenshots-originals/Session 37/Session 37-11.png,assets/world-anvil/screenshots/Session 37/Session 37-11.png,,3350a21a05d8998d6cbec8d35fdb6f630601d8f195b73f46e2f05e4f78b686c9,
move,Session 37,assets/world-anvil/screenshots-originals/Session 37/Session 37-12.png,assets/world-anvil/screenshots/Session 37/Session 37-12.png,,3c7031d6e987fa86eef6f4b53a2157bcb4504edda824d7d9ba065ec40c61cdd3,
move,Session 38,assets/world-anvil/screenshots-originals/Session 38/Session 38-01.png,assets/world-anvil/screenshots/Session 38/Session 38-01.png,,e320bbefac229c051775b5fcd41fe0b6ca00ef1680fb279ad64e9b2cd84f1ffb,
move,Session 38,assets/world-anvil/screenshots-originals/Session 38/Session 38-02.png,assets/world-anvil/screenshots/Session 38/Session 38-02.png,,63de8191f8b4b78fcb19a03e2431240fa65c594409a4aa870de8be8600dccc00,
move,Session 38,assets/world-anvil/screenshots-originals/Session 38/Session 38-04.png,assets/world-anvil/screenshots/Session 38/Session 38-04.png,,15661db6866c5e86b2d81d90fb71992c2151235b5ae1368665aa790954025654,
move,Session 38,assets/world-anvil/screenshots-originals/Session 38/Session 38-05.png,assets/world-anvil/screenshots/Session 38/Session 38-05.png,,b9f561a9ad65c643158612abba656a89778e68e12e0601d9d55f2d44a0071c0c,
move,Session 38,assets/world-anvil/screenshots-originals/Session 38/Session 38-06.png,assets/world-anvil/screenshots/Session 38/Session 38-06.png,,ab7615ba00317f917afe50347a5f79a79d1f28a2a4e9148789ff6befb8b4778f,
move,Session 38,assets/world-anvil/screenshots-originals/Session 38/Session 38-07.png,assets/world-anvil/screenshots/Session 38/Session 38-07.png,,cba7bc6329aff50c6afa0fe75d70845440066ceb852e4aa70dd5d2a2b0735ca6,
move,Session 38,assets/world-anvil/screenshots-originals/Session 38/Session 38-08.png,assets/world-anvil/screenshots/Session 38/Session 38-08.png,,8e3c391f7a0c9a02b838c214a02debe946dc6acd627bd0148ef17feddf100cca,
move,Session 38,assets/world-anvil/screenshots-originals/Session 38/Session 38-09.png,assets/world-anvil/screenshots/Session 38/Session 38-09.png,,21ae3754ae38af5806f0e90852a49f003ac1d3d149a41b66d272b5c0bcb73eb5,
move,Session 38,assets/world-anvil/screenshots-originals/Session 38/Session 38-10.png,assets/world-anvil/screenshots/Session 38/Session 38-10.png,,bdcf96afd8a1011e0573b83c34fa54c833f94ab4839cc2aeb5cf1173f7c71857,
move,Session 38,assets/world-anvil/screenshots-originals/Session 38/Session 38-11.png,assets/world-anvil/screenshots/Session 38/Session 38-11.png,,cec838cb9739cbe517743b5504caf00e39b4c4633e59a95aea725af2fcad7884,
move,Session 38,assets/world-anvil/screenshots-originals/Session 38/Session 38-12.png,assets/world-anvil/screenshots/Session 38/Session 38-12.png,,85f6f6363525943843bcacef940f1054166ca6a4554f209f007ec0cb32bbd056,
move,Session 38,assets/world-anvil/screenshots-originals/Session 38/Session 38-13.png,assets/world-anvil/screenshots/Session 38/Session 38-13.png,,bc9291862e3542b4daa2fbba9b1ddec471c53dfd5b271fb609929b9761f23edd,
move,Session 38,assets/world-anvil/screenshots-originals/Session 38/Session 38-14.png,assets/world-anvil/screenshots/Session 38/Session 38-14.png,,8df7fd13771346a8f05e9909b8d51482217d8a440a5d6ba13ee2af283d21849b,
move,Session 38,assets/world-anvil/screenshots-originals/Session 38/Session 38-15.png,assets/world-anvil/screenshots/Session 38/Session 38-15.png,,c9d74f8fb67bcc416454961aa0f248acf4e886258c6651dffe4b7eb9dd1a53bf,
move,Session 38,assets/world-anvil/screenshots-originals/Session 38/Session 38-16.png,assets/world-anvil/screenshots/Session 38/Session 38-16.png,,81867db76e0f5a49942fb2e6de13eb34e5b4ab58a2b07a5976374c96b7cad15d,
move,Session 38,assets/world-anvil/screenshots-originals/Session 38/Session 38-17.png,assets/world-anvil/screenshots/Session 38/Session 38-17.png,,3744130989bbf8af88f71ecdf804b73824994d42afe2f9c140c1b197e5696e5d,
move,Session 38,assets/world-anvil/screenshots-originals/Session 38/Session 38-18.png,assets/world-anvil/screenshots/Session 38/Session 38-18.png,,2df2035982820feb42ae4bc0303c131eba98b89e2af551e563c260f38d70f507,
move,Session 38,assets/world-anvil/screenshots-originals/Session 38/Session 38-19.png,assets/world-anvil/screenshots/Session 38/Session 38-19.png,,d34f06d982c7ee2498474616cd39d9d950e481ade0895f62a8fdb5c7fb062e32,
move,Session 38,assets/world-anvil/screenshots-originals/Session 38/Session 38-20.png,assets/world-anvil/screenshots/Session 38/Session 38-20.png,,1fe3c289e5029ca09c45f16ac0addbaffdd9a01ccf218069230cf37131df19f0,
move,Session 38,assets/world-anvil/screenshots-originals/Session 38/Session 38-21.png,assets/world-anvil/screenshots/Session 38/Session 38-21.png,,5278a55b2761f836bc945558c07d941d20efe6c2b2f8b293a86deb36d58aa78a,
move,Session 38,assets/world-anvil/screenshots-originals/Session 38/Session 38-22.png,assets/world-anvil/screenshots/Session 38/Session 38-22.png,,554f9eb86f142372c90db840e4d6267a175234278057bd4b4a385c370c119b19,
move,Session 38,assets/world-anvil/screenshots-originals/Session 38/Session 38-23.png,assets/world-anvil/screenshots/Session 38/Session 38-23.png,,8937b4b7707336b7ca9e37859defa792a377be488d3bef738cec88f91d02061c,
move,Session 38,assets/world-anvil/screenshots-originals/Session 38/Session 38-24.png,assets/world-anvil/screenshots/Session 38/Session 38-24.png,,f19774e7ca6877790bf9cfd7b2033abbdc1189fe1a1af63e0d7834a6b2883130,
move,Session 38,assets/world-anvil/screenshots-originals/Session 38/Session 38-25.png,assets/world-anvil/screenshots/Session 38/Session 38-25.png,,4b4fb8f8fab915ac5d80879ffebcd28e94ea3fa7b06202382441b98656954dff,
move,Session 38,assets/world-anvil/screenshots-originals/Session 38/Session 38-26.png,assets/world-anvil/screenshots/Session 38/Session 38-26.png,,0d424949451cdcea7be9fd9db02d8da6110481e67e7bc01a8c99ce1e34392284,
move,Session 38,assets/world-anvil/screenshots-originals/Session 38/Session 38-27.png,assets/world-anvil/screenshots/Session 38/Session 38-27.png,,b51ee1c003bea9a6cc89387d119ba6c0bc3fae5322e05a40ea63c72a0ae0ae05,
move,Session 38,assets/world-anvil/screenshots-originals/Session 38/Session 38-28.png,assets/world-anvil/screenshots/Session 38/Session 38-28.png,,a1f330155cfe4125333d5d22bae0cfa72d2d8ac019f05ac5abd3cd5f34df2980,
move,Session 39,assets/world-anvil/screenshots-originals/Session 39/Session 39-01.png,assets/world-anvil/screenshots/Session 39/Session 39-01.png,,7acfb7329156e148e8097f0d687e9367528890722b6bc536c7e4a61ad4bccddc,
move,Session 39,assets/world-anvil/screenshots-originals/Session 39/Session 39-02.png,assets/world-anvil/screenshots/Session 39/Session 39-02.png,,7c59e8806a20d7a20fe104bd4fd5178d76fed3f7c0af133912c7bdced77d8326,
move,Session 39,assets/world-anvil/screenshots-originals/Session 39/Session 39-03.png,assets/world-anvil/screenshots/Session 39/Session 39-03.png,,d631e23f9685904434f408ba108e0925a47725780e43b926dd144073431450d1,
move,Session 39,assets/world-anvil/screenshots-originals/Session 39/Session 39-04.png,assets/world-anvil/screenshots/Session 39/Session 39-04.png,,4c74c1d094c3fa18a43c8327bfd938d8f14d234cf4f7324ed06ae75936060e60,
move,Session 39,assets/world-anvil/screenshots-originals/Session 39/Session 39-05.png,assets/world-anvil/screenshots/Session 39/Session 39-05.png,,dd944a928ab232e8306e7564c2cc36277be2586a1bcb4294c85f7837b3307449,
move,Session 39,assets/world-anvil/screenshots-originals/Session 39/Session 39-06.png,assets/world-anvil/screenshots/Session 39/Session 39-06.png,,101a21a94a5c9fbdfab79f010a719528fe0ba69da7c2975625346cf67e5e93a9,
move,Session 39,assets/world-anvil/screenshots-originals/Session 39/Session 39-07.png,assets/world-anvil/screenshots/Session 39/Session 39-07.png,,ef5af99b5546c783afc55d001840c641d882181f3431c34019000411a985a5e5,
move,Session 39,assets/world-anvil/screenshots-originals/Session 39/Session 39-08.png,assets/world-anvil/screenshots/Session 39/Session 39-08.png,,f1e43c3a66fb166dee6543685236f5f22eb8edf85ad914f5269ad277e931a994,
move,Session 39,assets/world-anvil/screenshots-originals/Session 39/Session 39-09.png,assets/world-anvil/screenshots/Session 39/Session 39-09.png,,738f35656621fe33130f01e88f338b671d46fefc63f997da7afcc5a7658680c5,
move,Session 39,assets/world-anvil/screenshots-originals/Session 39/Session 39-10.png,assets/world-anvil/screenshots/Session 39/Session 39-10.png,,0911336d645ffa5c94c74d0a790a93118e8df15bfef2ba895363ee2e6f98d184,
move,Session 39,assets/world-anvil/screenshots-originals/Session 39/Session 39-11.png,assets/world-anvil/screenshots/Session 39/Session 39-11.png,,86ff2339676037704f691fc72265c51e026b6a629685b4afeebbbe83d82aa0f9,
move,Session 39,assets/world-anvil/screenshots-originals/Session 39/Session 39-12.png,assets/world-anvil/screenshots/Session 39/Session 39-12.png,,31fe84d60d55948cec311dd12d5c3c7c261f42da5a866b214ed832fd28b49e97,
move,Session 39,assets/world-anvil/screenshots-originals/Session 39/Session 39-13.png,assets/world-anvil/screenshots/Session 39/Session 39-13.png,,07c0acf78edd865ebf0d208b9ec3f609bebfc9d7c99859e53d97364beedecb64,
move,Session 39,assets/world-anvil/screenshots-originals/Session 39/Session 39-14.png,assets/world-anvil/screenshots/Session 39/Session 39-14.png,,7b4bb2c883158764db02558ae10bcd9dcdf6c33850effcf1343ae8b5820f646d,
move,Session 39,assets/world-anvil/screenshots-originals/Session 39/Session 39-15.png,assets/world-anvil/screenshots/Session 39/Session 39-15.png,,acdf9ee1250a35b0050e1ffbfa94df496f547eab110e686482482b43cf94aa9d,
move,Session 39,assets/world-anvil/screenshots-originals/Session 39/Session 39-16.png,assets/world-anvil/screenshots/Session 39/Session 39-16.png,,aac4452a31ce088024157e05c51891d4ddaeec03a8dd1eb17e6336226c903549,
move,Session 39,assets/world-anvil/screenshots-originals/Session 39/Session 39-17.png,assets/world-anvil/screenshots/Session 39/Session 39-17.png,,0b60f50a39121658b04d4681447d15b73e66fd11e004af5382b49613b7430750,
move,Session 39,assets/world-anvil/screenshots-originals/Session 39/Session 39-18.png,assets/world-anvil/screenshots/Session 39/Session 39-18.png,,b2a446de1634e0db384f3c2005fb8822b7d4a3f421cadd915a2e789b0688acb5,
move,Session 39,assets/world-anvil/screenshots-originals/Session 39/Session 39-19.png,assets/world-anvil/screenshots/Session 39/Session 39-19.png,,91558516066bfda9e735aaa539e39011cddaf33e090410b45e86f5203cbc5f6b,
move,Session 39,assets/world-anvil/screenshots-originals/Session 39/Session 39-20.png,assets/world-anvil/screenshots/Session 39/Session 39-20.png,,9703548e0c7d436702c9a891f69f7cdfa62fb7b2a255357f0ae5092c623d58b7,
move,Session 39,assets/world-anvil/screenshots-originals/Session 39/Session 39-21.png,assets/world-anvil/screenshots/Session 39/Session 39-21.png,,228ac65d1876a9f05a3da79dbd00070d5958ce8a3ef0bcf11b4d7e65b7c2036f,
move,Session 39,assets/world-anvil/screenshots-originals/Session 39/Session 39-22.png,assets/world-anvil/screenshots/Session 39/Session 39-22.png,,8ba996b94903296ace21850ea3bb8b91dd15e2c5ffb662addf737412a3ea6f0e,
move,Session 39,assets/world-anvil/screenshots-originals/Session 39/Session 39-23.png,assets/world-anvil/screenshots/Session 39/Session 39-23.png,,665f4dce015ad483ca0a17829cbba88e4a7a9cbe4d6e16ef44a11d573cf5fc10,
move,Session 39,assets/world-anvil/screenshots-originals/Session 39/Session 39-24.png,assets/world-anvil/screenshots/Session 39/Session 39-24.png,,5769987a7e298dead04d57ac136ba6a0bfb7bcd60c220c784c725ac5f7d2a479,
move,Session 39,assets/world-anvil/screenshots-originals/Session 39/Session 39-25.png,assets/world-anvil/screenshots/Session 39/Session 39-25.png,,4cde7b0bde995ed709259f677292213ba511e774ada4266c5003c38426ecd4c5,
move,Session 39,assets/world-anvil/screenshots-originals/Session 39/Session 39-26.png,assets/world-anvil/screenshots/Session 39/Session 39-26.png,,d8adc2866da0028a5c62b9725bbcf6d4e9c6d2c95eab7303b84247b63b9368d0,
move,Session 39,assets/world-anvil/screenshots-originals/Session 39/Session 39-27.png,assets/world-anvil/screenshots/Session 39/Session 39-27.png,,469833ce8c93192ebef1fdbc30a34a400109db7209b05e0271386ff20827aa27,
move,Session 39,assets/world-anvil/screenshots-originals/Session 39/Session 39-28.png,assets/world-anvil/screenshots/Session 39/Session 39-28.png,,99f88819f0638063d0446bf0d5621b14756a502381f795a6efda93df73646f9b,
move,Session 39,assets/world-anvil/screenshots-originals/Session 39/Session 39-29.png,assets/world-anvil/screenshots/Session 39/Session 39-29.png,,0d2eed1c7a4a41e6153afc0ecb9cfee5a9f455efdfd0bc39cf02d5815af8f878,
move,Session 39,assets/world-anvil/screenshots-originals/Session 39/Session 39-30.png,assets/world-anvil/screenshots/Session 39/Session 39-30.png,,b6de0258051f2677023bba4eda252d22a960f4b50d72d0403a1ed5b5b614c3a9,
move,Session 39,assets/world-anvil/screenshots-originals/Session 39/Session 39-31.png,assets/world-anvil/screenshots/Session 39/Session 39-31.png,,d7ad627e40a67e151b4ebf4b992fd02fb291671fc4478286498eb4c6d0685f1e,
move,Session 39,assets/world-anvil/screenshots-originals/Session 39/Session 39-32.png,assets/world-anvil/screenshots/Session 39/Session 39-32.png,,6eb786ccf4e33fbef660fef2253ac972d1464fbd6f019529ddaa1b44fd814f74,
move,Session 39,assets/world-anvil/screenshots-originals/Session 39/Session 39-33.png,assets/world-anvil/screenshots/Session 39/Session 39-33.png,,4d623f5ad043dd217fcbcfe3df656b3ef5fa1bbfce8984b647f9d3de43baa29c,
move,Session 39,assets/world-anvil/screenshots-originals/Session 39/Session 39-34.png,assets/world-anvil/screenshots/Session 39/Session 39-34.png,,2fb77a2024ddf769a6df1e6f8066ea9ee6364d09204f76011c3644ea8110932b,
move,Session 39,assets/world-anvil/screenshots-originals/Session 39/Session 39-35.png,assets/world-anvil/screenshots/Session 39/Session 39-35.png,,946769e6c8b1fb50817e4653c5c20ce1f789f3201b41c535c11aa59a28ae6cc7,
move,Session 39,assets/world-anvil/screenshots-originals/Session 39/Session 39-36.png,assets/world-anvil/screenshots/Session 39/Session 39-36.png,,5115cbe405e9ab09404df88a751c44bacb74ca1ee99aa7db08706f652e697673,
move,Session 40,assets/world-anvil/screenshots-originals/Session 40/Session 40-01.webp,assets/world-anvil/screenshots/Session 40/Session 40-01.webp,,fb1ffc1fcf231f731349aa907c850afabc0a67ba5ca7552358d37a9169d1864e,
move,Session 40,assets/world-anvil/screenshots-originals/Session 40/Session 40-02.webp,assets/world-anvil/screenshots/Session 40/Session 40-02.webp,,2d2ab216028b51f3ce4d9492af51d370a46cfdf03dffff4e433ab0b41479c9ae,
move,Session 40,assets/world-anvil/screenshots-originals/Session 40/Session 40-03.webp,assets/world-anvil/screenshots/Session 40/Session 40-03.webp,,461907fb2122827704eade67de723bc363b6e9fba22117d68f7e9aadad9d1d3a,
move,Session 40,assets/world-anvil/screenshots-originals/Session 40/Session 40-04.webp,assets/world-anvil/screenshots/Session 40/Session 40-04.webp,,238b54c004e89d4f0ec04e975b878e62e6161844276ee8fb60141f7c85bf873d,
move,Session 40,assets/world-anvil/screenshots-originals/Session 40/Session 40-05.webp,assets/world-anvil/screenshots/Session 40/Session 40-05.webp,,c00e2ade6015c3cc5ba8b88671f791cf421d870023beb6321118bc6afc91aafa,
move,Session 40,assets/world-anvil/screenshots-originals/Session 40/Session 40-06.webp,assets/world-anvil/screenshots/Session 40/Session 40-06.webp,,c3c85606010b7e6a3d27b6c4cdfee776df89397aaacf2082c77ccfbf35e0d647,
move,Session 40,assets/world-anvil/screenshots-originals/Session 40/Session 40-07.webp,assets/world-anvil/screenshots/Session 40/Session 40-07.webp,,0902f6be03eae80cb5f8029ec7e70accfe53f57ee9e1488c32acdd19ee770435,
move,Session 40,assets/world-anvil/screenshots-originals/Session 40/Session 40-08.webp,assets/world-anvil/screenshots/Session 40/Session 40-08.webp,,526304cd45522ae264e73ed267b60143c1ea9a927aba8e7b4862c7c87db8b542,
move,Session 40,assets/world-anvil/screenshots-originals/Session 40/Session 40-09.webp,assets/world-anvil/screenshots/Session 40/Session 40-09.webp,,01288be7935f2d02aa1fbf7b32b7e24d7878c7bdee269eef3a14fc02a2b42b47,
move,Session 40,assets/world-anvil/screenshots-originals/Session 40/Session 40-10.webp,assets/world-anvil/screenshots/Session 40/Session 40-10.webp,,8f71e4d8438ca6d963d1c29a4bb251306da8103802ee5a165728a28eb4a64fe1,
move,Session 40,assets/world-anvil/screenshots-originals/Session 40/Session 40-11.webp,assets/world-anvil/screenshots/Session 40/Session 40-11.webp,,f7871c32ad5d918be257f755daab70b694d7a047765cd75409146530ed8683de,
move,Session 40,assets/world-anvil/screenshots-originals/Session 40/Session 40-12.webp,assets/world-anvil/screenshots/Session 40/Session 40-12.webp,,6ef6ce270523cd26c92999e5b6dedbee7bc107aa26230fb44027b9e608bb523d,
move,Session 40,assets/world-anvil/screenshots-originals/Session 40/Session 40-13.webp,assets/world-anvil/screenshots/Session 40/Session 40-13.webp,,6b65e93413d72022a462435859eb568f25f67e20da0f2baae5101c334a37625b,
move,Session 40,assets/world-anvil/screenshots-originals/Session 40/Session 40-14.webp,assets/world-anvil/screenshots/Session 40/Session 40-14.webp,,e63f349ac5b3c12865f1c0b1c6ee02c228a2a606b4cb2e2852c14b68e8b165f2,
move,Session 40,assets/world-anvil/screenshots-originals/Session 40/Session 40-15.webp,assets/world-anvil/screenshots/Session 40/Session 40-15.webp,,0fd4fe6805b5cc0f186b15701e8a41e460fca4c6e245792ad6867936bd636245,
move,Session 40,assets/world-anvil/screenshots-originals/Session 40/Session 40-16.webp,assets/world-anvil/screenshots/Session 40/Session 40-16.webp,,bced0406c541bf70a2b7d073d3ca424360757de2d7aaca48522fd6f2a720592d,
move,Session 40,assets/world-anvil/screenshots-originals/Session 40/Session 40-17.webp,assets/world-anvil/screenshots/Session 40/Session 40-17.webp,,960ab8615124b7142229c1540bda7ff57b8573a39020ba5927caa5e40394b2db,
move,Session 40,assets/world-anvil/screenshots-originals/Session 40/Session 40-18.webp,assets/world-anvil/screenshots/Session 40/Session 40-18.webp,,717eb5d05ce28a553119654b107893e16b6d219e8dd744c71d0e09141f523f69,
move,Session 40,assets/world-anvil/screenshots-originals/Session 40/Session 40-19.webp,assets/world-anvil/screenshots/Session 40/Session 40-19.webp,,1ac1aa0bed0fdc2d8d0d508980ba89204170738842a6e809a9363f2dca2aa5f6,
move,Session 40,assets/world-anvil/screenshots-originals/Session 40/Session 40-20.webp,assets/world-anvil/screenshots/Session 40/Session 40-20.webp,,c1e61932b3740549dd91794a5f81f2083259df29ef96c29d164fc505a52f48d0,
move,Session 40,assets/world-anvil/screenshots-originals/Session 40/Session 40-21.webp,assets/world-anvil/screenshots/Session 40/Session 40-21.webp,,a3b3f99cebe92438ed3b526784030a8503c6f2615d6365eb0a5e0b1a389c5417,
move,Session 40,assets/world-anvil/screenshots-originals/Session 40/Session 40-22.webp,assets/world-anvil/screenshots/Session 40/Session 40-22.webp,,5634c7abf1422f7191a9bbb7bee722c62f49f71ab13fb854048b6af8a6716d5c,
move,Session 40,assets/world-anvil/screenshots-originals/Session 40/Session 40-23.webp,assets/world-anvil/screenshots/Session 40/Session 40-23.webp,,ad746108ffc136786fd5953d17fc24cc57c1ab2111ce945b2b89f2ee18759f9d,
move,Session 41,assets/world-anvil/screenshots-originals/Session 41/Session 41-01.jpg,assets/world-anvil/screenshots/Session 41/Session 41-01.jpg,,f8c096d0569dd1424ebad77a30647551a6d9cfc8d1529588c9f798d9eb273025,
move,Session 41,assets/world-anvil/screenshots-originals/Session 41/Session 41-02.jpg,assets/world-anvil/screenshots/Session 41/Session 41-02.jpg,,394a828cb9fad4c4c5457f2a6d6632703b7a6751f638a30f3edcbcb844c2a6b0,
move,Session 41,assets/world-anvil/screenshots-originals/Session 41/Session 41-03.jpg,assets/world-anvil/screenshots/Session 41/Session 41-03.jpg,,d3a9946521704b19508a3f060c4e686bd04645703bb64a118e484a0bed3004f5,
move,Session 41,assets/world-anvil/screenshots-originals/Session 41/Session 41-04.jpg,assets/world-anvil/screenshots/Session 41/Session 41-04.jpg,,5a6fb6bf43739f9c480dcaa82ae852f3261793862cd6cb6fca1d8406004058a4,
move,Session 41,assets/world-anvil/screenshots-originals/Session 41/Session 41-05.jpg,assets/world-anvil/screenshots/Session 41/Session 41-05.jpg,,2e73cc2d6b386db6452e00e141036165a0484860baf498a1625534a6c3c8a0ab,
move,Session 41,assets/world-anvil/screenshots-originals/Session 41/Session 41-06.jpg,assets/world-anvil/screenshots/Session 41/Session 41-06.jpg,,373a36f478caec2df24379ef06e1328dc0489021f79250cceba02ad24b6dcc48,
move,Session 41,assets/world-anvil/screenshots-originals/Session 41/Session 41-07.jpg,assets/world-anvil/screenshots/Session 41/Session 41-07.jpg,,69c22630e2236964f8c24554196d601ab3b775aac6452444c78bc60aadb82b84,
move,Session 41,assets/world-anvil/screenshots-originals/Session 41/Session 41-08.jpg,assets/world-anvil/screenshots/Session 41/Session 41-08.jpg,,3dc070c4a0e58e897d96a9a7412ce0987f635718d207cebc3b17a573c7e5b61a,
move,Session 41,assets/world-anvil/screenshots-originals/Session 41/Session 41-09.jpg,assets/world-anvil/screenshots/Session 41/Session 41-09.jpg,,ab47e8c96dc81c3abf0904b7b96bef77fcb92272bd942ceefa6eaa3623581da0,
move,Session 41,assets/world-anvil/screenshots-originals/Session 41/Session 41-10.jpg,assets/world-anvil/screenshots/Session 41/Session 41-10.jpg,,4e6ff327f927a9e421a6d9e92f50ac2c607c2bc2b9bb88608214aa02ad4fd9a2,
move,Session 42,assets/world-anvil/screenshots-originals/Session 42/Session 42-01.png,assets/world-anvil/screenshots/Session 42/Session 42-01.png,,6aa817eccead42d531bf246f13a2005b6d0f0bf86dcfd80d817f0eaa0cc674f0,
move,Session 42,assets/world-anvil/screenshots-originals/Session 42/Session 42-02.png,assets/world-anvil/screenshots/Session 42/Session 42-02.png,,303b8fe0a2369025afde269ac51d73f27b16fe0ba354b6f99682dabba0841ceb,
move,Session 42,assets/world-anvil/screenshots-originals/Session 42/Session 42-03.jpg,assets/world-anvil/screenshots/Session 42/Session 42-03.jpg,,27a4e584a1083c14b44e3be367e2a6c565b69301165a04f553c64ac404abd97d,
move,Session 42,assets/world-anvil/screenshots-originals/Session 42/Session 42-04.jpg,assets/world-anvil/screenshots/Session 42/Session 42-04.jpg,,65e07eaf287ac021974c94d46512266323709ce910c5e6bc0a4316b2bee56dc9,
move,Session 42,assets/world-anvil/screenshots-originals/Session 42/Session 42-05.jpg,assets/world-anvil/screenshots/Session 42/Session 42-05.jpg,,7049c75c37e1c047276a8340666cfa8471b67e58619fbe2e397aada6f44601a5,
move,Session 42,assets/world-anvil/screenshots-originals/Session 42/Session 42-06.jpg,assets/world-anvil/screenshots/Session 42/Session 42-06.jpg,,76caf95732b2dd267d8b14a7c8e1ce53ab3a304767bbaa16f89c83fbe86c6df0,
move,Session 42,assets/world-anvil/screenshots-originals/Session 42/Session 42-07.jpg,assets/world-anvil/screenshots/Session 42/Session 42-07.jpg,,c4d01e71283bdb96b764b11965e0ffd4f2db2473ebea9a050193899a98873ab4,
move,Session 42,assets/world-anvil/screenshots-originals/Session 42/Session 42-08.jpg,assets/world-anvil/screenshots/Session 42/Session 42-08.jpg,,e6be7b4310002e7c8ce1434740e818fa85d78d9458b276343706b2a7ffef5047,
move,Session 42,assets/world-anvil/screenshots-originals/Session 42/Session 42-09.jpg,assets/world-anvil/screenshots/Session 42/Session 42-09.jpg,,f0a08a539f8a95f811c87e40f072b54d141cfaa96efb0fdfec03a5e751cfb0ca,
move,Session 42,assets/world-anvil/screenshots-originals/Session 42/Session 42-10.jpg,assets/world-anvil/screenshots/Session 42/Session 42-10.jpg,,ecb94e16b7689d554206dce8ce5646dee55ca436bfdf703289c4044c642dafac,
move,Session 42,assets/world-anvil/screenshots-originals/Session 42/Session 42-11.jpg,assets/world-anvil/screenshots/Session 42/Session 42-11.jpg,,b7bb297deca4386df70ef004eb4ccd4251c3e6a1500a079c6458fc66c4488b75,
move,Session 42,assets/world-anvil/screenshots-originals/Session 42/Session 42-12.jpg,assets/world-anvil/screenshots/Session 42/Session 42-12.jpg,,6e18acbed7c0bd966f69b15a63f13efe677d1653f3dcfb41e7d206d4b72570e5,
move,Session 42,assets/world-anvil/screenshots-originals/Session 42/Session 42-13.jpg,assets/world-anvil/screenshots/Session 42/Session 42-13.jpg,,9c665c494bc976118ed941a08dd3d54c3c0a8eedcb1fe73f420a7e16883eebc8,
move,Session 42,assets/world-anvil/screenshots-originals/Session 42/Session 42-14.jpg,assets/world-anvil/screenshots/Session 42/Session 42-14.jpg,,272d746ac3984ede49efc01b61169bb11e14347f553881139324c3c1a20b0637,
move,Session 42,assets/world-anvil/screenshots-originals/Session 42/Session 42-15.jpg,assets/world-anvil/screenshots/Session 42/Session 42-15.jpg,,c7e31c89328e94f93b5b95225b47ed367eeba2313e40697aa4ca45312c5cb455,
move,Session 42,assets/world-anvil/screenshots-originals/Session 42/Session 42-16.jpg,assets/world-anvil/screenshots/Session 42/Session 42-16.jpg,,ae97c373232879a97eca3f763494b7c4662ba7c344fe14ac3dfa6b8d52464b30,
move,Session 42,assets/world-anvil/screenshots-originals/Session 42/Session 42-17.jpg,assets/world-anvil/screenshots/Session 42/Session 42-17.jpg,,35b14b50fe2b327efbf468bef7f3fef0661a246e4b2a473d53ad9e967ce5e613,
move,Session 42,assets/world-anvil/screenshots-originals/Session 42/Session 42-18.jpg,assets/world-anvil/screenshots/Session 42/Session 42-18.jpg,,b8d922ac1195b0de03a77fc6e6560255279d04f76688a54eb6993b757b8fe2fe,
move,Session 42,assets/world-anvil/screenshots-originals/Session 42/Session 42-19.jpg,assets/world-anvil/screenshots/Session 42/Session 42-19.jpg,,346746258d40eb40e4c439958583737849ac3b27e4b3588d42b10fb88d0316a5,
move,Session 42,assets/world-anvil/screenshots-originals/Session 42/Session 42-20.jpg,assets/world-anvil/screenshots/Session 42/Session 42-20.jpg,,5267ed460b8d92d896cadf658f1865a763959b9760eeffc29f71489f68a2806d,
move,Session 42,assets/world-anvil/screenshots-originals/Session 42/Session 42-21.jpg,assets/world-anvil/screenshots/Session 42/Session 42-21.jpg,,74899e975372a0d7df73917c5e7f25e09aba4ad47103ad7c24f16d22e1b432ff,
move,Session 42,assets/world-anvil/screenshots-originals/Session 42/Session 42-22.jpg,assets/world-anvil/screenshots/Session 42/Session 42-22.jpg,,dd9a25650ac377e6611c405a1fc38cd678feabe7ecfa2d4e78e32dc9ba2d8785,
move,Session 42,assets/world-anvil/screenshots-originals/Session 42/Session 42-23.jpg,assets/world-anvil/screenshots/Session 42/Session 42-23.jpg,,ac19118fcfc697c19e3925a24a8d55056ae93829100dffefca6619bad5fe6b42,
move,Session 42,assets/world-anvil/screenshots-originals/Session 42/Session 42-24.jpg,assets/world-anvil/screenshots/Session 42/Session 42-24.jpg,,0ab6a6403bdba08dacb77813fb01f5e3e053e619873be2c26dabd6f277deed32,
move,Session 42,assets/world-anvil/screenshots-originals/Session 42/Session 42-25.jpg,assets/world-anvil/screenshots/Session 42/Session 42-25.jpg,,4077f38ccd29bc394e73fdf1af2ac72b7cb113a723174148379fb5ac8ced0c96,
move,Session 42,assets/world-anvil/screenshots-originals/Session 42/Session 42-26.jpg,assets/world-anvil/screenshots/Session 42/Session 42-26.jpg,,51ad1f67260bb53b4e7f322d0305857e943a0b21f8de5d4b63f0756dfa78ddb3,
move,Session 42,assets/world-anvil/screenshots-originals/Session 42/Session 42-27.jpg,assets/world-anvil/screenshots/Session 42/Session 42-27.jpg,,92f018f81d8596fb7702b07daa2da46b609205541ad774c7b556004bd2d30208,
move,Session 42,assets/world-anvil/screenshots-originals/Session 42/Session 42-28.jpg,assets/world-anvil/screenshots/Session 42/Session 42-28.jpg,,fe1838ed9c36be8c61844314d961eb30cacc86e8cca7df88711f73d4ae561484,
move,Session 42,assets/world-anvil/screenshots-originals/Session 42/Session 42-29.jpg,assets/world-anvil/screenshots/Session 42/Session 42-29.jpg,,9dcb8318f1c9d25d915dffe5ce82576813b1d37a16367c82e33775ca2a647573,
move,Session 42,assets/world-anvil/screenshots-originals/Session 42/Session 42-30.jpg,assets/world-anvil/screenshots/Session 42/Session 42-30.jpg,,26b7297f492a81e42d781bfaf43c710dfcb44d9f6ca284e8e429bac59c74e52e,
move,Session 42,assets/world-anvil/screenshots-originals/Session 42/Session 42-31.jpg,assets/world-anvil/screenshots/Session 42/Session 42-31.jpg,,51c486fbf8a105a02f279d13eb9a4b84f622ac5f46027709bbcc943cfd3266b0,
move,Session 42,assets/world-anvil/screenshots-originals/Session 42/Session 42-32.jpg,assets/world-anvil/screenshots/Session 42/Session 42-32.jpg,,e3f2e0ddbebab0c9c7afe51209afd6ed92e6543873c29a56accfe80bde973080,
move,Session 42,assets/world-anvil/screenshots-originals/Session 42/Session 42-33.jpg,assets/world-anvil/screenshots/Session 42/Session 42-33.jpg,,dd55e01d6629bc57642d16e3c182e5ad434dddf51c63d14847eadc5e78e9bc5d,
move,Session 43,assets/world-anvil/screenshots-originals/Session 43/Session 43-01.png,assets/world-anvil/screenshots/Session 43/Session 43-01.png,,46fa73694f411d65810d56981e687e91535d6af81b2e735a45b129b123587a4e,
move,Session 43,assets/world-anvil/screenshots-originals/Session 43/Session 43-02.png,assets/world-anvil/screenshots/Session 43/Session 43-02.png,,b9fc0b45bd5f5c20254b382c3d4d0b9f936b1f3d14ccb473187c3960ad72b55d,
move,Session 43,assets/world-anvil/screenshots-originals/Session 43/Session 43-03.png,assets/world-anvil/screenshots/Session 43/Session 43-03.png,,7b27c509b8517844df38c88e8af026c089c70c0cd8984755c6d647824efa2e56,
move,Session 43,assets/world-anvil/screenshots-originals/Session 43/Session 43-04.png,assets/world-anvil/screenshots/Session 43/Session 43-04.png,,2ec981a6243233e636a719ea29777abeec300f341c4b2d04c6cf535db251721d,
move,Session 43,assets/world-anvil/screenshots-originals/Session 43/Session 43-05.png,assets/world-anvil/screenshots/Session 43/Session 43-05.png,,afdb7109abe77327bd6d9a56ca05685390568855cb8ae976db8ec8afc652a90e,
move,Session 43,assets/world-anvil/screenshots-originals/Session 43/Session 43-06.png,assets/world-anvil/screenshots/Session 43/Session 43-06.png,,fcf91e8e140678ecf15518d8004850ebbf9724f8217b42789e9598cfde07e9d6,
move,Session 43,assets/world-anvil/screenshots-originals/Session 43/Session 43-07.png,assets/world-anvil/screenshots/Session 43/Session 43-07.png,,30eaf7e626a0db95febe5d848dcca4bcb4223572b6508667295470cc0dd76e14,
move,Session 43,assets/world-anvil/screenshots-originals/Session 43/Session 43-08.png,assets/world-anvil/screenshots/Session 43/Session 43-08.png,,f92c994841d252cba2f141c7e18a6fc93f3041833fd40e739d8ba3691d1933ef,
move,Session 43,assets/world-anvil/screenshots-originals/Session 43/Session 43-09.png,assets/world-anvil/screenshots/Session 43/Session 43-09.png,,57c305be3c81b70e31d9b4c5064d13da9337b3ddfd700e1761ff6aebe3d5f895,
move,Session 43,assets/world-anvil/screenshots-originals/Session 43/Session 43-10.png,assets/world-anvil/screenshots/Session 43/Session 43-10.png,,7e53821fba0155e91773f3b063f848a209779b0ae227799256f3c10c6e0920ad,
move,Session 43,assets/world-anvil/screenshots-originals/Session 43/Session 43-11.png,assets/world-anvil/screenshots/Session 43/Session 43-11.png,,968941515c1fd17ce5398f6cfe0af26171d4d3ebe235c239948d11705e8c064e,
move,Session 43,assets/world-anvil/screenshots-originals/Session 43/Session 43-12.png,assets/world-anvil/screenshots/Session 43/Session 43-12.png,,76828d2d73782e8e5c0608910754627c9bb0bcbddcf39e702081987ddcf083e5,
move,Session 43,assets/world-anvil/screenshots-originals/Session 43/Session 43-13.png,assets/world-anvil/screenshots/Session 43/Session 43-13.png,,197effcc2d3dbf2ce28fb91d1532214c06a4d0d0d18e18e9b95bd93f0583cc84,
move,Session 43,assets/world-anvil/screenshots-originals/Session 43/Session 43-14.png,assets/world-anvil/screenshots/Session 43/Session 43-14.png,,1d24aa5b535f02f4283e17d4a4fca163718e65c190646ce5cdd29b5929e9dae0,
move,Session 43,assets/world-anvil/screenshots-originals/Session 43/Session 43-15.png,assets/world-anvil/screenshots/Session 43/Session 43-15.png,,5cfaaadb6ff6961868f08e25f7e641085ecdc4f460d411dc7430d99b10d98b29,
move,Session 43,assets/world-anvil/screenshots-originals/Session 43/Session 43-16.png,assets/world-anvil/screenshots/Session 43/Session 43-16.png,,dca6e436abc10f9c4e0e31e98cb37fed54fecbbbe83002447562e5ee30d5f783,
move,Session 43,assets/world-anvil/screenshots-originals/Session 43/Session 43-17.png,assets/world-anvil/screenshots/Session 43/Session 43-17.png,,c0587e94e99da8f27e9b123b8817ece174da0b3b29140c0c2b725eb3ee425e9c,
move,Session 43,assets/world-anvil/screenshots-originals/Session 43/Session 43-18.png,assets/world-anvil/screenshots/Session 43/Session 43-18.png,,3f1ea9cc4c79080389bb45e06bec0e6f2b78804b4e53c746218f304d58d10b6e,
move,Session 43,assets/world-anvil/screenshots-originals/Session 43/Session 43-19.png,assets/world-anvil/screenshots/Session 43/Session 43-19.png,,c762c448cc2a19aab0dbde0a1af33b9eef21f27311548c1f0de745cdc26692e1,
move,Session 43,assets/world-anvil/screenshots-originals/Session 43/Session 43-20.png,assets/world-anvil/screenshots/Session 43/Session 43-20.png,,dd3fd5529839b4367e67c89894a1c9a2e74b4ff0a07564f66600b957af789e05,
move,Session 43,assets/world-anvil/screenshots-originals/Session 43/Session 43-21.png,assets/world-anvil/screenshots/Session 43/Session 43-21.png,,4ce939aeebec89a33d950374618e5dcafea29697c90828718c524f5789f14ac6,
move,Session 43,assets/world-anvil/screenshots-originals/Session 43/Session 43-22.png,assets/world-anvil/screenshots/Session 43/Session 43-22.png,,132638a2be936a2bf1ade34c009d1c22e02f3e495eeaa43ccf012b242cd7f6a1,
move,Session 43,assets/world-anvil/screenshots-originals/Session 43/Session 43-23.png,assets/world-anvil/screenshots/Session 43/Session 43-23.png,,af9ad5f1286a93891560abfc43b4d6a2875294d0169cd49f226331ddfcc7e072,
move,Session 43,assets/world-anvil/screenshots-originals/Session 43/Session 43-24.png,assets/world-anvil/screenshots/Session 43/Session 43-24.png,,483df629d00967460e5a6698c3471dadb3c079b5a289674c6a58af8b4ec5b52b,
move,Session 43,assets/world-anvil/screenshots-originals/Session 43/Session 43-25.png,assets/world-anvil/screenshots/Session 43/Session 43-25.png,,9913eaf4933dc5e1d6b929ca6b59e4f87d8735c2a874e69d7f7c79683599965f,
move,Session 43,assets/world-anvil/screenshots-originals/Session 43/Session 43-26.png,assets/world-anvil/screenshots/Session 43/Session 43-26.png,,390cca59cb19e82ed174fea1e6e9e1f4cd0ac141ecf5d3694a9183cb71c983cd,
move,Session 43,assets/world-anvil/screenshots-originals/Session 43/Session 43-27.png,assets/world-anvil/screenshots/Session 43/Session 43-27.png,,808a917e0f6571475071a0eff505b33098231ff4223224affd4e79692fdc3d2a,
move,Session 43,assets/world-anvil/screenshots-originals/Session 43/Session 43-28.png,assets/world-anvil/screenshots/Session 43/Session 43-28.png,,4f6aa8b387a73fba9d090dedb9a64db42a30b34452e7440f384c26de232b3000,
move,Session 43,assets/world-anvil/screenshots-originals/Session 43/Session 43-29.png,assets/world-anvil/screenshots/Session 43/Session 43-29.png,,0b84410755b61d08180705885f5242e91e7e3fa4d5cfd44df9d4c3a15d3fd950,
move,Session 43,assets/world-anvil/screenshots-originals/Session 43/Session 43-30.png,assets/world-anvil/screenshots/Session 43/Session 43-30.png,,f8a8f43c82b2febb398fb1b7ecaf804eff8159e9ca86659b0d7356fc4745922e,
move,Session 43,assets/world-anvil/screenshots-originals/Session 43/Session 43-31.png,assets/world-anvil/screenshots/Session 43/Session 43-31.png,,66dd7cf36f6361f345960b7ab6bdcc0bfe141791d7852f0b52b015c778c7a276,
move,Session 43,assets/world-anvil/screenshots-originals/Session 43/Session 43-32.png,assets/world-anvil/screenshots/Session 43/Session 43-32.png,,1ecc681ca1da458616aaf64a84b0cabf5f0644c3d6af20472032f17ec73b763b,
move,Session 43,assets/world-anvil/screenshots-originals/Session 43/Session 43-33.png,assets/world-anvil/screenshots/Session 43/Session 43-33.png,,54001972ae38860b546cfde68a4888d8286d74ae6e21dcc28af9976423a21cd9,
move,Session 43,assets/world-anvil/screenshots-originals/Session 43/Session 43-34.png,assets/world-anvil/screenshots/Session 43/Session 43-34.png,,fc47812661f79c08704e150a4aa8c022b05d7a0674ebe3a55a90250cf2385fe9,
move,Session 43,assets/world-anvil/screenshots-originals/Session 43/Session 43-35.png,assets/world-anvil/screenshots/Session 43/Session 43-35.png,,cd4e10e2c7c0cdbbcb8c56417063233bc50a5250fd47749f7a5d24a8a19984f1,
move,Session 43,assets/world-anvil/screenshots-originals/Session 43/Session 43-36.png,assets/world-anvil/screenshots/Session 43/Session 43-36.png,,c25c9b75de530c23b94e895265b5897c573cb5b66ce0b59fd8eb562b5ef7f49e,
move,Session 43,assets/world-anvil/screenshots-originals/Session 43/Session 43-37.png,assets/world-anvil/screenshots/Session 43/Session 43-37.png,,3d955a77e48065d9b02a144720ee53ca0432aab41f1a6ae25f9c8c37067e96fe,
move,Session 43,assets/world-anvil/screenshots-originals/Session 43/Session 43-38.png,assets/world-anvil/screenshots/Session 43/Session 43-38.png,,bc453595f4dcf5fbb6b7eb79a5de0fbd30c98549e84c4b2d2af9eaf45b6a40ac,
move,Session 43,assets/world-anvil/screenshots-originals/Session 43/Session 43-39.png,assets/world-anvil/screenshots/Session 43/Session 43-39.png,,1602d171be64827061a2f6985df0eafb93afdbc0731d5aed91d88f17026b9eaf,
move,Session 43,assets/world-anvil/screenshots-originals/Session 43/Session 43-40.png,assets/world-anvil/screenshots/Session 43/Session 43-40.png,,16edf37b846ff5fed60c60a6d68e6532185e659324fc0c8912d4ee7088139c44,
move,Session 43,assets/world-anvil/screenshots-originals/Session 43/Session 43-41.png,assets/world-anvil/screenshots/Session 43/Session 43-41.png,,39de61302a5c9aec3990a671f8c6d276d70f6842997b24b056055847a924fe9d,
move,Session 43,assets/world-anvil/screenshots-originals/Session 43/Session 43-42.png,assets/world-anvil/screenshots/Session 43/Session 43-42.png,,7feaec8ef95265b6325d74a175cc89d6aada9d0cf4a701ff228224226b416345,
move,Session 43,assets/world-anvil/screenshots-originals/Session 43/Session 43-43.png,assets/world-anvil/screenshots/Session 43/Session 43-43.png,,1f2016c6db21ad803505cb27fc7b639cbe5630d3e4c17f6acbb88c562eb90a4b,
move,Session 43,assets/world-anvil/screenshots-originals/Session 43/Session 43-44.png,assets/world-anvil/screenshots/Session 43/Session 43-44.png,,8e4a47be3bffbd1990845dd8f070df3642bd341afa5601cf621301179f461f91,
move,Session 43,assets/world-anvil/screenshots-originals/Session 43/Session 43-45.png,assets/world-anvil/screenshots/Session 43/Session 43-45.png,,22e9a24325a9832a5da218ac13448a5140fd9b814b51733ed96e6de1b33fa8a8,
move,Session 43,assets/world-anvil/screenshots-originals/Session 43/Session 43-46.png,assets/world-anvil/screenshots/Session 43/Session 43-46.png,,59ccd885be24d2d03329b44c03010b045050bc9d5e98481ffa1231148ffbefe0,
move,Session 43,assets/world-anvil/screenshots-originals/Session 43/Session 43-47.png,assets/world-anvil/screenshots/Session 43/Session 43-47.png,,1187b7b4894a0a91949618adfc09676e2cf8c48fc6df1ee6b6f51e52f69ab63b,
move,Session 43,assets/world-anvil/screenshots-originals/Session 43/Session 43-48.png,assets/world-anvil/screenshots/Session 43/Session 43-48.png,,00031ea19e3a68f87899b07131e2f532cb02485b2b94338016c2b53f4b35dcac,
move,Session 44,assets/world-anvil/screenshots-originals/Session 44/Session 44-01.png,assets/world-anvil/screenshots/Session 44/Session 44-01.png,,e4876e5e50617fc755ad4771981925191ab787720e397eb4f7b48debb52351b7,
move,Session 44,assets/world-anvil/screenshots-originals/Session 44/Session 44-02.png,assets/world-anvil/screenshots/Session 44/Session 44-02.png,,73a3bae87a18612b40ce8b916b1d0894ba80bd530f1abef1b83d555005593a85,
move,Session 44,assets/world-anvil/screenshots-originals/Session 44/Session 44-03.png,assets/world-anvil/screenshots/Session 44/Session 44-03.png,,f18558b52655bc4a4371b4693c9a10f28cf2b7bc2818cfd35157147a16fbce5a,
move,Session 44,assets/world-anvil/screenshots-originals/Session 44/Session 44-04.png,assets/world-anvil/screenshots/Session 44/Session 44-04.png,,1fe9fe0e4d4eccdd2faf950cfccfe768d6793c978808cd94d378c23a36a8d32f,
move,Session 44,assets/world-anvil/screenshots-originals/Session 44/Session 44-05.png,assets/world-anvil/screenshots/Session 44/Session 44-05.png,,a20e91a71d44c4bcbbf5af929ca333614b376b19487dae1d6fd8fa42776fbfaa,
move,Session 44,assets/world-anvil/screenshots-originals/Session 44/Session 44-06.png,assets/world-anvil/screenshots/Session 44/Session 44-06.png,,8e27bde326325e04283924e3d883f81e4ea1e39989be0b1c782f17a66838a9d3,
move,Session 44,assets/world-anvil/screenshots-originals/Session 44/Session 44-07.png,assets/world-anvil/screenshots/Session 44/Session 44-07.png,,c2ebeb202f089097d7eddb0b1dd969dc777c8be04f7c03e629566ba32d267bd8,
move,Session 44,assets/world-anvil/screenshots-originals/Session 44/Session 44-08.png,assets/world-anvil/screenshots/Session 44/Session 44-08.png,,7598adea79f5d9cb6af7b274ce5f8cd097f591980504a9a231a33fa7b37e794e,
move,Session 44,assets/world-anvil/screenshots-originals/Session 44/Session 44-09.png,assets/world-anvil/screenshots/Session 44/Session 44-09.png,,8192bdedb6cb7c886bb22f4ebab96a86fef15556c3050529eafe5cad6f9e1413,
move,Session 44,assets/world-anvil/screenshots-originals/Session 44/Session 44-10.png,assets/world-anvil/screenshots/Session 44/Session 44-10.png,,c9b81861319fee39e41dbd00674be6c568ceb8d30a42031e6b73dfd4f9a45ed7,
move,Session 44,assets/world-anvil/screenshots-originals/Session 44/Session 44-11.png,assets/world-anvil/screenshots/Session 44/Session 44-11.png,,f849f9bac2995e14bbb2342e6b2cdafecd3bd86a459a23d985a314c1becdd2c6,
move,Session 44,assets/world-anvil/screenshots-originals/Session 44/Session 44-12.png,assets/world-anvil/screenshots/Session 44/Session 44-12.png,,36395f13f7c5cf77981edc11f6d5ba952429892b844ade0d4b063c10acad9fc4,
move,Session 44,assets/world-anvil/screenshots-originals/Session 44/Session 44-13.png,assets/world-anvil/screenshots/Session 44/Session 44-13.png,,95d2b54b4fd5f22949f8eca4469528d95356f0c88844a534ffeb259ded9b54bc,
move,Session 44,assets/world-anvil/screenshots-originals/Session 44/Session 44-14.png,assets/world-anvil/screenshots/Session 44/Session 44-14.png,,d545d0c78a1975cecbc85e3a8f81ae33cf9f12b3f4c5b44309f42d776794855d,
move,Session 44,assets/world-anvil/screenshots-originals/Session 44/Session 44-15.png,assets/world-anvil/screenshots/Session 44/Session 44-15.png,,e71387cce76719760de3f29e6387c6b6dbfdf4b17710bb9594bb7f0e155e5093,
move,Session 44,assets/world-anvil/screenshots-originals/Session 44/Session 44-16.png,assets/world-anvil/screenshots/Session 44/Session 44-16.png,,75056958b7c5660518ba320d17803051ce70d0eaa156992358752a5486bbc9e8,
move,Session 44,assets/world-anvil/screenshots-originals/Session 44/Session 44-17.png,assets/world-anvil/screenshots/Session 44/Session 44-17.png,,8e8485e84cf51465f9fa4b73347a65f1455c4777981378bc403d0ac3c1ebc084,
move,Session 44,assets/world-anvil/screenshots-originals/Session 44/Session 44-18.png,assets/world-anvil/screenshots/Session 44/Session 44-18.png,,056d841e2c4eafeb9a57c51fb7cdae76f28971b943353e61ec385ee46de46af8,
move,Session 44,assets/world-anvil/screenshots-originals/Session 44/Session 44-19.png,assets/world-anvil/screenshots/Session 44/Session 44-19.png,,6b296ff307e879fd872867882ecda28bbad32f0470609999fac3bb1089a0f7dd,
move,Session 44,assets/world-anvil/screenshots-originals/Session 44/Session 44-20.png,assets/world-anvil/screenshots/Session 44/Session 44-20.png,,899d8add126f4149d63b4c99a73cc318d19e775d679e91a99990bcfb007cb57d,
move,Session 44,assets/world-anvil/screenshots-originals/Session 44/Session 44-21.png,assets/world-anvil/screenshots/Session 44/Session 44-21.png,,358ac3f3de2d0474f2f26ed1232af03173d7fe0098a770de41f26317264f4ddc,
move,Session 44,assets/world-anvil/screenshots-originals/Session 44/Session 44-22.png,assets/world-anvil/screenshots/Session 44/Session 44-22.png,,78c7c5114dd5b82523b3b65f0f1dd6b23741e3c36a432f0a7849b6b249808bc7,
move,Session 44,assets/world-anvil/screenshots-originals/Session 44/Session 44-23.png,assets/world-anvil/screenshots/Session 44/Session 44-23.png,,6dc8eafdc28f28a04ea1b9ff4185fe181e18ccad6c97ec3ae503469e2e707b3a,
move,Session 44,assets/world-anvil/screenshots-originals/Session 44/Session 44-24.png,assets/world-anvil/screenshots/Session 44/Session 44-24.png,,fb0cc54fb5fc2a37d53b040c1f490bde384870da6ff93f519354806cb5f385c5,
move,Session 44,assets/world-anvil/screenshots-originals/Session 44/Session 44-25.png,assets/world-anvil/screenshots/Session 44/Session 44-25.png,,77002adc89d5b97a8eb2a63a4e3444ec0d932503916841aa34b4854955ca760e,
move,Session 44,assets/world-anvil/screenshots-originals/Session 44/Session 44-26.png,assets/world-anvil/screenshots/Session 44/Session 44-26.png,,7f8cee961ca447c7fd3d21fa71c4cb9a59b3c97f95081267aee79c66faa12b4b,
move,Session 44,assets/world-anvil/screenshots-originals/Session 44/Session 44-27.png,assets/world-anvil/screenshots/Session 44/Session 44-27.png,,e0af536cc7b4122bc75565ba988b673d584cb2e3d3e3aaf67cb83a826213af2e,
move,Session 44,assets/world-anvil/screenshots-originals/Session 44/Session 44-28.webp,assets/world-anvil/screenshots/Session 44/Session 44-28.webp,,6b9ea7d7feb3b4f8bdddd2a0acf02c6954ee04e88f69b19707e9d4f09454402e,
move,Session 44,assets/world-anvil/screenshots-originals/Session 44/Session 44-29.png,assets/world-anvil/screenshots/Session 44/Session 44-29.png,,4fdb0609ba71cccd93f192fdde1d8e0cb8b0977c202a3c3a7652cba2d19445c3,
move,Session 44,assets/world-anvil/screenshots-originals/Session 44/Session 44-30.png,assets/world-anvil/screenshots/Session 44/Session 44-30.png,,df2b4fd2338c0b20b794eb00540bb44006fb9f9ffe4c05456023441bf34d5dae,
move,Session 45,assets/world-anvil/screenshots-originals/Session 45/Session 45-01.png,assets/world-anvil/screenshots/Session 45/Session 45-01.png,,e2c9fa9a978f68a8ae229f8f76fef2b25eda437965502065eb71bb2ecbad3154,
move,Session 45,assets/world-anvil/screenshots-originals/Session 45/Session 45-02.png,assets/world-anvil/screenshots/Session 45/Session 45-02.png,,79604dce00575b2e31693eb89d54a4c13fa90d270dbcfd7b4622ef58ab0a9b56,
move,Session 45,assets/world-anvil/screenshots-originals/Session 45/Session 45-03.png,assets/world-anvil/screenshots/Session 45/Session 45-03.png,,7d656f3d78f6006d72238d67bbb0e6f33afd67df91b00b6794e86d2db993e1c0,
move,Session 45,assets/world-anvil/screenshots-originals/Session 45/Session 45-04.png,assets/world-anvil/screenshots/Session 45/Session 45-04.png,,b2a8a4daf67429038f72459562b3d1c8332529e68628e2404a2a1493344f131e,
move,Session 45,assets/world-anvil/screenshots-originals/Session 45/Session 45-06.png,assets/world-anvil/screenshots/Session 45/Session 45-06.png,,19c8548f6c9d890b0897823d9c205c8c4091c16e15e789427b43939241ecdb9e,
move,Session 45,assets/world-anvil/screenshots-originals/Session 45/Session 45-07.png,assets/world-anvil/screenshots/Session 45/Session 45-07.png,,665d737ec698077ec97899b46ea5967b1e0281e150832405762c58c194b9b766,
move,Session 45,assets/world-anvil/screenshots-originals/Session 45/Session 45-08.png,assets/world-anvil/screenshots/Session 45/Session 45-08.png,,7023b75ddedee3c31bbca6e712a112c5d1a7911746d6d99ec42ddb454cf8b4e8,
move,Session 45,assets/world-anvil/screenshots-originals/Session 45/Session 45-09.png,assets/world-anvil/screenshots/Session 45/Session 45-09.png,,1edd0e5a2996c7fbabfdb1b5f93a8e9592de83db58d83f3704d0b8425d8b255f,
move,Session 45,assets/world-anvil/screenshots-originals/Session 45/Session 45-10.png,assets/world-anvil/screenshots/Session 45/Session 45-10.png,,020b55c74121f8f605e9021500c15dfdf44cfe92e1aad3b5d9001de3481d0b5f,
move,Session 45,assets/world-anvil/screenshots-originals/Session 45/Session 45-13.png,assets/world-anvil/screenshots/Session 45/Session 45-13.png,,33bfc6b2c4d6e269f94f10372dfdf356d0df4ce0affdf5904881ea214baa01ad,
move,Session 45,assets/world-anvil/screenshots-originals/Session 45/Session 45-14.png,assets/world-anvil/screenshots/Session 45/Session 45-14.png,,2136b817004cf8ffccd9aa2ff7c38a73c30de9ad0919d0584d8177267f420ecc,
move,Session 45,assets/world-anvil/screenshots-originals/Session 45/Session 45-15.png,assets/world-anvil/screenshots/Session 45/Session 45-15.png,,49bb8a5200e00d52f78cf283ebb44914c48661a132f10709a4883b3fab1b36d9,
move,Session 45,assets/world-anvil/screenshots-originals/Session 45/Session 45-16.png,assets/world-anvil/screenshots/Session 45/Session 45-16.png,,bd27a7d9528a64e678f328f3c693cb55a8f64744ae3e3b4a1b60dd517e071d62,
move,Session 45,assets/world-anvil/screenshots-originals/Session 45/Session 45-17.png,assets/world-anvil/screenshots/Session 45/Session 45-17.png,,5dc2171ae7ac2ac49918a94e98b98c8d4b732dac3fd7100adfe876a5bbf67b40,
move,Session 45,assets/world-anvil/screenshots-originals/Session 45/Session 45-18.png,assets/world-anvil/screenshots/Session 45/Session 45-18.png,,420cfa3a907ee449ae4caa6ef439913cd1deee04ae08faf5d3cc743d3fb544c9,
move,Session 45,assets/world-anvil/screenshots-originals/Session 45/Session 45-19.png,assets/world-anvil/screenshots/Session 45/Session 45-19.png,,56723dd6368f7427df9aca67af5014872287c49d3ff31a19ac8884d3102c4d05,
move,Session 45,assets/world-anvil/screenshots-originals/Session 45/Session 45-20.png,assets/world-anvil/screenshots/Session 45/Session 45-20.png,,746e186ef0315e3bb85eb48358f0971161625dc8cfbea7a1a5a186121ed590c4,
move,Session 45,assets/world-anvil/screenshots-originals/Session 45/Session 45-21.png,assets/world-anvil/screenshots/Session 45/Session 45-21.png,,99522c05e93f53cb9a42b218875445229b5110dd98a4432ea8904e774b51d048,
move,Session 45,assets/world-anvil/screenshots-originals/Session 45/Session 45-22.png,assets/world-anvil/screenshots/Session 45/Session 45-22.png,,cc4abfd638c79a147614a3987320b8d75c45eedafcf62a13dfb32983b51cfb92,
move,Session 45,assets/world-anvil/screenshots-originals/Session 45/Session 45-23.png,assets/world-anvil/screenshots/Session 45/Session 45-23.png,,09a3b612327a29ffae0d3c88ca92ff85b81b8928955393192857ac11ba9ca0a6,
move,Session 45,assets/world-anvil/screenshots-originals/Session 45/Session 45-24.png,assets/world-anvil/screenshots/Session 45/Session 45-24.png,,c2ef61696527c4470b4520252ec2c04c6595f1900b39980f1889d2de8b664774,
move,Session 45,assets/world-anvil/screenshots-originals/Session 45/Session 45-25.png,assets/world-anvil/screenshots/Session 45/Session 45-25.png,,aec1b965f612edfa366e5fa8de49dd9683568bf3f35a7f2d75e89434d6e58424,
move,Session 45,assets/world-anvil/screenshots-originals/Session 45/Session 45-26.png,assets/world-anvil/screenshots/Session 45/Session 45-26.png,,dc5c1e7408673d2c643b9c75e3b58c38db2ce34ab2ae47887a91366f1165fb5a,
move,Session 45,assets/world-anvil/screenshots-originals/Session 45/Session 45-27.png,assets/world-anvil/screenshots/Session 45/Session 45-27.png,,e9dc9b00b42cbe719c04336dab176864fe0a9999d4bdad7649f3ce1c725fd818,
move,Session 45,assets/world-anvil/screenshots-originals/Session 45/Session 45-28.png,assets/world-anvil/screenshots/Session 45/Session 45-28.png,,c11f286b9794c725f70b6f4e44d6821cdd50eece27e48ae1fdf5e86c709ee111,
move,Session 45,assets/world-anvil/screenshots-originals/Session 45/Session 45-29.png,assets/world-anvil/screenshots/Session 45/Session 45-29.png,,14831dcf79e50052b56a5761930b632f3dfb40465f25d7770cb064e2d9bdf594,
move,Session 45,assets/world-anvil/screenshots-originals/Session 45/Session 45-30.png,assets/world-anvil/screenshots/Session 45/Session 45-30.png,,7441adc171ff170ddfb44bf006a142ed204a32d2bd2cfeb284c9c4a39ec7db8a,
move,Session 45,assets/world-anvil/screenshots-originals/Session 45/Session 45-31.png,assets/world-anvil/screenshots/Session 45/Session 45-31.png,,ecb7bf048fb653ffb88b2785cc4ae954c52e652c49b31820bfde6e85c2a912ae,
move,Session 45,assets/world-anvil/screenshots-originals/Session 45/Session 45-32.png,assets/world-anvil/screenshots/Session 45/Session 45-32.png,,fb74e693504aad9b014cee1e8d87e28d7695ab846f3f6f15ed5a0e46acd78020,
move,Session 45,assets/world-anvil/screenshots-originals/Session 45/Session 45-33.png,assets/world-anvil/screenshots/Session 45/Session 45-33.png,,852593139df1e8c3cf654dfcfc21af474f001daca4e2c387a4e36b9336c55452,
move,Session 45,assets/world-anvil/screenshots-originals/Session 45/Session 45-34.png,assets/world-anvil/screenshots/Session 45/Session 45-34.png,,24ca37c0f342a4fa466a50bc46a75a506976a84b6ef62b59ea318cf06664c7c9,
move,Session 45,assets/world-anvil/screenshots-originals/Session 45/Session 45-35.png,assets/world-anvil/screenshots/Session 45/Session 45-35.png,,ced38884b2b88bcbe3aae3722cf0b231b0df3b1591161aba39c80625797e1e1c,
move,Session 45,assets/world-anvil/screenshots-originals/Session 45/Session 45-36.png,assets/world-anvil/screenshots/Session 45/Session 45-36.png,,d2c10b824380136282e9f0893f3ddf44e8fa6f2ee4a97d542405a67ef2ffe3e7,
move,Session 45,assets/world-anvil/screenshots-originals/Session 45/Session 45-37.png,assets/world-anvil/screenshots/Session 45/Session 45-37.png,,1e1302067190cb82e519a14af4606267b476c8a604e57a639cf7eb626793f840,
move,Session 45,assets/world-anvil/screenshots-originals/Session 45/Session 45-38.png,assets/world-anvil/screenshots/Session 45/Session 45-38.png,,b176ea24b6eecc93ee451d40984854d99b00581ba933f419728eecb2402e42f5,
move,Session 45,assets/world-anvil/screenshots-originals/Session 45/Session 45-39.png,assets/world-anvil/screenshots/Session 45/Session 45-39.png,,f7b711d043e489a171a987cb770dcf4a6ed89150fd9397c1694300712fb7b8d2,
move,Session 45,assets/world-anvil/screenshots-originals/Session 45/Session 45-40.png,assets/world-anvil/screenshots/Session 45/Session 45-40.png,,5390411420557b3725d4ef11ac1118e1bde81373b78e7999dd66b5d71515ab16,
move,Session 45,assets/world-anvil/screenshots-originals/Session 45/Session 45-41.png,assets/world-anvil/screenshots/Session 45/Session 45-41.png,,1b1a34de6efabe5779fe84b606f644d5be818a6c612aefa19b6c91431877d889,
move,Session 45,assets/world-anvil/screenshots-originals/Session 45/Session 45-42.png,assets/world-anvil/screenshots/Session 45/Session 45-42.png,,e9af5b8fbc4e89b5cba2b6be974283db84f6651b27ba785f616ebed7f574d6c1,
move,Session 45,assets/world-anvil/screenshots-originals/Session 45/Session 45-43.png,assets/world-anvil/screenshots/Session 45/Session 45-43.png,,9255aa486895370d66c403c6e2ff005fdb2917a6b3c5d976dccf8d14cac563c3,
move,Session 45,assets/world-anvil/screenshots-originals/Session 45/Session 45-44.png,assets/world-anvil/screenshots/Session 45/Session 45-44.png,,7f2cd5c923558b09e64071c962b8737a3f9fd9dc025396b244ed6181ce3af60c,
move,Session 45,assets/world-anvil/screenshots-originals/Session 45/Session 45-45.png,assets/world-anvil/screenshots/Session 45/Session 45-45.png,,fb556070c41a053f0bc7fea1631120a18ec4df6cc5cb52b1ae4af3f143ad2fc8,
move,Session 45,assets/world-anvil/screenshots-originals/Session 45/Session 45-46.png,assets/world-anvil/screenshots/Session 45/Session 45-46.png,,400cb63d7abe3dd216539b7f865498ac90cce3a86914e73f85e37d3528556196,
move,Session 45,assets/world-anvil/screenshots-originals/Session 45/Session 45-47.png,assets/world-anvil/screenshots/Session 45/Session 45-47.png,,7ec7758c5766644a5733b5a02ede94b4b67a316c6f72b9d230f1429f30041f17,
move,Session 45,assets/world-anvil/screenshots-originals/Session 45/Session 45-48.png,assets/world-anvil/screenshots/Session 45/Session 45-48.png,,2c678d0f1370a4c3f3c23332440154b1eb9d6f4dde96b0612f58f450f49c1348,
move,Session 45,assets/world-anvil/screenshots-originals/Session 45/Session 45-49.png,assets/world-anvil/screenshots/Session 45/Session 45-49.png,,d64f42ed8c374c7388998cc625767710392a281e19921f4b0dc952735dd3b7f4,
move,Session 45,assets/world-anvil/screenshots-originals/Session 45/Session 45-50.png,assets/world-anvil/screenshots/Session 45/Session 45-50.png,,43f2374297043aa2e853da49787ceb3522fd5abf3ed98b9c418b6654c6392994,
move,Session 45,assets/world-anvil/screenshots-originals/Session 45/Session 45-51.png,assets/world-anvil/screenshots/Session 45/Session 45-51.png,,4b9e18f2f1ea6b4daeca8ddb4a85d0efbd0340af8908a6dada76eb9e3f610b10,
move,Session 45,assets/world-anvil/screenshots-originals/Session 45/Session 45-52.png,assets/world-anvil/screenshots/Session 45/Session 45-52.png,,34f2f161ddb2659c79880b520dacb624a01906d9672ae04d48baf31aba8551ea,
move,Session 45,assets/world-anvil/screenshots-originals/Session 45/Session 45-53.png,assets/world-anvil/screenshots/Session 45/Session 45-53.png,,de1f5192d69500ea8430037852028d8cd7900a31e3767242246b19d8765f697c,
move,Session 45,assets/world-anvil/screenshots-originals/Session 45/Session 45-54.png,assets/world-anvil/screenshots/Session 45/Session 45-54.png,,a14981ce1ae0166720c53b7e2cb819b63bdc22e193dbcfa21b32c1611c171350,
move,Session 45,assets/world-anvil/screenshots-originals/Session 45/Session 45-55.png,assets/world-anvil/screenshots/Session 45/Session 45-55.png,,74c21689b9ce8e7019f90301ccbb78a248a1a6a521266945829ad0dbad869337,
move,Session 45,assets/world-anvil/screenshots-originals/Session 45/Session 45-56.png,assets/world-anvil/screenshots/Session 45/Session 45-56.png,,3587449a9930a1ac29c5721e0773b32b8d306be57e0c66ee437f7c987ae6ac88,
move,Session 46,assets/world-anvil/screenshots-originals/Session 46/Session 46-01.png,assets/world-anvil/screenshots/Session 46/Session 46-01.png,,c96b564429b0de4981e9b76c39c6eb8d82d0b162fda24376fa6842d0b88f9474,
move,Session 46,assets/world-anvil/screenshots-originals/Session 46/Session 46-02.png,assets/world-anvil/screenshots/Session 46/Session 46-02.png,,94d8ad059c876d9c6ac244a308203506bafea97a7aed0990c5cdbbd592c5892a,
move,Session 46,assets/world-anvil/screenshots-originals/Session 46/Session 46-03.png,assets/world-anvil/screenshots/Session 46/Session 46-03.png,,84caf9dbf0184c4fc8455724aa4e30348f7c7e1f8f62cf944c74a4fe7ff5b587,
move,Session 46,assets/world-anvil/screenshots-originals/Session 46/Session 46-04.png,assets/world-anvil/screenshots/Session 46/Session 46-04.png,,992ec8c243e1d4bc6f64990f53530c1bb3235bed5b7026fd056b4571672e88ea,
move,Session 46,assets/world-anvil/screenshots-originals/Session 46/Session 46-05.png,assets/world-anvil/screenshots/Session 46/Session 46-05.png,,e48252597ec2801044192c7eef94d8365397e027500035b50eaf37287bc13e16,
move,Session 46,assets/world-anvil/screenshots-originals/Session 46/Session 46-06.png,assets/world-anvil/screenshots/Session 46/Session 46-06.png,,85c4cc86eca2234d1130846492b2c055113a446d62d7f60a1a68cc8af57f0189,
move,Session 46,assets/world-anvil/screenshots-originals/Session 46/Session 46-07.png,assets/world-anvil/screenshots/Session 46/Session 46-07.png,,009b1ba6472178171aba44f12584a84006a35a9740a87b991e112a4ccf71ff19,
move,Session 46,assets/world-anvil/screenshots-originals/Session 46/Session 46-08.png,assets/world-anvil/screenshots/Session 46/Session 46-08.png,,a35e9d2d3c1e22e47ddfb0636fe66d2d49b5d95baa408a00bbfec593b37623c1,
move,Session 46,assets/world-anvil/screenshots-originals/Session 46/Session 46-09.png,assets/world-anvil/screenshots/Session 46/Session 46-09.png,,24781ea4288a3960ea1ae5780cf03e323238805b6d5004d6bb9db0e7053ca26c,
move,Session 46,assets/world-anvil/screenshots-originals/Session 46/Session 46-10.png,assets/world-anvil/screenshots/Session 46/Session 46-10.png,,9a0ec03f04b61b7261822f0d69b7978ad740761b59c085255dc30401e6bdd18c,
move,Session 46,assets/world-anvil/screenshots-originals/Session 46/Session 46-11.png,assets/world-anvil/screenshots/Session 46/Session 46-11.png,,0442eeb15075ce85ef0dba10439e24111b62d42f36b32063322e809f812c0a3b,
move,Session 46,assets/world-anvil/screenshots-originals/Session 46/Session 46-12.png,assets/world-anvil/screenshots/Session 46/Session 46-12.png,,ea158497e1c1ef69db161e15db876733afcbb4de6da7c660bc9cd5df4aa3616d,
move,Session 46,assets/world-anvil/screenshots-originals/Session 46/Session 46-13.png,assets/world-anvil/screenshots/Session 46/Session 46-13.png,,604dd314022942bb30ae1ac3665b7fd7bcbdfe5e9fc552999955adfe195ccca5,
move,Session 46,assets/world-anvil/screenshots-originals/Session 46/Session 46-14.png,assets/world-anvil/screenshots/Session 46/Session 46-14.png,,eda2df7e100012cb98d98f7f5018d778e34115f776b1e164596f6d39917f19ff,
move,Session 46,assets/world-anvil/screenshots-originals/Session 46/Session 46-15.png,assets/world-anvil/screenshots/Session 46/Session 46-15.png,,4c3bce07b82d30079215dbae82c739a6589435c073f39f984247c63f0920dadd,
move,Session 46,assets/world-anvil/screenshots-originals/Session 46/Session 46-16.png,assets/world-anvil/screenshots/Session 46/Session 46-16.png,,8600b61785bfc939e1b7cb1d43dd24de0c15a50209527c7439821eb038e4d699,
move,Session 46,assets/world-anvil/screenshots-originals/Session 46/Session 46-17.png,assets/world-anvil/screenshots/Session 46/Session 46-17.png,,8582fb6688ccb99badddc6ea4944fa1bd13508d8a0818174a1185184f147a633,
move,Session 46,assets/world-anvil/screenshots-originals/Session 46/Session 46-18.png,assets/world-anvil/screenshots/Session 46/Session 46-18.png,,5f482467e150d2aa5c67dc675eaa921f177a51b1838b3dcaa11883ddf4d66c62,
move,Session 46,assets/world-anvil/screenshots-originals/Session 46/Session 46-19.png,assets/world-anvil/screenshots/Session 46/Session 46-19.png,,75d93caec57d85b5a4826b48d69dadeed64a5ddd98a4c4ac227f368c76667365,
move,Session 46,assets/world-anvil/screenshots-originals/Session 46/Session 46-20.png,assets/world-anvil/screenshots/Session 46/Session 46-20.png,,e0934fb77fea9c7a1258c4b5c8919a6553bc52bd7f5afdb93a3bd4ac02e98f96,
move,Session 46,assets/world-anvil/screenshots-originals/Session 46/Session 46-21.png,assets/world-anvil/screenshots/Session 46/Session 46-21.png,,9fc09a1110fad203ab525fd85d64cd25fafc4df36097b26cb8ea9389be4e7bc5,
move,Session 46,assets/world-anvil/screenshots-originals/Session 46/Session 46-22.png,assets/world-anvil/screenshots/Session 46/Session 46-22.png,,1af32ad3e7906eb5f77e38f7cdc263ea047c13d6e16c5ade1045e1845a157a04,
move,Session 46,assets/world-anvil/screenshots-originals/Session 46/Session 46-23.png,assets/world-anvil/screenshots/Session 46/Session 46-23.png,,d48bc45efca0a1a1cc4d4a4cc279f675722b09d87d208941878488b2f3925b56,
move,Session 46,assets/world-anvil/screenshots-originals/Session 46/Session 46-24.png,assets/world-anvil/screenshots/Session 46/Session 46-24.png,,a8cec70ae20c26269fcfb86b62bf5b90baac41fa0ea8b6300eb625ee5e450ff0,
move,Session 46,assets/world-anvil/screenshots-originals/Session 46/Session 46-25.png,assets/world-anvil/screenshots/Session 46/Session 46-25.png,,f549f59a002b843ed25daa29ccb923081cac48545128c86c7b59f8721b071295,
move,Session 46,assets/world-anvil/screenshots-originals/Session 46/Session 46-26.png,assets/world-anvil/screenshots/Session 46/Session 46-26.png,,e14613998a96b718ce6e8ae040f7fc020d76d1ecb731378704e858f2213511ce,
move,Session 46,assets/world-anvil/screenshots-originals/Session 46/Session 46-27.png,assets/world-anvil/screenshots/Session 46/Session 46-27.png,,5a1a2d64aad2af7e9d9e0b23b520d8b2a49dda6dd536a297a1e711888814ea11,
move,Session 46,assets/world-anvil/screenshots-originals/Session 46/Session 46-28.png,assets/world-anvil/screenshots/Session 46/Session 46-28.png,,e00955702ced2e1b4227224e195bebb8adf72ff6295e9b29dc28165f98e81697,
move,Session 46,assets/world-anvil/screenshots-originals/Session 46/Session 46-29.png,assets/world-anvil/screenshots/Session 46/Session 46-29.png,,8685d8b359b7f13b72902af8d211a7edb30debf78cff3cd55de6598bf2bd32f5,
move,Session 46,assets/world-anvil/screenshots-originals/Session 46/Session 46-30.png,assets/world-anvil/screenshots/Session 46/Session 46-30.png,,7ac47c94c9d808a925e3ed99c7565f4d6270b9d0dcc2bacce0e8f9ad45051d75,
move,Session 46,assets/world-anvil/screenshots-originals/Session 46/Session 46-31.png,assets/world-anvil/screenshots/Session 46/Session 46-31.png,,bc98dc7d91682c5da42958d347de13c90a710624b50a9fd423dcb2bc9741f0ca,
move,Session 47,assets/world-anvil/screenshots-originals/Session 47/Session 47-01.png,assets/world-anvil/screenshots/Session 47/Session 47-01.png,,ae34b63e75a934213ad3e33aea1dd77ba8a8cb4353a80a8b2f1a0834e64b3bd6,
move,Session 47,assets/world-anvil/screenshots-originals/Session 47/Session 47-02.png,assets/world-anvil/screenshots/Session 47/Session 47-02.png,,4d5eeaa4b9c91ccd486a6204908ad9cf5a024456bf00d472c4785f259ffc8b40,
move,Session 47,assets/world-anvil/screenshots-originals/Session 47/Session 47-03.png,assets/world-anvil/screenshots/Session 47/Session 47-03.png,,e4e8207873ae4e6207ee2631805ec8f6444a440cbcd68c2c7d32e8cecca54d41,
move,Session 47,assets/world-anvil/screenshots-originals/Session 47/Session 47-04.png,assets/world-anvil/screenshots/Session 47/Session 47-04.png,,f8f5cbbec2ccfaac0f9ce94e3bb2aaa961380eb9c9f105b12dd48831605691de,
move,Session 47,assets/world-anvil/screenshots-originals/Session 47/Session 47-05.png,assets/world-anvil/screenshots/Session 47/Session 47-05.png,,b66b8d304ca2ac5e0a8ff31d9976292e44cc80fa01855b4e0a7a794d2337319d,
move,Session 47,assets/world-anvil/screenshots-originals/Session 47/Session 47-06.png,assets/world-anvil/screenshots/Session 47/Session 47-06.png,,6015548ed3230286f94255b38a95d1f98a00a198f197e69ceff5c3ef59e4dc8d,
move,Session 47,assets/world-anvil/screenshots-originals/Session 47/Session 47-07.png,assets/world-anvil/screenshots/Session 47/Session 47-07.png,,42c3b9ca18eb2ca77f36df60980e9e5816adbbc46c0deced4aa27694e1c21a47,
move,Session 47,assets/world-anvil/screenshots-originals/Session 47/Session 47-08.png,assets/world-anvil/screenshots/Session 47/Session 47-08.png,,f6b504b3556ad33ea4d05730d6ae5bc15db8d3635cf82f71ea895b2dde2d0092,
move,Session 47,assets/world-anvil/screenshots-originals/Session 47/Session 47-09.png,assets/world-anvil/screenshots/Session 47/Session 47-09.png,,69334cd658006476d978ab26037a2af6b2729bc50c3fcef74daa4f4b2fe8f6d1,
move,Session 47,assets/world-anvil/screenshots-originals/Session 47/Session 47-10.png,assets/world-anvil/screenshots/Session 47/Session 47-10.png,,1051c49ac914ddc6ffabbb698f90d1ebf9cdba982854e1b8611f85430040d708,
move,Session 47,assets/world-anvil/screenshots-originals/Session 47/Session 47-11.png,assets/world-anvil/screenshots/Session 47/Session 47-11.png,,1cbb1728f88925897f2984a4f845db2c6acb0f32f89ad7563f78b969f63c6a9c,
move,Session 47,assets/world-anvil/screenshots-originals/Session 47/Session 47-12.png,assets/world-anvil/screenshots/Session 47/Session 47-12.png,,1fb996ce9dde10e5a322b5c8552d4c5c9446bf2bfd4ac150d8771c5c9bc4d18f,
move,Session 47,assets/world-anvil/screenshots-originals/Session 47/Session 47-13.png,assets/world-anvil/screenshots/Session 47/Session 47-13.png,,b95d459b6003cf08a5b9a4c903b9a38ab2e2e44d1a7e3c7e250c769c1dfba773,
move,Session 47,assets/world-anvil/screenshots-originals/Session 47/Session 47-14.png,assets/world-anvil/screenshots/Session 47/Session 47-14.png,,92644703bff96796ba405e11b536a46ba14cb0d2d79e98542cfbe4f8381e03c3,
move,Session 47,assets/world-anvil/screenshots-originals/Session 47/Session 47-15.png,assets/world-anvil/screenshots/Session 47/Session 47-15.png,,b92890cdbeb2bfef56004ec0ad8c50be051723d2a5af3dcd78cf924c3e3c5a27,
move,Session 47,assets/world-anvil/screenshots-originals/Session 47/Session 47-16.png,assets/world-anvil/screenshots/Session 47/Session 47-16.png,,5999d5a6151518cc4a36038e5066defee8f7825732aaf88dd143d351d5d2bf09,
move,Session 47,assets/world-anvil/screenshots-originals/Session 47/Session 47-17.png,assets/world-anvil/screenshots/Session 47/Session 47-17.png,,ccfc7684a6a6af53e846927d4577aae5bb8798762d7f5f0cfe74ef2c5974e0b4,
move,Session 47,assets/world-anvil/screenshots-originals/Session 47/Session 47-18.png,assets/world-anvil/screenshots/Session 47/Session 47-18.png,,c7639b0868a15a7497208497e74ebe403aa36dca498cb06e2e238c05ef44fa6e,
move,Session 47,assets/world-anvil/screenshots-originals/Session 47/Session 47-19.png,assets/world-anvil/screenshots/Session 47/Session 47-19.png,,57e3edf4b97144854817d19421e4794b60fc5e8bf729cdca23b7e47fd0b67771,
move,Session 47,assets/world-anvil/screenshots-originals/Session 47/Session 47-20.png,assets/world-anvil/screenshots/Session 47/Session 47-20.png,,fe82c43f7240e608656db712664609c855ef5d4cc4416247137c3128672a94a3,
move,Session 47,assets/world-anvil/screenshots-originals/Session 47/Session 47-21.png,assets/world-anvil/screenshots/Session 47/Session 47-21.png,,de298b646c59115ec79cb875523cf6819d99c37d183548597df083fdd22217be,
move,Session 47,assets/world-anvil/screenshots-originals/Session 47/Session 47-22.png,assets/world-anvil/screenshots/Session 47/Session 47-22.png,,0b8dc611f4c169d7b5a37f845928b2bc464622c801d7db560aa10662e9359955,
move,Session 47,assets/world-anvil/screenshots-originals/Session 47/Session 47-23.png,assets/world-anvil/screenshots/Session 47/Session 47-23.png,,5b0380d6bef38d2785a4826a82d294d6d9b5adcdc780695f49e8a16e70cd7262,
move,Session 47,assets/world-anvil/screenshots-originals/Session 47/Session 47-24.png,assets/world-anvil/screenshots/Session 47/Session 47-24.png,,219ce89c078d895af989755baa42a3b2ceb8ea9f56cd73f4f7d0116980432541,
move,Session 47,assets/world-anvil/screenshots-originals/Session 47/Session 47-25.png,assets/world-anvil/screenshots/Session 47/Session 47-25.png,,1dba3ae629c88fe391d9ddcf6f5a8df7f4804786e6924f1a0dc41c5d700fcc4c,
move,Session 47,assets/world-anvil/screenshots-originals/Session 47/Session 47-26.png,assets/world-anvil/screenshots/Session 47/Session 47-26.png,,0b1fad86aa6704fab7c8fd3aac273675d46acb77234c2af55f702230773538e0,
move,Session 48,assets/world-anvil/screenshots-originals/Session 48/Session 48-01.png,assets/world-anvil/screenshots/Session 48/Session 48-01.png,,8980e09bad94ebc48ed68ee4a0c2a9e12ae98beb06722319e8ef021cef0a20ab,
move,Session 48,assets/world-anvil/screenshots-originals/Session 48/Session 48-02.png,assets/world-anvil/screenshots/Session 48/Session 48-02.png,,8aa4d9072f34a6ce0d742f1d26280919f4ecb61735c8518d9f8b6fe1d6f52544,
move,Session 48,assets/world-anvil/screenshots-originals/Session 48/Session 48-03.png,assets/world-anvil/screenshots/Session 48/Session 48-03.png,,8a6c8483f9e7ae76f3087918cf7945f7cc31eae5a59c0799fc02c1bdcddac858,
move,Session 48,assets/world-anvil/screenshots-originals/Session 48/Session 48-04.png,assets/world-anvil/screenshots/Session 48/Session 48-04.png,,14a73711ad772e47a7e66fcd596f16be1de7672e52a085e5fde18efd89292e15,
move,Session 48,assets/world-anvil/screenshots-originals/Session 48/Session 48-05.png,assets/world-anvil/screenshots/Session 48/Session 48-05.png,,32674b7b32183c11ec42e1e5d1682014a2ef2f5aa8a60e20e7d7952e6ea0664f,
move,Session 48,assets/world-anvil/screenshots-originals/Session 48/Session 48-06.png,assets/world-anvil/screenshots/Session 48/Session 48-06.png,,933b91be0a337be3a3daaea7f1e65573f500c426a2ee27950fee1ec436f8f55e,
move,Session 48,assets/world-anvil/screenshots-originals/Session 48/Session 48-07.png,assets/world-anvil/screenshots/Session 48/Session 48-07.png,,f524821ea1be68ad3f340d7e3ad145c3b1e54526bf412a822a0bfcf9ffd86d82,
move,Session 48,assets/world-anvil/screenshots-originals/Session 48/Session 48-08.png,assets/world-anvil/screenshots/Session 48/Session 48-08.png,,3ff888419706c8f3024d4e01fecf7f8d81fa62ff094913e23148474fe926ed5c,
move,Session 48,assets/world-anvil/screenshots-originals/Session 48/Session 48-09.png,assets/world-anvil/screenshots/Session 48/Session 48-09.png,,572b7d253b45a53635dc45ad66a0efc87927dc32728c0f6b6f97eeea2d6ac291,
move,Session 48,assets/world-anvil/screenshots-originals/Session 48/Session 48-10.png,assets/world-anvil/screenshots/Session 48/Session 48-10.png,,12aef17832b1ab7398b0ec73809d5c248ff73a1afb422725bb2e62d1f385aa5d,
move,Session 48,assets/world-anvil/screenshots-originals/Session 48/Session 48-11.png,assets/world-anvil/screenshots/Session 48/Session 48-11.png,,0122695ea59197997e7731611ccc33966c000ed0e29fead2122b1ce674025785,
move,Session 48,assets/world-anvil/screenshots-originals/Session 48/Session 48-12.png,assets/world-anvil/screenshots/Session 48/Session 48-12.png,,60d409384d4cc72d7fe0cb97bb8d24f83ccae484397866d005b7bb33f46c42ba,
move,Session 48,assets/world-anvil/screenshots-originals/Session 48/Session 48-13.png,assets/world-anvil/screenshots/Session 48/Session 48-13.png,,d5fc4f56700791187debc98eb01075f9eaba8abca6aa3599e4026275bab5f301,
move,Session 48,assets/world-anvil/screenshots-originals/Session 48/Session 48-14.png,assets/world-anvil/screenshots/Session 48/Session 48-14.png,,ff734c3b06f3c0988aed3dc669b5507d33741e080377157398613a569da0a798,
move,Session 48,assets/world-anvil/screenshots-originals/Session 48/Session 48-15.png,assets/world-anvil/screenshots/Session 48/Session 48-15.png,,71212c2acb3d0f586e303f058bbffe70c159432f99a8ea6bbd01298256c66f0b,
move,Session 48,assets/world-anvil/screenshots-originals/Session 48/Session 48-16.png,assets/world-anvil/screenshots/Session 48/Session 48-16.png,,9cdaa56ea6ec5572f706f43e332b081350986253fcc11b972b29d9ee4844b812,
move,Session 48,assets/world-anvil/screenshots-originals/Session 48/Session 48-17.png,assets/world-anvil/screenshots/Session 48/Session 48-17.png,,2ccdb5c2d7d42e7a115b0472133f987a79ab78260654a0497fb9a2340c583f7f,
move,Session 48,assets/world-anvil/screenshots-originals/Session 48/Session 48-18.png,assets/world-anvil/screenshots/Session 48/Session 48-18.png,,5055625a4af211221291787c171457adbcea299ce5e24e5f570dcf65542e8a28,
move,Session 48,assets/world-anvil/screenshots-originals/Session 48/Session 48-19.png,assets/world-anvil/screenshots/Session 48/Session 48-19.png,,9e07ee3ad403f602de23d02080bace822a05822ac23aeb30e14c9a349017b46d,
move,Session 48,assets/world-anvil/screenshots-originals/Session 48/Session 48-20.png,assets/world-anvil/screenshots/Session 48/Session 48-20.png,,3d51e13e158b3d73e8919254267d5cdd99e329c8ee81abbbdd8e878a66455036,
move,Session 48,assets/world-anvil/screenshots-originals/Session 48/Session 48-21.png,assets/world-anvil/screenshots/Session 48/Session 48-21.png,,11e09f6db9ffd693c04e4a4cae68383e7020791fca19f81eed9325e52ec340bf,
move,Session 48,assets/world-anvil/screenshots-originals/Session 48/Session 48-22.png,assets/world-anvil/screenshots/Session 48/Session 48-22.png,,b46de635e1e10f4dc8a05de9362ac81466a4a58f127805cb930fdd69bad3b119,
move,Session 48,assets/world-anvil/screenshots-originals/Session 48/Session 48-23.png,assets/world-anvil/screenshots/Session 48/Session 48-23.png,,92eee719a90d40676d9a5c94aca9e6ce9f7c425b22f19cd81e8dad79c9311310,
move,Session 48,assets/world-anvil/screenshots-originals/Session 48/Session 48-24.png,assets/world-anvil/screenshots/Session 48/Session 48-24.png,,a0896bcd2d1b088366a52145cb8618cb2cb5bd35a9f870680ac1aa55b030b600,
move,Session 48,assets/world-anvil/screenshots-originals/Session 48/Session 48-25.png,assets/world-anvil/screenshots/Session 48/Session 48-25.png,,55de7a7c812f46b38f5f8143572a6e5270ea1310ff062104b218d87dc90e2fec,
move,Session 48,assets/world-anvil/screenshots-originals/Session 48/Session 48-26.png,assets/world-anvil/screenshots/Session 48/Session 48-26.png,,365bd61c1cd0b3bffc375e90f635cbd4e04ce3b5620d75f7c06f2c3976f1978c,
move,Session 48,assets/world-anvil/screenshots-originals/Session 48/Session 48-27.png,assets/world-anvil/screenshots/Session 48/Session 48-27.png,,89b510e9722d064524f194df97c0cf1885d1a9a195230521e32c760eeff9f5e6,
move,Session 48,assets/world-anvil/screenshots-originals/Session 48/Session 48-28.png,assets/world-anvil/screenshots/Session 48/Session 48-28.png,,6d09f460c174cf5b7aeb6bce93acd92532737471c5f84110e1068657ea2fb10e,
move,Session 48,assets/world-anvil/screenshots-originals/Session 48/Session 48-29.png,assets/world-anvil/screenshots/Session 48/Session 48-29.png,,8b698b931353f9e7ea598325c24c0443ad685e8df189de352b100ea0fa98d6f4,
move,Session 48,assets/world-anvil/screenshots-originals/Session 48/Session 48-30.png,assets/world-anvil/screenshots/Session 48/Session 48-30.png,,edb8fa8ba015de2a178a7576ae2f0cc2ac3f384be740a4a26ea1cf074a22e0fd,
move,Session 48,assets/world-anvil/screenshots-originals/Session 48/Session 48-31.png,assets/world-anvil/screenshots/Session 48/Session 48-31.png,,522aa6df037dbc580cb3654aaf904e64e4799f0cec3f2dc2030d454f680f051e,
move,Session 48,assets/world-anvil/screenshots-originals/Session 48/Session 48-32.png,assets/world-anvil/screenshots/Session 48/Session 48-32.png,,09bf738801ad52175dfb61975b9ca1214a2981c377e382af44d51784b6df3700,
move,Session 48,assets/world-anvil/screenshots-originals/Session 48/Session 48-33.png,assets/world-anvil/screenshots/Session 48/Session 48-33.png,,c2a5ddf23846e1a0f53b4f74f2df3437efa7efc429e5190c8d5a8622a455cea5,
move,Session 48,assets/world-anvil/screenshots-originals/Session 48/Session 48-34.png,assets/world-anvil/screenshots/Session 48/Session 48-34.png,,84bcfcf95067760f90ddbca82e18c9d8b0f7bd4e7788ed1d52588aaf13de5956,
move,Session 48,assets/world-anvil/screenshots-originals/Session 48/Session 48-35.png,assets/world-anvil/screenshots/Session 48/Session 48-35.png,,dfb22532701fc4ec8bc2b7379fc4d1ef85a78b6045770e4bcad383d5a7b7311d,
move,Session 48,assets/world-anvil/screenshots-originals/Session 48/Session 48-36.png,assets/world-anvil/screenshots/Session 48/Session 48-36.png,,b5af341fb2aafd76a2b49cb619ef99563087bfed4ce2e2eb5ce526d6eca69df3,
move,Session 48,assets/world-anvil/screenshots-originals/Session 48/Session 48-37.jpg,assets/world-anvil/screenshots/Session 48/Session 48-37.jpg,,2d1b7a18132936eb76e973330e225e6c2b1ce95c91cfb9169ede648d2b2f4130,
move,Session 48,assets/world-anvil/screenshots-originals/Session 48/Session 48-38.png,assets/world-anvil/screenshots/Session 48/Session 48-38.png,,c1bd47f836e6d7c8f9453a5c3db70015527dbbf75ee55e4607a369b4f349befc,
move,Session 48,assets/world-anvil/screenshots-originals/Session 48/Session 48-39.png,assets/world-anvil/screenshots/Session 48/Session 48-39.png,,4594f5f0995511f1aab7f0fd868c5351d5377ff8ad4dcc5ad091ae049da1269b,
move,Session 48,assets/world-anvil/screenshots-originals/Session 48/Session 48-40.png,assets/world-anvil/screenshots/Session 48/Session 48-40.png,,30d3d99fd7dec49fde85841af7e7c4147af6f5f3b8eee62135a9e6b296410e87,
move,Session 48,assets/world-anvil/screenshots-originals/Session 48/Session 48-41.png,assets/world-anvil/screenshots/Session 48/Session 48-41.png,,33ac55a81da3156db60ee6ca4532ea81c18d8341022704d1489fb628bd99a3bb,
move,Session 48,assets/world-anvil/screenshots-originals/Session 48/Session 48-42.png,assets/world-anvil/screenshots/Session 48/Session 48-42.png,,a3db37353a228b96e78461da5868d332ecb61a807b7d30cce2bc0b6cffdfde3c,
move,Session 49,assets/world-anvil/screenshots-originals/Session 49/Session 49-01.png,assets/world-anvil/screenshots/Session 49/Session 49-01.png,,0444237b457b4b02cbf9ff425683966feb965b51639ef664a2ff8431de991630,
move,Session 49,assets/world-anvil/screenshots-originals/Session 49/Session 49-02.png,assets/world-anvil/screenshots/Session 49/Session 49-02.png,,8a7262b4c852a9d3c09eb2df815cce1c09a99e48d78fb2bf73e94443be8612ae,
move,Session 49,assets/world-anvil/screenshots-originals/Session 49/Session 49-03.png,assets/world-anvil/screenshots/Session 49/Session 49-03.png,,5104ed63db59e35c841e5436bb2317b7bed6c8b1752fe4b00a99d60269c8ad9d,
move,Session 49,assets/world-anvil/screenshots-originals/Session 49/Session 49-04.png,assets/world-anvil/screenshots/Session 49/Session 49-04.png,,5b065ea43598197da3c246f1d6d8909fdc0cd43d86dbef3e79f830b9ea2dacab,
move,Session 49,assets/world-anvil/screenshots-originals/Session 49/Session 49-05.png,assets/world-anvil/screenshots/Session 49/Session 49-05.png,,3edeb408c8f964d3c3f5685f791b58cf1fcad6be54190874b78e2648d9060a0c,
move,Session 49,assets/world-anvil/screenshots-originals/Session 49/Session 49-06.png,assets/world-anvil/screenshots/Session 49/Session 49-06.png,,e63566a710ca0de3055f473564e54d1bc7b26bcd902652ef14b117b1e0fc7a19,
move,Session 49,assets/world-anvil/screenshots-originals/Session 49/Session 49-07.png,assets/world-anvil/screenshots/Session 49/Session 49-07.png,,9e287aacc3cfea33199343974693f171555139571c87cf040e0adc6c8796dff9,
move,Session 49,assets/world-anvil/screenshots-originals/Session 49/Session 49-08.png,assets/world-anvil/screenshots/Session 49/Session 49-08.png,,1138a92a327ac14e114e4a945ecc58ba21a2f82372c75e94d792fa15a00cdbb0,
move,Session 49,assets/world-anvil/screenshots-originals/Session 49/Session 49-09.png,assets/world-anvil/screenshots/Session 49/Session 49-09.png,,0424b461ffea3d31855d3496810f1342f463992b39c0d3f7cbfa81f08d53fc58,
move,Session 49,assets/world-anvil/screenshots-originals/Session 49/Session 49-10.png,assets/world-anvil/screenshots/Session 49/Session 49-10.png,,1607e4bb9de628ddb58c8aa92ccf8ca9362d700957cea647cc79a777aad48604,
move,Session 49,assets/world-anvil/screenshots-originals/Session 49/Session 49-11.png,assets/world-anvil/screenshots/Session 49/Session 49-11.png,,0e834a625f1a2d22d46e12fa034f9a81ba63c867ad09559183ba0498e66bf434,
move,Session 49,assets/world-anvil/screenshots-originals/Session 49/Session 49-12.png,assets/world-anvil/screenshots/Session 49/Session 49-12.png,,22ed92058f6f3dc15ac5a1e464558cc99dcfd54d2ad106b4b8d87e12dd7ac0f9,
move,Session 49,assets/world-anvil/screenshots-originals/Session 49/Session 49-13.png,assets/world-anvil/screenshots/Session 49/Session 49-13.png,,51a2bf43263a86884a171d5b4a4028f987f12df4b82d66839180f2aaabce6c82,
move,Session 49,assets/world-anvil/screenshots-originals/Session 49/Session 49-14.png,assets/world-anvil/screenshots/Session 49/Session 49-14.png,,4dc029fdcd05cf6e9c7a7b0c41d606ab6fb5a3a5242884a06365d6357d946263,
move,Session 49,assets/world-anvil/screenshots-originals/Session 49/Session 49-15.png,assets/world-anvil/screenshots/Session 49/Session 49-15.png,,15355fc0baca22bfd929071d4abb43a1afba0fbd330a6cb35febc42caeea30b6,
move,Session 49,assets/world-anvil/screenshots-originals/Session 49/Session 49-16.png,assets/world-anvil/screenshots/Session 49/Session 49-16.png,,3476848f87b395a72b09b16c14d432233b64a3447bc0d167818836b08b018fbe,
move,Session 49,assets/world-anvil/screenshots-originals/Session 49/Session 49-17.png,assets/world-anvil/screenshots/Session 49/Session 49-17.png,,46c845219a682f67a9b9fd46579134f10e7a489a79298837cb27544a87d9e255,
move,Session 49,assets/world-anvil/screenshots-originals/Session 49/Session 49-18.png,assets/world-anvil/screenshots/Session 49/Session 49-18.png,,a71f54810128f0444a24815c654b15e55363ed5f7cc33f13a4fe9db208034fa4,
move,Session 49,assets/world-anvil/screenshots-originals/Session 49/Session 49-19.png,assets/world-anvil/screenshots/Session 49/Session 49-19.png,,412929547089c407e5008addbcece90a66c675929c5f49a3fe1fc2f6cd84c823,
move,Session 49,assets/world-anvil/screenshots-originals/Session 49/Session 49-20.png,assets/world-anvil/screenshots/Session 49/Session 49-20.png,,ecc4cd91b5fc1f05fcb696adc9c62e3228bf243058e08d2f2c082621bb0ecc1d,
move,Session 49,assets/world-anvil/screenshots-originals/Session 49/Session 49-21.png,assets/world-anvil/screenshots/Session 49/Session 49-21.png,,0f641a36cdcb38341ddf176d64d23e1e3af2961a49c9441d9ff74a53abacb5c4,
move,Session 49,assets/world-anvil/screenshots-originals/Session 49/Session 49-22.png,assets/world-anvil/screenshots/Session 49/Session 49-22.png,,bd3d8c0409179d09c47fa1c3a1e685d87ac0ab682cda13a443390a207d63c733,
move,Session 50,assets/world-anvil/screenshots-originals/Session 50/Session 50-01.png,assets/world-anvil/screenshots/Session 50/Session 50-01.png,,fc3b3fa492fa084bf82c345a48ea2a4839a4e5c19ce32cc84c9913c5753206dd,
move,Session 50,assets/world-anvil/screenshots-originals/Session 50/Session 50-02.png,assets/world-anvil/screenshots/Session 50/Session 50-02.png,,331f485cf12386e33e78fce43558b21ca2002bba4b1d07bcd42f938f1d416ee0,
move,Session 50,assets/world-anvil/screenshots-originals/Session 50/Session 50-03.png,assets/world-anvil/screenshots/Session 50/Session 50-03.png,,983e185e362febe989824e01fdcd8e820ebe2bb0bc5ce55fbb7ce0193afe80e0,
move,Session 50,assets/world-anvil/screenshots-originals/Session 50/Session 50-04.png,assets/world-anvil/screenshots/Session 50/Session 50-04.png,,1ffd87faf6852ebdd54aee49c933a1b7e9d338ef40540903a7ed33bb7f9b5eb6,
move,Session 50,assets/world-anvil/screenshots-originals/Session 50/Session 50-05.png,assets/world-anvil/screenshots/Session 50/Session 50-05.png,,aa5d89f6d8556416b7e2bcda0aa5f001f80e2bd233498223b8f269151e86bad1,
move,Session 50,assets/world-anvil/screenshots-originals/Session 50/Session 50-06.png,assets/world-anvil/screenshots/Session 50/Session 50-06.png,,62ced945ec5a458d3805f273d9f5feac2b4d57fb4fe87fe1fd77e01304c87f26,
move,Session 50,assets/world-anvil/screenshots-originals/Session 50/Session 50-07.png,assets/world-anvil/screenshots/Session 50/Session 50-07.png,,9bbbb98e3a7fafc96f8cf97a76f6882d54da8724f47fa51a22db347fb9e81fdd,
move,Session 50,assets/world-anvil/screenshots-originals/Session 50/Session 50-08.png,assets/world-anvil/screenshots/Session 50/Session 50-08.png,,83bc6326b7d08c1feeffae956aa675135684f0b2267d3a754aea3ce64fef6d93,
move,Session 50,assets/world-anvil/screenshots-originals/Session 50/Session 50-09.png,assets/world-anvil/screenshots/Session 50/Session 50-09.png,,22f51ff9718e3de6007b27fbcf42c353032b33d8153337805554da497ec38a9b,
move,Session 50,assets/world-anvil/screenshots-originals/Session 50/Session 50-10.png,assets/world-anvil/screenshots/Session 50/Session 50-10.png,,df5ed352b35d8689081d202580927afafb66294b0e189849a846404cbcd68944,
move,Session 50,assets/world-anvil/screenshots-originals/Session 50/Session 50-11.png,assets/world-anvil/screenshots/Session 50/Session 50-11.png,,e0c59d90cda55b5c3617ae9ee6fbdd5855cb0d10d96bf0df9173199b2d8d8ad9,
move,Session 50,assets/world-anvil/screenshots-originals/Session 50/Session 50-12.png,assets/world-anvil/screenshots/Session 50/Session 50-12.png,,625d0bdfb5a8c2b3d607f35c9e3c2c14d4f76e969d029f17a477f47501fed97e,
move,Session 51,assets/world-anvil/screenshots-originals/Session 51/Session 51-01.png,assets/world-anvil/screenshots/Session 51/Session 51-01.png,,c06fb471613b62324c32d6f35cfdd60db06dbed6c75747b3e1353e287ff88ec5,
move,Session 51,assets/world-anvil/screenshots-originals/Session 51/Session 51-02.png,assets/world-anvil/screenshots/Session 51/Session 51-02.png,,ddb9de0efa4a2571e792c285fa427eabcfd1e914a0c00c7db3a399b84b520b6b,
move,Session 51,assets/world-anvil/screenshots-originals/Session 51/Session 51-03.png,assets/world-anvil/screenshots/Session 51/Session 51-03.png,,edaf24ef4622c06acf487760693a68fa6805306f6800fdc330fabd12326127c7,
move,Session 51,assets/world-anvil/screenshots-originals/Session 51/Session 51-04.png,assets/world-anvil/screenshots/Session 51/Session 51-04.png,,2b3d246f7e89a936ce6efc2130874cf995d4653f1e19c982c56c470b09bf038d,
move,Session 51,assets/world-anvil/screenshots-originals/Session 51/Session 51-05.png,assets/world-anvil/screenshots/Session 51/Session 51-05.png,,15e505374fe6d682653d3d3b05b441913f0bcabb75a82608aab19a7b457990a6,
move,Session 51,assets/world-anvil/screenshots-originals/Session 51/Session 51-06.png,assets/world-anvil/screenshots/Session 51/Session 51-06.png,,2acc0e2a3262f956f63dd24ef07dfdbafe06366c7a36e08aabb551b28741c977,
move,Session 51,assets/world-anvil/screenshots-originals/Session 51/Session 51-07.png,assets/world-anvil/screenshots/Session 51/Session 51-07.png,,eb62b21dcc40b15f35966029b967614f9511220e28ca85889a41668de5fa7e79,
move,Session 51,assets/world-anvil/screenshots-originals/Session 51/Session 51-08.png,assets/world-anvil/screenshots/Session 51/Session 51-08.png,,2a8cc78f87267e39bf7bb2fa600051f8118ad599412b94c8249194fadd295f14,
move,Session 51,assets/world-anvil/screenshots-originals/Session 51/Session 51-09.png,assets/world-anvil/screenshots/Session 51/Session 51-09.png,,b3d423de72e5f703a957bb2b6b8394d2557124677086c429f26c1b493d1b3836,
move,Session 51,assets/world-anvil/screenshots-originals/Session 51/Session 51-10.png,assets/world-anvil/screenshots/Session 51/Session 51-10.png,,857aaf691cc30d949d96bcb6c97437195f2fdf7ca3695fc179b4a8df6745b3fa,
move,Session 51,assets/world-anvil/screenshots-originals/Session 51/Session 51-11.png,assets/world-anvil/screenshots/Session 51/Session 51-11.png,,6c1511f91887c586959f153337924725af21817f0099bbe86849f6a086fb6df5,
move,Session 51,assets/world-anvil/screenshots-originals/Session 51/Session 51-12.png,assets/world-anvil/screenshots/Session 51/Session 51-12.png,,dea26b6101724f629326b996e29cff2b9aa3b2068a394ff8711693cf21d6b096,
move,Session 51,assets/world-anvil/screenshots-originals/Session 51/Session 51-13.png,assets/world-anvil/screenshots/Session 51/Session 51-13.png,,c910490f46c982d2323fbed0195c5627e4d126d8dc4c6dfec92029fdd81a4db3,
move,Session 51,assets/world-anvil/screenshots-originals/Session 51/Session 51-14.png,assets/world-anvil/screenshots/Session 51/Session 51-14.png,,483677c7de92c155bea3c0d565ad138e9fa760bbb5530d1f4e9d347e63e3b1c7,
move,Session 51,assets/world-anvil/screenshots-originals/Session 51/Session 51-15.png,assets/world-anvil/screenshots/Session 51/Session 51-15.png,,8b703abe2911d3c62550678f92f105b8bea801199853b60a1fd8d03cb8f499b6,
move,Session 51,assets/world-anvil/screenshots-originals/Session 51/Session 51-16.png,assets/world-anvil/screenshots/Session 51/Session 51-16.png,,35b96e65fb0c4051d2dba480786ad33e7d8987a1a1f8da6180f280ae9adb5311,
move,Session 51,assets/world-anvil/screenshots-originals/Session 51/Session 51-17.png,assets/world-anvil/screenshots/Session 51/Session 51-17.png,,f4dd5164c355ee12bbc133f2a8bc00bfc0741c758821ca411b7edbccdcf436a3,
move,Session 51,assets/world-anvil/screenshots-originals/Session 51/Session 51-18.png,assets/world-anvil/screenshots/Session 51/Session 51-18.png,,0532fff48cd8f49395802ae1b94a076ae674476154b92be289081a8143b7b3c1,
move,Session 51,assets/world-anvil/screenshots-originals/Session 51/Session 51-23.png,assets/world-anvil/screenshots/Session 51/Session 51-23.png,,ab8cb42d4ea110a3f474a470def6890d5d8c49b11fead1f173bacb2867eff4bb,
move,Session 52,assets/world-anvil/screenshots-originals/Session 52/Session 52-02.png,assets/world-anvil/screenshots/Session 52/Session 52-02.png,,0fdf135dbc37aa55735359849e6e00c37551f4390ace5603c29abd8639996bea,
move,Session 52,assets/world-anvil/screenshots-originals/Session 52/Session 52-03.png,assets/world-anvil/screenshots/Session 52/Session 52-03.png,,9c242bb6fe887bc703d3f8a22471731afb8e1904c7fbfdcd1d09bf049e48eb6c,
move,Session 52,assets/world-anvil/screenshots-originals/Session 52/Session 52-04.png,assets/world-anvil/screenshots/Session 52/Session 52-04.png,,c3e48fd0b1dd4fff98140ed238af1959282c5c6be939bb2cfdd0a67d53e98394,
move,Session 52,assets/world-anvil/screenshots-originals/Session 52/Session 52-05.png,assets/world-anvil/screenshots/Session 52/Session 52-05.png,,0416117396e9b00bf48365371f1e1daa0a56348741063729a087ca74a427e50e,
move,Session 52,assets/world-anvil/screenshots-originals/Session 52/Session 52-06.png,assets/world-anvil/screenshots/Session 52/Session 52-06.png,,3a094aead1d7d600f6cb04873da8b85d485f46e807f8e186e1b7a2424b7649f6,
move,Session 52,assets/world-anvil/screenshots-originals/Session 52/Session 52-07.png,assets/world-anvil/screenshots/Session 52/Session 52-07.png,,107cce02c58f77406be36788da808587d2bba576a4895c210425b1f46b210bcf,
move,Session 52,assets/world-anvil/screenshots-originals/Session 52/Session 52-08.png,assets/world-anvil/screenshots/Session 52/Session 52-08.png,,08567d1e44e299476c123552ebcecebb67ed31264da460fd68ff83d8118d0e1c,
move,Session 52,assets/world-anvil/screenshots-originals/Session 52/Session 52-09.png,assets/world-anvil/screenshots/Session 52/Session 52-09.png,,e90300ba7064b634ffac096996edc84350bccf4e331ab6d4ec311c2cc4524044,
move,Session 52,assets/world-anvil/screenshots-originals/Session 52/Session 52-10.png,assets/world-anvil/screenshots/Session 52/Session 52-10.png,,97f3e0a3ce42a95cbb1de335903e3664506fe3aa90c8bf7c1e18944c02f713be,
move,Session 52,assets/world-anvil/screenshots-originals/Session 52/Session 52-11.png,assets/world-anvil/screenshots/Session 52/Session 52-11.png,,ba872aaa89bde8df69e1a88394aa24157c92cc7ecd857c391b537496ac5dc38a,
move,Session 52,assets/world-anvil/screenshots-originals/Session 52/Session 52-12.png,assets/world-anvil/screenshots/Session 52/Session 52-12.png,,12c738f6d30875e44d6ba5f01aedeb427a0869ac46d17afc4374ec5514e3cf9f,
move,Session 52,assets/world-anvil/screenshots-originals/Session 52/Session 52-13.png,assets/world-anvil/screenshots/Session 52/Session 52-13.png,,ab963ef8ea1269e67dddd73461e0ca443528057e1578cd9bf7454354d275f33a,
move,Session 52,assets/world-anvil/screenshots-originals/Session 52/Session 52-14.png,assets/world-anvil/screenshots/Session 52/Session 52-14.png,,73ed3afd819984b0d7a50edd0437a7d0ce01ecd55681063cf787727932879e79,
move,Session 52,assets/world-anvil/screenshots-originals/Session 52/Session 52-15.png,assets/world-anvil/screenshots/Session 52/Session 52-15.png,,4e12a57aca0e4af769b0fbcbcb9815eae44b31eaf2d3c8dd51587c27a2c82f9f,
move,Session 52,assets/world-anvil/screenshots-originals/Session 52/Session 52-16.png,assets/world-anvil/screenshots/Session 52/Session 52-16.png,,bbdfd3239448698c510bbb1c1fcb065f80a571dbfd130fb08ca1acffc8c1720e,
move,Session 52,assets/world-anvil/screenshots-originals/Session 52/Session 52-17.png,assets/world-anvil/screenshots/Session 52/Session 52-17.png,,e7afd3ddf464574cbc91652651e7f484c99040eb843e834d0a6a0d041f6abcd4,
move,Session 52,assets/world-anvil/screenshots-originals/Session 52/Session 52-18.png,assets/world-anvil/screenshots/Session 52/Session 52-18.png,,2476199d8dd7f328667360dfab5461d1ac4c28cc58bf8a9e627d60b4d7eeeb4e,
move,Session 52,assets/world-anvil/screenshots-originals/Session 52/Session 52-19.png,assets/world-anvil/screenshots/Session 52/Session 52-19.png,,e6ff294edb3c4c3d151fb372bf051e011d16624e28153361cf29720fef328d29,
move,Session 52,assets/world-anvil/screenshots-originals/Session 52/Session 52-20.png,assets/world-anvil/screenshots/Session 52/Session 52-20.png,,ab0045a139ba137f525cef8b2cc10c8a2d635b4dc509c7f628ea10958aa3a55f,
move,Session 52,assets/world-anvil/screenshots-originals/Session 52/Session 52-21.png,assets/world-anvil/screenshots/Session 52/Session 52-21.png,,db3003e867f3d1bbe3a73279d76ffad96faa6d8af275e596cb1018f292191a68,
move,Session 52,assets/world-anvil/screenshots-originals/Session 52/Session 52-22.png,assets/world-anvil/screenshots/Session 52/Session 52-22.png,,2b6544ca5bf93fa80ba82df6dc227b9e8d2b68d754f64d311ba0d468ed677371,
move,Session 52,assets/world-anvil/screenshots-originals/Session 52/Session 52-23.png,assets/world-anvil/screenshots/Session 52/Session 52-23.png,,3da06712d9f9ad4f7a1a5acddd53362a1ce84b6bde39e3c36235a28d128e702f,
move,Session 52,assets/world-anvil/screenshots-originals/Session 52/Session 52-24.png,assets/world-anvil/screenshots/Session 52/Session 52-24.png,,f059a45df7b9f5f2d781e24a96646453b08f9dbab112b8c6b6abcd20ba817a9a,
move,Session 52,assets/world-anvil/screenshots-originals/Session 52/Session 52-25.png,assets/world-anvil/screenshots/Session 52/Session 52-25.png,,9e8dc6126f0847d6d4326e52147743e50a3693e9ffc4a9ee34168ec3c12a2eb9,
move,Session 52,assets/world-anvil/screenshots-originals/Session 52/Session 52-26.png,assets/world-anvil/screenshots/Session 52/Session 52-26.png,,d2374a38b08d5969faaa0af48db14763e8c742b54db54fe581d6cf67a339d2c5,
move,Session 52,assets/world-anvil/screenshots-originals/Session 52/Session 52-27.png,assets/world-anvil/screenshots/Session 52/Session 52-27.png,,ee7043fa3077e28a18b6e023d5ce6375eeb76f9a66f710ce836edb1a86b60f97,
move,Session 52,assets/world-anvil/screenshots-originals/Session 52/Session 52-28.png,assets/world-anvil/screenshots/Session 52/Session 52-28.png,,db45dbbcd6a3fd2e8b3e5546131f9a5e532d605ff2bfa6a9484f73e432bcb54b,
move,Session 52,assets/world-anvil/screenshots-originals/Session 52/Session 52-29.png,assets/world-anvil/screenshots/Session 52/Session 52-29.png,,3d673cec3b891abcb724654de4c7e8408561139261c7abfc8865c15afc27e1a3,
move,Session 52,assets/world-anvil/screenshots-originals/Session 52/Session 52-30.png,assets/world-anvil/screenshots/Session 52/Session 52-30.png,,105aa8774780961bd79aac6f9c108c42286a9fbe4a3dc22c18358b2a124e24f5,
move,Session 52,assets/world-anvil/screenshots-originals/Session 52/Session 52-31.png,assets/world-anvil/screenshots/Session 52/Session 52-31.png,,cfa337199166970bddea81425ef790c6ab64cfe8d943b9b3ee352a65a9de2d63,
move,Session 52,assets/world-anvil/screenshots-originals/Session 52/Session 52-32.png,assets/world-anvil/screenshots/Session 52/Session 52-32.png,,3309c9fd0664da5ee3c5efdf1888388005e02e7b740516996b9c76b1e67f55bc,
move,Session 52,assets/world-anvil/screenshots-originals/Session 52/Session 52-33.png,assets/world-anvil/screenshots/Session 52/Session 52-33.png,,e929dff9b519674548b4183619a8e887b2a6ac8fd11c63ffab6693740bbeff13,
move,Session 52,assets/world-anvil/screenshots-originals/Session 52/Session 52-34.png,assets/world-anvil/screenshots/Session 52/Session 52-34.png,,8824ab9868b410a7df4ae721b830bf3d8ca65c7dfed3a7631e3220f7f3ba7baa,
move,Session 52,assets/world-anvil/screenshots-originals/Session 52/Session 52-35.png,assets/world-anvil/screenshots/Session 52/Session 52-35.png,,c4263fdd4c484d8b05130a45f7d71c3301646deb7fefb7400801bc4387530fcd,
move,Session 52,assets/world-anvil/screenshots-originals/Session 52/Session 52-36.png,assets/world-anvil/screenshots/Session 52/Session 52-36.png,,e7e221972953d9d3133d0175e75edccafa97edf215807899c4f85b986d0c94c8,
move,Session 52,assets/world-anvil/screenshots-originals/Session 52/Session 52-37.png,assets/world-anvil/screenshots/Session 52/Session 52-37.png,,fb45ca11eba3484746693ce5cef729f73b24d1d246e26606714c93535fed7903,
move,Session 52,assets/world-anvil/screenshots-originals/Session 52/Session 52-38.png,assets/world-anvil/screenshots/Session 52/Session 52-38.png,,5ea9e293a2ae24d67918dcad2c1a6e5677d707f8b295ea49b48f1528456c8a51,
move,Session 52,assets/world-anvil/screenshots-originals/Session 52/Session 52-39.png,assets/world-anvil/screenshots/Session 52/Session 52-39.png,,692c476b355b95de44e706521e1c7d9542dd778008b3dfff2f46e9f375888200,
move,Session 52,assets/world-anvil/screenshots-originals/Session 52/Session 52-43.png,assets/world-anvil/screenshots/Session 52/Session 52-43.png,,f41486eb546f97d8565097d1327ecbb29dfd23756f04d75832f89be32652efde,
move,Session 53,assets/world-anvil/screenshots-originals/Session 53/Session 53-01.png,assets/world-anvil/screenshots/Session 53/Session 53-01.png,,b62f9471eacdd9a1652cec96ad0bbd0d2f102a4f51a2c04ad185d3c4ae1193e1,
move,Session 53,assets/world-anvil/screenshots-originals/Session 53/Session 53-02.png,assets/world-anvil/screenshots/Session 53/Session 53-02.png,,44657311cd51437a7c3f3b94ffaec50cf34c9b74d4bab0e1c4d17fd3643cacc7,
move,Session 53,assets/world-anvil/screenshots-originals/Session 53/Session 53-03.png,assets/world-anvil/screenshots/Session 53/Session 53-03.png,,8cd26f0f478c8233cb0bc355a030ed7217647342851c84a731e98a4090083fe4,
move,Session 53,assets/world-anvil/screenshots-originals/Session 53/Session 53-04.png,assets/world-anvil/screenshots/Session 53/Session 53-04.png,,e7589f943a619aef444227c3a576506c34069855d55be5e1fa819f56e1f2547c,
move,Session 53,assets/world-anvil/screenshots-originals/Session 53/Session 53-05.png,assets/world-anvil/screenshots/Session 53/Session 53-05.png,,3f0f04d1aacf17f409fe69f138c6c15263378e112bd95aa77b6a8b7098742316,
move,Session 53,assets/world-anvil/screenshots-originals/Session 53/Session 53-06.png,assets/world-anvil/screenshots/Session 53/Session 53-06.png,,7ed029ba278e7e4d14c83b8047dc8cda86eb33477563ac6756ae2b0c08bc9693,
move,Session 53,assets/world-anvil/screenshots-originals/Session 53/Session 53-07.png,assets/world-anvil/screenshots/Session 53/Session 53-07.png,,0caa722201945be5be3881eb83cb22e93a90c174caa806c088e7bb0debc3444f,
move,Session 53,assets/world-anvil/screenshots-originals/Session 53/Session 53-08.png,assets/world-anvil/screenshots/Session 53/Session 53-08.png,,fecdc16e3a8e04ea8ce69e784104a8fd16ad8505c0b40efd5e7456186c236b8f,
move,Session 53,assets/world-anvil/screenshots-originals/Session 53/Session 53-09.png,assets/world-anvil/screenshots/Session 53/Session 53-09.png,,cebd205a3e1bbc12cad3f531151d68318afcd5bc4be6d07ee94e6bcb57f7f8af,
move,Session 53,assets/world-anvil/screenshots-originals/Session 53/Session 53-10.png,assets/world-anvil/screenshots/Session 53/Session 53-10.png,,bf966ddeb6510d7108dc7cdfbe0331908f91c4ed4a4a1372a9897baefcc4c7cc,
move,Session 53,assets/world-anvil/screenshots-originals/Session 53/Session 53-11.png,assets/world-anvil/screenshots/Session 53/Session 53-11.png,,418653627fea347074838bf0078039fde038d98722017ec5b730f03eb9ca254a,
move,Session 53,assets/world-anvil/screenshots-originals/Session 53/Session 53-12.png,assets/world-anvil/screenshots/Session 53/Session 53-12.png,,89050a0d5b8e9d4ad785c1934535fa5b2c0b447ed4cc79a2dd7f9c7d53699a93,
move,Session 53,assets/world-anvil/screenshots-originals/Session 53/Session 53-13.png,assets/world-anvil/screenshots/Session 53/Session 53-13.png,,03ca4a546f9b8d3b030d13d78504676679bbd7ea8f00b9fe30f91b17fda7b6c2,
move,Session 53,assets/world-anvil/screenshots-originals/Session 53/Session 53-14.png,assets/world-anvil/screenshots/Session 53/Session 53-14.png,,c9bc1da6dfcdffa313f71a52d2b0596ed5ce0510e735795b4d144372e8f1b4c1,
move,Session 53,assets/world-anvil/screenshots-originals/Session 53/Session 53-15.png,assets/world-anvil/screenshots/Session 53/Session 53-15.png,,0cda5fa431ad752a5eb20d286e5351f51d72426f4f926b6e1e501b40ede58a5a,
move,Session 53,assets/world-anvil/screenshots-originals/Session 53/Session 53-16.png,assets/world-anvil/screenshots/Session 53/Session 53-16.png,,02eb0e1bf324dd98907a2ca7ee2c08cfada494c62fbbf5813b35888ab01168f2,
move,Session 53,assets/world-anvil/screenshots-originals/Session 53/Session 53-17.png,assets/world-anvil/screenshots/Session 53/Session 53-17.png,,fb6c525668bee299754cbf6212f7ed98f9ac02fefbe8459f4163e5264220d50e,
move,Session 53,assets/world-anvil/screenshots-originals/Session 53/Session 53-18.png,assets/world-anvil/screenshots/Session 53/Session 53-18.png,,6cd1d77d0c8d2dce22b181afe23ab94f80b83c8b7ea7b6b3efee37333d70f053,
move,Session 53,assets/world-anvil/screenshots-originals/Session 53/Session 53-19.png,assets/world-anvil/screenshots/Session 53/Session 53-19.png,,4d2292fe8a78d273a1c293bc37c9e42d709651e53ab1ec6cba38b18c16ad745b,
move,Session 53,assets/world-anvil/screenshots-originals/Session 53/Session 53-20.png,assets/world-anvil/screenshots/Session 53/Session 53-20.png,,5c06c084a3abbc0034c7fa49b1687d92a482e479572f44381b6ff5c177adc2c1,
move,Session 53,assets/world-anvil/screenshots-originals/Session 53/Session 53-21.png,assets/world-anvil/screenshots/Session 53/Session 53-21.png,,f816542e249a4ae0692167c197193c9cca2f38d88c841e519388cf8cba65d78e,
move,Session 53,assets/world-anvil/screenshots-originals/Session 53/Session 53-22.png,assets/world-anvil/screenshots/Session 53/Session 53-22.png,,6c4d4b59c06a78035789bcfac67e57720bfed34bc5a62313780b9a010a6263e0,
move,Session 53,assets/world-anvil/screenshots-originals/Session 53/Session 53-23.png,assets/world-anvil/screenshots/Session 53/Session 53-23.png,,1c99cfc34e25cfd00cfe3f022edde3ced181ee613bb82464109cfbc87a42d5c2,
move,Session 53,assets/world-anvil/screenshots-originals/Session 53/Session 53-24.png,assets/world-anvil/screenshots/Session 53/Session 53-24.png,,da24cfcee650deefc9e314d5c7efe9bbab7d012a7eecb01bba71f2db15dfc868,
move,Session 54,assets/world-anvil/screenshots-originals/Session 54/Session 54-01.png,assets/world-anvil/screenshots/Session 54/Session 54-01.png,,af07e0e6c24d584cb13bb4b75b664b245cee2e280429e67fcf2d2393a5a29725,
move,Session 54,assets/world-anvil/screenshots-originals/Session 54/Session 54-02.png,assets/world-anvil/screenshots/Session 54/Session 54-02.png,,ab029875adb7a9ca2484b733170954f97da68dff9e735122d175b83d6401ed16,
move,Session 54,assets/world-anvil/screenshots-originals/Session 54/Session 54-03.png,assets/world-anvil/screenshots/Session 54/Session 54-03.png,,79cd68b32a72ba45e2c6996e1c2e93a31cd13a2197786432a9ef4dc6da2c55b3,
move,Session 54,assets/world-anvil/screenshots-originals/Session 54/Session 54-04.png,assets/world-anvil/screenshots/Session 54/Session 54-04.png,,5b843b3cb704c9653980d44098e919d2354295f3a0766e742dce0cd33db94890,
move,Session 54,assets/world-anvil/screenshots-originals/Session 54/Session 54-05.png,assets/world-anvil/screenshots/Session 54/Session 54-05.png,,bbface7baa5abfa78f9c11f2cfdc920dfc6cc549523703b61d3d7a4553dc9e1b,
move,Session 54,assets/world-anvil/screenshots-originals/Session 54/Session 54-06.png,assets/world-anvil/screenshots/Session 54/Session 54-06.png,,dd44315051aac1c63b81ddd8a3b19657f520dcae7e1735e753996f0bbf895b00,
move,Session 54,assets/world-anvil/screenshots-originals/Session 54/Session 54-07.png,assets/world-anvil/screenshots/Session 54/Session 54-07.png,,ce9e0edd18f7172eaac5ce7e988948b8dd96f24232942d39a398a814e0dc2c2b,
move,Session 54,assets/world-anvil/screenshots-originals/Session 54/Session 54-08.png,assets/world-anvil/screenshots/Session 54/Session 54-08.png,,61dc3bcd256a68af5ac131e971824ee63828b33ef90f07d9331f36578872a686,
move,Session 54,assets/world-anvil/screenshots-originals/Session 54/Session 54-09.png,assets/world-anvil/screenshots/Session 54/Session 54-09.png,,515b48c5adc82b905f93b71fd0872d77303cdc8603cd2bc377645c685a790399,
move,Session 54,assets/world-anvil/screenshots-originals/Session 54/Session 54-10.png,assets/world-anvil/screenshots/Session 54/Session 54-10.png,,3624f0708baabc8aaedfe5407e4671a338cd6bbbc1293886329503080a4579f6,
move,Session 54,assets/world-anvil/screenshots-originals/Session 54/Session 54-11.png,assets/world-anvil/screenshots/Session 54/Session 54-11.png,,73b9443c88dfce6d1be771e36d4835096d98dfcdc76924a818d61cc05bb86eb4,
move,Session 54,assets/world-anvil/screenshots-originals/Session 54/Session 54-12.png,assets/world-anvil/screenshots/Session 54/Session 54-12.png,,6ca1670ab3d7a1ac9c63c08a31565d29b25c7002bef5ed6da90c9043021dd7a7,
move,Session 54,assets/world-anvil/screenshots-originals/Session 54/Session 54-13.png,assets/world-anvil/screenshots/Session 54/Session 54-13.png,,7bff0a7e74e2506b9ddee592effaceba4a116fadb3ed78531c59c4004e8d0c8c,
move,Session 54,assets/world-anvil/screenshots-originals/Session 54/Session 54-14.png,assets/world-anvil/screenshots/Session 54/Session 54-14.png,,2c10a783d14040f4cc06127c40a6967040305ae2eec7c458af48f61edf55edb1,
move,Session 54,assets/world-anvil/screenshots-originals/Session 54/Session 54-15.png,assets/world-anvil/screenshots/Session 54/Session 54-15.png,,7d16d797a9c1a201f27407756bd7ad84f8653592789806033551d0af04efd280,
move,Session 54,assets/world-anvil/screenshots-originals/Session 54/Session 54-16.png,assets/world-anvil/screenshots/Session 54/Session 54-16.png,,c54990c113fa1dab61ac11342d2c828e900e2b8d0ee781c91594a4d66d95d7cc,
move,Session 54,assets/world-anvil/screenshots-originals/Session 54/Session 54-17.png,assets/world-anvil/screenshots/Session 54/Session 54-17.png,,eed7426e494ca1cccf9aa41ddceea4e8f4cba1e06a0457acbe338688c8220d80,
move,Session 54,assets/world-anvil/screenshots-originals/Session 54/Session 54-19.png,assets/world-anvil/screenshots/Session 54/Session 54-19.png,,86f418f8220f3139b31d8e55c7cf9d28e3bde1e155bfc2e647706c121bca6d1f,
move,session 55,assets/world-anvil/screenshots-originals/session 55/Session 55-02.png,assets/world-anvil/screenshots/session 55/Session 55-02.png,,56936c9e19f14987eebac7d5d81a153722799b882d800b6778252ee43f486c75,
move,session 55,assets/world-anvil/screenshots-originals/session 55/Session 55-03.png,assets/world-anvil/screenshots/session 55/Session 55-03.png,,5501584bff8495f824517a51997a4edb9ec3271389db527489d1b8403982e5b8,
move,session 55,assets/world-anvil/screenshots-originals/session 55/Session 55-04.png,assets/world-anvil/screenshots/session 55/Session 55-04.png,,f02bf336ddeed3a1c64f859774074f9de2560f01c06ee4c9cb4b5afa4221d121,
move,session 55,assets/world-anvil/screenshots-originals/session 55/Session 55-05.png,assets/world-anvil/screenshots/session 55/Session 55-05.png,,e96d1c7779fa481a2cfe522646d60ded80df5f7a3b83907570a1952b6621bb1f,
move,session 55,assets/world-anvil/screenshots-originals/session 55/Session 55-06.png,assets/world-anvil/screenshots/session 55/Session 55-06.png,,08f91714b6aa3a582d71a259f8e6ca9e41d6c2b58a76d65295e8f2c528b3a3d8,
move,session 55,assets/world-anvil/screenshots-originals/session 55/Session 55-07.png,assets/world-anvil/screenshots/session 55/Session 55-07.png,,899f16a9df119ae07e54a150dc570fef5e28e351a5ceafa64645cb25b238c129,
move,session 55,assets/world-anvil/screenshots-originals/session 55/Session 55-08.png,assets/world-anvil/screenshots/session 55/Session 55-08.png,,490e94402edd20c77876d809fdf782537225366126e1c6ebaf34e96df7ad9800,
move,session 55,assets/world-anvil/screenshots-originals/session 55/Session 55-09.png,assets/world-anvil/screenshots/session 55/Session 55-09.png,,4a70640a5bb23c7ae2fbd886124d186991fc079cee3c7cc34e9a54ef2c10b4f0,
move,session 55,assets/world-anvil/screenshots-originals/session 55/Session 55-10.png,assets/world-anvil/screenshots/session 55/Session 55-10.png,,b402545743a35b9aa5817087c17bc605e71a004b13e4a9b3e0c78032af666bd7,
move,session 55,assets/world-anvil/screenshots-originals/session 55/Session 55-11.png,assets/world-anvil/screenshots/session 55/Session 55-11.png,,b885529a158c0a95eeb386e431792b84b84458a26326741175b7708e83071395,
move,session 55,assets/world-anvil/screenshots-originals/session 55/Session 55-12.png,assets/world-anvil/screenshots/session 55/Session 55-12.png,,afe0fcd194680031567dea02dfbe4f08783fc7a4c84ca245264fa6766bc07599,
move,session 55,assets/world-anvil/screenshots-originals/session 55/Session 55-13.png,assets/world-anvil/screenshots/session 55/Session 55-13.png,,f2230721ac799a84626faf1483ee7e77af47235bf593e552e3923021b8d7142f,
move,session 55,assets/world-anvil/screenshots-originals/session 55/Session 55-14.png,assets/world-anvil/screenshots/session 55/Session 55-14.png,,facf887121644661fc7ad0a8ad6190720cbb4ec2c516ac2881807bd8a85914a6,
move,session 55,assets/world-anvil/screenshots-originals/session 55/Session 55-15.png,assets/world-anvil/screenshots/session 55/Session 55-15.png,,47ae3fdac7fc8603fda842e73a26a09da85c90b1eee9d1dbdcec81ec1ce39fae,
move,session 55,assets/world-anvil/screenshots-originals/session 55/Session 55-16.png,assets/world-anvil/screenshots/session 55/Session 55-16.png,,0ff49c187bbd8765439a3856944dc7d3ece9a67d4d3d7d13c47eb57eb9492f58,
move,session 55,assets/world-anvil/screenshots-originals/session 55/Session 55-17.png,assets/world-anvil/screenshots/session 55/Session 55-17.png,,d380c1bc7c55019582cd77b09c5fd9da6e0154dbc28716c339a2d618d81a5980,
move,session 55,assets/world-anvil/screenshots-originals/session 55/Session 55-18.png,assets/world-anvil/screenshots/session 55/Session 55-18.png,,257df388e040eebc0d9e5ef5f094d6e31c121cf99c0c1b6279973687bd012f03,
move,session 55,assets/world-anvil/screenshots-originals/session 55/Session 55-19.png,assets/world-anvil/screenshots/session 55/Session 55-19.png,,d1a7a0de075a4831d33bbfe3cdd43706699912f40ec3e5929bd8e6243287d56f,
move,session 55,assets/world-anvil/screenshots-originals/session 55/Session 55-20.png,assets/world-anvil/screenshots/session 55/Session 55-20.png,,eeee6720cd748675f85eaa9115c842d9fecc94d6e714d3f7895093663c4a4178,
move,session 55,assets/world-anvil/screenshots-originals/session 55/Session 55-21.png,assets/world-anvil/screenshots/session 55/Session 55-21.png,,af71c450d358cf263cbd7e57f36241f93668db2713fe7c3d4442f7aa77412688,
move,session 55,assets/world-anvil/screenshots-originals/session 55/Session 55-22.png,assets/world-anvil/screenshots/session 55/Session 55-22.png,,4750d740dcb1c1df739ca3b173899f31a694095b3a6f8a8a0ba2a7ac99a7f17a,
move,session 55,assets/world-anvil/screenshots-originals/session 55/Session 55-23.png,assets/world-anvil/screenshots/session 55/Session 55-23.png,,061252de1a52c3750ba04e3f60ad33009e1b605d100bb3d29ca9a71f0fd404ea,
move,session 55,assets/world-anvil/screenshots-originals/session 55/Session 55-24.png,assets/world-anvil/screenshots/session 55/Session 55-24.png,,533b849a93b5b861853422672c077f780f5e4b7016a89bb319296900f6e827ed,
move,session 55,assets/world-anvil/screenshots-originals/session 55/Session 55-25.png,assets/world-anvil/screenshots/session 55/Session 55-25.png,,f75193f5db41f508c5ac0a063930a3ad86a6102bda5ad7ceb70c6d1895ae3448,
move,Session 56,assets/world-anvil/screenshots-originals/Session 56/Session 56-01.png,assets/world-anvil/screenshots/Session 56/Session 56-01.png,,6ea40ba36e1cbdef06bc88344ceb69140d15f2d4135381d1fbd9e8f68931ad07,
move,Session 56,assets/world-anvil/screenshots-originals/Session 56/Session 56-02.png,assets/world-anvil/screenshots/Session 56/Session 56-02.png,,a57ca64ad569839f9ca4ba104d9c586d8a1270806a3d7b79f55d18571789ea22,
move,Session 56,assets/world-anvil/screenshots-originals/Session 56/Session 56-03.png,assets/world-anvil/screenshots/Session 56/Session 56-03.png,,5825c67247491d52dcb9901391af823a367c56c4f9dcb432ba1e48709da3dd9c,
move,Session 56,assets/world-anvil/screenshots-originals/Session 56/Session 56-04.png,assets/world-anvil/screenshots/Session 56/Session 56-04.png,,6e6110a7035deba0947efb545816c0133cf8b428f479d275a527bf2b89df3901,
move,Session 56,assets/world-anvil/screenshots-originals/Session 56/Session 56-05.png,assets/world-anvil/screenshots/Session 56/Session 56-05.png,,886834b57e212037eae95e49fb17b8a69c153e71a00440a73c4094211e0a4956,
move,Session 56,assets/world-anvil/screenshots-originals/Session 56/Session 56-06.png,assets/world-anvil/screenshots/Session 56/Session 56-06.png,,0e5c772e1befd4fca6af6f167fe9ad4ceef869a582eb43257f70f98bcf81381a,
move,Session 56,assets/world-anvil/screenshots-originals/Session 56/Session 56-07.png,assets/world-anvil/screenshots/Session 56/Session 56-07.png,,aa90dc989087cf381f5031ef9283f236aeb73d55a7838a6a9efbbe15e148fbb1,
move,Session 56,assets/world-anvil/screenshots-originals/Session 56/Session 56-08.png,assets/world-anvil/screenshots/Session 56/Session 56-08.png,,32a441577fee264908af1ee21e78be8f76c21456cc269ee39867e1ea1a6b8de0,
move,Session 57,assets/world-anvil/screenshots-originals/Session 57/Session 57-01.png,assets/world-anvil/screenshots/Session 57/Session 57-01.png,,0728c2d1d6cf8d22cfff61f3f9655eb42dbadde2193a07b80f6905df9dd5b7df,
move,Session 57,assets/world-anvil/screenshots-originals/Session 57/Session 57-02.png,assets/world-anvil/screenshots/Session 57/Session 57-02.png,,2df4c4bc6ea79cb2f43286ebe0268b69d8d8b477aa0e9f1119ab0f009de0c53e,
move,Session 57,assets/world-anvil/screenshots-originals/Session 57/Session 57-03.png,assets/world-anvil/screenshots/Session 57/Session 57-03.png,,89d6bd820a5e29f30a3acce7b887a37b3de5687b56d40b99b35bb8747121c29d,
move,Session 57,assets/world-anvil/screenshots-originals/Session 57/Session 57-04.png,assets/world-anvil/screenshots/Session 57/Session 57-04.png,,2f206f4e018e0ca30d11bbc3242c98d5feb7f2046c067bc07edd7793c0916b70,
move,Session 57,assets/world-anvil/screenshots-originals/Session 57/Session 57-05.png,assets/world-anvil/screenshots/Session 57/Session 57-05.png,,aef85f3c3edcc434ecf703448bb46179804338a802b6c2039035f03d414ebb4a,
move,Session 57,assets/world-anvil/screenshots-originals/Session 57/Session 57-06.png,assets/world-anvil/screenshots/Session 57/Session 57-06.png,,6651de4da93a5ca9609535f8f5d0e28e3bce1fbf2f85310ffb1cb95c7e6dd292,
move,Session 57,assets/world-anvil/screenshots-originals/Session 57/Session 57-07.png,assets/world-anvil/screenshots/Session 57/Session 57-07.png,,d2efbb7fb03b09aa225727f12ae7dd99ba28293a09f98a4c3602c84e9a14af0a,
move,Session 57,assets/world-anvil/screenshots-originals/Session 57/Session 57-08.png,assets/world-anvil/screenshots/Session 57/Session 57-08.png,,006bb8e788ec18f008889c4dcb8ca368a3159ed6949c6cc0e60844c9d929e98f,
move,Session 57,assets/world-anvil/screenshots-originals/Session 57/Session 57-09.png,assets/world-anvil/screenshots/Session 57/Session 57-09.png,,1c36417488a5e476e5f3af46e0a2d8812e0529b9604ff05b348f7c3250ebb953,
move,Session 57,assets/world-anvil/screenshots-originals/Session 57/Session 57-10.png,assets/world-anvil/screenshots/Session 57/Session 57-10.png,,f6e04ab9afaf8b1c4eadd7e95d895484b3a53c20504f1bf83ba5d965df4df116,
move,Session 57,assets/world-anvil/screenshots-originals/Session 57/Session 57-11.png,assets/world-anvil/screenshots/Session 57/Session 57-11.png,,3eedaa536ec2a4bf4004fff33e9c6725b1e1419db6e87b143c03167308c883d0,
move,Session 57,assets/world-anvil/screenshots-originals/Session 57/Session 57-12.png,assets/world-anvil/screenshots/Session 57/Session 57-12.png,,8f47dfc9a1a751ffb3e0017f142fe8d5d35c50d38337a569f52728e84b14df0e,
move,Session 57,assets/world-anvil/screenshots-originals/Session 57/Session 57-13.png,assets/world-anvil/screenshots/Session 57/Session 57-13.png,,e8ef4b076d1130936f2e6f38b5749013d2a67d0161fe808e358526ecc0051e06,
move,Session 57,assets/world-anvil/screenshots-originals/Session 57/Session 57-14.png,assets/world-anvil/screenshots/Session 57/Session 57-14.png,,9c8ae9edb94cd15817c574f2f4d84f8367771df980d0ffd65810e3c3669ce5b2,
move,Session 57,assets/world-anvil/screenshots-originals/Session 57/Session 57-15.png,assets/world-anvil/screenshots/Session 57/Session 57-15.png,,a38a19be1eab2e790c7b7cffb1ad52f585a850958382cc63154489b9cdc6b9f7,
move,Session 57,assets/world-anvil/screenshots-originals/Session 57/Session 57-16.png,assets/world-anvil/screenshots/Session 57/Session 57-16.png,,f9a5050aafc38d1713673fd02163803b42092421a91df30bfe4349791ba0862b,
move,Session 57,assets/world-anvil/screenshots-originals/Session 57/Session 57-17.png,assets/world-anvil/screenshots/Session 57/Session 57-17.png,,4e620bcc57df6e4d8c989f5cb9dff4f2f2d0d8e6cc8e188762518cb339e64807,
move,Session 57,assets/world-anvil/screenshots-originals/Session 57/Session 57-18.png,assets/world-anvil/screenshots/Session 57/Session 57-18.png,,eaf21f8af2c39d71c824bbb39cc90f1d9aad212eba97eb316e4949c72a79c5dd,
move,Session 57,assets/world-anvil/screenshots-originals/Session 57/Session 57-19.png,assets/world-anvil/screenshots/Session 57/Session 57-19.png,,90e75b80ed30d7282e8aece6a197730620301946ab2402c02072e55717411526,
move,Session 57,assets/world-anvil/screenshots-originals/Session 57/Session 57-20.png,assets/world-anvil/screenshots/Session 57/Session 57-20.png,,cd760f6e0edb5656536116077d599467637b1c4f0203d224db0fd71320f3b265,
move,Session 57,assets/world-anvil/screenshots-originals/Session 57/Session 57-21.png,assets/world-anvil/screenshots/Session 57/Session 57-21.png,,f2f5b94507cb92dbf05bb18dac420eeda63980a3583f9533afee91cb68a43186,
move,Session 57,assets/world-anvil/screenshots-originals/Session 57/Session 57-22.png,assets/world-anvil/screenshots/Session 57/Session 57-22.png,,4ac9fa9dea3be05545872700714f17de7ab488d76bd16d0e977cfcd471cac823,
move,Session 57,assets/world-anvil/screenshots-originals/Session 57/Session 57-23.png,assets/world-anvil/screenshots/Session 57/Session 57-23.png,,9fe977f3424daf0aece2b8c393b401a2cf99ebccd03ff88f78393f1c994de044,
move,Session 57,assets/world-anvil/screenshots-originals/Session 57/Session 57-24.png,assets/world-anvil/screenshots/Session 57/Session 57-24.png,,f3c0cc413d74c0ebfacc0b5a023d09cbeabb066cd633d7c6f2f918dff0f48bd5,
move,Session 57,assets/world-anvil/screenshots-originals/Session 57/Session 57-25.png,assets/world-anvil/screenshots/Session 57/Session 57-25.png,,2065eb364a44cf9e6cd29a2f1da94edec7a1b339199fc25b6911f3dafb0782cb,
move,Session 57,assets/world-anvil/screenshots-originals/Session 57/Session 57-26.png,assets/world-anvil/screenshots/Session 57/Session 57-26.png,,2449afab1fd5edf06c1ae5fad32b8f394c1913fb4a8cdfd575cd8f245b968685,
move,Session 57,assets/world-anvil/screenshots-originals/Session 57/Session 57-27.png,assets/world-anvil/screenshots/Session 57/Session 57-27.png,,e1c7295bcfc8486e793725db173423d4dc33082dbef4436cb4be8fc2ff582e16,
move,Session 57,assets/world-anvil/screenshots-originals/Session 57/Session 57-28.png,assets/world-anvil/screenshots/Session 57/Session 57-28.png,,420f2273818cdba85614d204ce1a333ef1c0cd140b697ac064ea24c051a86440,
move,Session 57,assets/world-anvil/screenshots-originals/Session 57/Session 57-29.png,assets/world-anvil/screenshots/Session 57/Session 57-29.png,,04a8ac6cbdef90a7ca8dee643cbff3ff26cb7ff0911de04bfb267be31a264068,
move,Session 57,assets/world-anvil/screenshots-originals/Session 57/Session 57-30.png,assets/world-anvil/screenshots/Session 57/Session 57-30.png,,09602904311d90be71e525379650b86b250c72faadff9c642a04345d13111614,
move,Session 57,assets/world-anvil/screenshots-originals/Session 57/Session 57-31.png,assets/world-anvil/screenshots/Session 57/Session 57-31.png,,ce7fed95a754146f9667ee43a663963fbf89b837360f88667aff32ec08192aff,
move,Session 57,assets/world-anvil/screenshots-originals/Session 57/Session 57-32.png,assets/world-anvil/screenshots/Session 57/Session 57-32.png,,c259f82f55ef23d6d4d561a6af49f912e9ac13c45c8190c48a99d2c29b1824e0,
move,Session 58,assets/world-anvil/screenshots-originals/Session 58/Session 58-01.png,assets/world-anvil/screenshots/Session 58/Session 58-01.png,,e05d0d4bf542eab56750e03f49e5248ffc84da3720a4470f8e3670ac2e5410cf,
move,Session 58,assets/world-anvil/screenshots-originals/Session 58/Session 58-02.png,assets/world-anvil/screenshots/Session 58/Session 58-02.png,,6180914e11146499431fe0257184aabb839093cdce65d47f7106b0bcad0b5192,
move,Session 58,assets/world-anvil/screenshots-originals/Session 58/Session 58-03.png,assets/world-anvil/screenshots/Session 58/Session 58-03.png,,3e58c2e6cb3df87789e0c3bb7e1c68d6caeb75fedc9b57ff68e0f4eb6d9caf51,
move,Session 58,assets/world-anvil/screenshots-originals/Session 58/Session 58-04.png,assets/world-anvil/screenshots/Session 58/Session 58-04.png,,cbb7ea617327be58ebcead786e772ba4af8e298f4a2bef06660a211c15a00f7f,
move,Session 58,assets/world-anvil/screenshots-originals/Session 58/Session 58-05.png,assets/world-anvil/screenshots/Session 58/Session 58-05.png,,5bb0edebc4dd372bb3d46a6918aafccc62f557e1d6053bc4cdfceecaab58b542,
move,Session 58,assets/world-anvil/screenshots-originals/Session 58/Session 58-06.png,assets/world-anvil/screenshots/Session 58/Session 58-06.png,,ade6487c5fd62fee383f2a5d79da5e257f8f621dc54840ec3e3600ed744fbf64,
move,Session 58,assets/world-anvil/screenshots-originals/Session 58/Session 58-07.png,assets/world-anvil/screenshots/Session 58/Session 58-07.png,,dd3c11f3bea2b175fd0b9ec05244cc1ef68f4e8f7282c77348363a0752f1bf65,
move,Session 58,assets/world-anvil/screenshots-originals/Session 58/Session 58-08.png,assets/world-anvil/screenshots/Session 58/Session 58-08.png,,51d0522abb17b7833ef994917b02ba3f4246c01075c396507311de8074cccdc5,
move,Session 58,assets/world-anvil/screenshots-originals/Session 58/Session 58-09.png,assets/world-anvil/screenshots/Session 58/Session 58-09.png,,ef2c9ab7c4eec21a1263ac1d001421662019731644c4aeb5184c936127af41ea,
move,Session 58,assets/world-anvil/screenshots-originals/Session 58/Session 58-10.png,assets/world-anvil/screenshots/Session 58/Session 58-10.png,,6521c59c2772229bbaf6de2c05a0b9f7abfdff350881efe55cd4aaee1be86f5a,
move,Session 58,assets/world-anvil/screenshots-originals/Session 58/Session 58-11.png,assets/world-anvil/screenshots/Session 58/Session 58-11.png,,12281f2da99f163a4b79d506afe758db4ff2c4ad9f357a35a2bb7ba003a01974,
move,Session 58,assets/world-anvil/screenshots-originals/Session 58/Session 58-12.png,assets/world-anvil/screenshots/Session 58/Session 58-12.png,,6a4eaa979bc1100a7a19f0c4e3d62c3e257362bcb36c81a6de35cbd555303999,
move,Session 58,assets/world-anvil/screenshots-originals/Session 58/Session 58-13.png,assets/world-anvil/screenshots/Session 58/Session 58-13.png,,fe2f105dd58a9e9c07e458f126b97a5c06b3564ec7274daff73f900c6f1d1968,
move,Session 58,assets/world-anvil/screenshots-originals/Session 58/Session 58-14.png,assets/world-anvil/screenshots/Session 58/Session 58-14.png,,b72a26cecbb5f692429ac18d908cc6858939bddd465587e8f5c9c2c4270294f8,
move,Session 59,assets/world-anvil/screenshots-originals/Session 59/Session 59-01.png,assets/world-anvil/screenshots/Session 59/Session 59-01.png,,aa3218dad3cc93a11a2c8f8ee8148134fe84c298a9913ddb227534cbfc79c112,
move,Session 59,assets/world-anvil/screenshots-originals/Session 59/Session 59-02.png,assets/world-anvil/screenshots/Session 59/Session 59-02.png,,bd45ccd610af305a8aad91984930eb02a10fd778a369754b8158496ce695ad07,
move,Session 59,assets/world-anvil/screenshots-originals/Session 59/Session 59-03.png,assets/world-anvil/screenshots/Session 59/Session 59-03.png,,713fbc278a5723d023d1c0fc052412b2620ecb5657744c51f564813db22cf2f7,
move,Session 59,assets/world-anvil/screenshots-originals/Session 59/Session 59-04.png,assets/world-anvil/screenshots/Session 59/Session 59-04.png,,df043404e456213bbfacddb6a36f9e65f109ddc482d2200e654f973389e3ebfb,
move,Session 59,assets/world-anvil/screenshots-originals/Session 59/Session 59-05.png,assets/world-anvil/screenshots/Session 59/Session 59-05.png,,8b6fcdb5b61d2024ba4d0e247a2299bca42592587be391ed750d3a6b2fd647ec,
move,Session 59,assets/world-anvil/screenshots-originals/Session 59/Session 59-06.png,assets/world-anvil/screenshots/Session 59/Session 59-06.png,,bc0b2244dd82cf5a899f70d15a151baa939e1116d2425d61f1d57fe1a3bc73d7,
move,Session 59,assets/world-anvil/screenshots-originals/Session 59/Session 59-07.png,assets/world-anvil/screenshots/Session 59/Session 59-07.png,,dc77d20d6cf87e54c912572a2aeb5de8abf23a57491a707a3f5105195d2bd75f,
move,Session 59,assets/world-anvil/screenshots-originals/Session 59/Session 59-08.png,assets/world-anvil/screenshots/Session 59/Session 59-08.png,,33f4315de1360ff6dfb468166afec115d3614737dcd63990dc9faf7f5f258ebb,
move,Session 59,assets/world-anvil/screenshots-originals/Session 59/Session 59-09.png,assets/world-anvil/screenshots/Session 59/Session 59-09.png,,efc89924ef2914a720f5ad4ad1b1375d29b0ff16c8100eb8273c450db4134129,
move,Session 59,assets/world-anvil/screenshots-originals/Session 59/Session 59-10.png,assets/world-anvil/screenshots/Session 59/Session 59-10.png,,1d467f856c3b6e169a784b79b3148ccb6109562dc3bdc03cdc1e7d1b699325c8,
move,Session 59,assets/world-anvil/screenshots-originals/Session 59/Session 59-11.png,assets/world-anvil/screenshots/Session 59/Session 59-11.png,,103408ab8572f4ad7bab7e4a9dfb295f50c36827a6dc9bed1380d8d1d899db25,
move,Session 59,assets/world-anvil/screenshots-originals/Session 59/Session 59-12.png,assets/world-anvil/screenshots/Session 59/Session 59-12.png,,b9581ba4fcd81fa1667d7173b42ec99c162675b13398877c860e45b1f90bf82a,
move,Session 59,assets/world-anvil/screenshots-originals/Session 59/Session 59-13.png,assets/world-anvil/screenshots/Session 59/Session 59-13.png,,e7e650ee0ddb06e5187faa5b8e1160cf368718ed28684098613da2493804fa5e,
move,Session 59,assets/world-anvil/screenshots-originals/Session 59/Session 59-14.png,assets/world-anvil/screenshots/Session 59/Session 59-14.png,,6214ed59a6e2e0158ac8e90782774371551b24913f444b99baf1b59e2435dc8d,
move,Session 59,assets/world-anvil/screenshots-originals/Session 59/Session 59-15.png,assets/world-anvil/screenshots/Session 59/Session 59-15.png,,8da7d04b2c563c3639798308b461835b283eb1eb8ddd972abbb49fe418cf6dd8,
move,Session 59,assets/world-anvil/screenshots-originals/Session 59/Session 59-16.png,assets/world-anvil/screenshots/Session 59/Session 59-16.png,,b5150a959f252a94baa241964d31f3b75b8b82afacdb56a67c96006d7f98e033,
move,Session 59,assets/world-anvil/screenshots-originals/Session 59/Session 59-17.png,assets/world-anvil/screenshots/Session 59/Session 59-17.png,,7cb0feace9ffe782218b2e80f23ba74d27d6882005e7df2ef93cf6000913acd4,
move,Session 59,assets/world-anvil/screenshots-originals/Session 59/Session 59-18.png,assets/world-anvil/screenshots/Session 59/Session 59-18.png,,debe87e224294ea9e951df855bfd305f488c4e9e195cb9fa88410441044bfd3b,
move,Session 59,assets/world-anvil/screenshots-originals/Session 59/Session 59-19.png,assets/world-anvil/screenshots/Session 59/Session 59-19.png,,412ca1d42d460b47b568b3e329b28bcf871c07008c280e3d819ee984ba28ab1a,
move,Session 59,assets/world-anvil/screenshots-originals/Session 59/Session 59-20.png,assets/world-anvil/screenshots/Session 59/Session 59-20.png,,25cf5d7605a53b8ed32399e49b225606ffbceafcaf51c69e8e407b19e86d7156,
move,Session 59,assets/world-anvil/screenshots-originals/Session 59/Session 59-21.png,assets/world-anvil/screenshots/Session 59/Session 59-21.png,,e27548893b0f501f08afdcb185789de31c7d1e3eab55e54669c097f1eda3f58c,
move,Session 59,assets/world-anvil/screenshots-originals/Session 59/Session 59-22.png,assets/world-anvil/screenshots/Session 59/Session 59-22.png,,9df5ff61bf1727f902db540d644108843012c4d8355cfc51ee805b69817cac38,
move,Session 59,assets/world-anvil/screenshots-originals/Session 59/Session 59-23.png,assets/world-anvil/screenshots/Session 59/Session 59-23.png,,bdc2b1ae438d4177d89cdfe87c3860534c629e61d505d3957b63aedd180b67a3,
move,Session 59,assets/world-anvil/screenshots-originals/Session 59/Session 59-24.png,assets/world-anvil/screenshots/Session 59/Session 59-24.png,,30caa4f0014b49e030c5811dcdafed299b75a9e9a3bf7afa6823deed0313c733,
move,Session 59,assets/world-anvil/screenshots-originals/Session 59/Session 59-25.png,assets/world-anvil/screenshots/Session 59/Session 59-25.png,,e4ef11e478c37a8f87e7838b741d292b579842c6f17e6a2916f33bc06fee6b0c,
move,Session 59,assets/world-anvil/screenshots-originals/Session 59/Session 59-26.png,assets/world-anvil/screenshots/Session 59/Session 59-26.png,,702495e85e5776c3074a4388aecdd004ed187324a66613984024b26f8c8b77c0,
move,Session 59,assets/world-anvil/screenshots-originals/Session 59/Session 59-27.png,assets/world-anvil/screenshots/Session 59/Session 59-27.png,,523c0936985b6da79c1da084668eb810828d3c3773852a05e84f220b440571b8,
move,Session 59,assets/world-anvil/screenshots-originals/Session 59/Session 59-28.png,assets/world-anvil/screenshots/Session 59/Session 59-28.png,,10d1117e23c476b7f882b0bf554f983cba0d1ebc55662e2939be4558ac9fbb7a,
move,Session 59,assets/world-anvil/screenshots-originals/Session 59/Session 59-29.png,assets/world-anvil/screenshots/Session 59/Session 59-29.png,,4a1cbf6497964bcc5d71845ea84ce56f95a1a33320528db4a991266415994b3b,
move,Session 59,assets/world-anvil/screenshots-originals/Session 59/Session 59-30.png,assets/world-anvil/screenshots/Session 59/Session 59-30.png,,1237b82647d60081bdfe65b335ca30f84e7cefd901c3b7e0d6194457882fb9d0,
move,Session 59,assets/world-anvil/screenshots-originals/Session 59/Session 59-31.png,assets/world-anvil/screenshots/Session 59/Session 59-31.png,,c0fc99927c4bd976ba6884e09557d8b21e3ed1704c2fdc5f12d1266b0819a857,
move,Session 59,assets/world-anvil/screenshots-originals/Session 59/Session 59-32.png,assets/world-anvil/screenshots/Session 59/Session 59-32.png,,cd97fa92ffb63891065fbf286d6085861d89ac862e585104479fbdcba4de8c85,
move,Session 59,assets/world-anvil/screenshots-originals/Session 59/Session 59-33.png,assets/world-anvil/screenshots/Session 59/Session 59-33.png,,9826ca7e818b7e92de49ada2e47614d9490cc3036d65d3fad990a9187b38dd73,
move,Session 59,assets/world-anvil/screenshots-originals/Session 59/Session 59-34.png,assets/world-anvil/screenshots/Session 59/Session 59-34.png,,74065980ff5b1da2a9ebdab45ca4cc59db7c989d7bd8aafa040f9311b360b75b,
move,Session 60,assets/world-anvil/screenshots-originals/Session 60/3712c670-e581-44b8-9531-3f8f58a52f9d.png,assets/world-anvil/screenshots/Session 60/3712c670-e581-44b8-9531-3f8f58a52f9d.png,,ee428c97d310e184f42ca7375bb13d80898b99bdc174feee15ff2e5c0d43ca63,
move,Session 60,assets/world-anvil/screenshots-originals/Session 60/8d342ff5-a743-4a11-9c8a-62c19bdb37f0.png,assets/world-anvil/screenshots/Session 60/8d342ff5-a743-4a11-9c8a-62c19bdb37f0.png,,0669f600e6b0c71cd9cde0019d1816f8a18076ee8fa40ccbc02ca1bff3434364,
move,Session 60,assets/world-anvil/screenshots-originals/Session 60/Ally.png,assets/world-anvil/screenshots/Session 60/Ally.png,,f26b5b0ac6d2da12ac04a3d47b390e50fbd9d30a28c0ba9d33cd517ee6357362,
move,Session 60,assets/world-anvil/screenshots-originals/Session 60/Ant.png,assets/world-anvil/screenshots/Session 60/Ant.png,,b986bedc28f33819c9ffa596b783091488962cdffb4471ac45aebd89ab3b4362,
move,Session 60,assets/world-anvil/screenshots-originals/Session 60/Elowyn - original blue vestments.png,assets/world-anvil/screenshots/Session 60/Elowyn - original blue vestments.png,,39ec591864c5cffad379983686206a1bf390ccfcbc39ee239e351416f4368604,
move,Session 60,assets/world-anvil/screenshots-originals/Session 60/Elowyn.png,assets/world-anvil/screenshots/Session 60/Elowyn.png,,a885cfeaeadc0fa536330fcbda8071c587e4e3af1915737fe0b8ac2c19b19bed,
move,Session 60,assets/world-anvil/screenshots-originals/Session 60/Fitz.png,assets/world-anvil/screenshots/Session 60/Fitz.png,,6db816bbf5b9a5c25629dcd1426dd286561985af43d6f474dc17d7de46258272,
move,Session 60,assets/world-anvil/screenshots-originals/Session 60/Matteo.png,assets/world-anvil/screenshots/Session 60/Matteo.png,,5b96d97fcd1446ad9a13defd4576a6a352ef33b1ab4a8a5cbd7e38517816fd9f,
move,Session 60,assets/world-anvil/screenshots-originals/Session 60/Seamus.png,assets/world-anvil/screenshots/Session 60/Seamus.png,,e1f004c24b995fb706769ca761f2863c748d337e879be898ef84bff649d49bdc,
move,Session 60,assets/world-anvil/screenshots-originals/Session 60/Session 60-01.png,assets/world-anvil/screenshots/Session 60/Session 60-01.png,,93ba992602b77216766fe36fccc2112d27447916d3b40b05e36d4f0f7408c991,
move,Session 60,assets/world-anvil/screenshots-originals/Session 60/Session 60-02.png,assets/world-anvil/screenshots/Session 60/Session 60-02.png,,af37df9d32ef6014b2399336410f43f2f6ae1093e19db4e74e9a2c822ac558a1,
move,Session 60,assets/world-anvil/screenshots-originals/Session 60/Session 60-03.png,assets/world-anvil/screenshots/Session 60/Session 60-03.png,,4c309bed1b5a3074522f8e60fd49af5233065db5b7b9e9160018bcc6613c6e65,
move,Session 60,assets/world-anvil/screenshots-originals/Session 60/Session 60-04.png,assets/world-anvil/screenshots/Session 60/Session 60-04.png,,5535d9c1c1dc064750bb31fa9a4559d2678f55960cabbe8595aa8f9dcb4fa7fe,
move,Session 60,assets/world-anvil/screenshots-originals/Session 60/Session 60-05.png,assets/world-anvil/screenshots/Session 60/Session 60-05.png,,ea010b72f24a303ad2c6b70a904b3f3f99604f611e32db0feed438a7ca83fe65,
move,Session 60,assets/world-anvil/screenshots-originals/Session 60/Session 60-06.png,assets/world-anvil/screenshots/Session 60/Session 60-06.png,,183c7bb85f53b1e9e6788ae111b6906c5c3953d4abb460b78982ee3859a8d75e,
move,Session 60,assets/world-anvil/screenshots-originals/Session 60/Session 60-07.png,assets/world-anvil/screenshots/Session 60/Session 60-07.png,,28138da87b305c19687db86e12b31b1d0b52530e5069c25d391dc2dc1e21dc69,
move,Session 60,assets/world-anvil/screenshots-originals/Session 60/Session 60-08.png,assets/world-anvil/screenshots/Session 60/Session 60-08.png,,10a369426e7df14635c19ca82eb1183911cd1609a37d4742101253a733b23b4e,
move,Session 60,assets/world-anvil/screenshots-originals/Session 60/Session 60-09.png,assets/world-anvil/screenshots/Session 60/Session 60-09.png,,4806d6d7ebed1d2a58ce10eacb6cbf6373c8b200ebb00b1eb049a39b8d369953,
move,Session 60,assets/world-anvil/screenshots-originals/Session 60/Session 60-10.png,assets/world-anvil/screenshots/Session 60/Session 60-10.png,,3483a6fc1143c87ea26a0a9c39af689720d8f6bee32620436749d03a082d503d,
move,Session 60,assets/world-anvil/screenshots-originals/Session 60/Session 60-11.png,assets/world-anvil/screenshots/Session 60/Session 60-11.png,,1db4be10dd2006e4608cdca56d4f8e442845f9fa2512009431c03df7e146ad90,
move,Session 60,assets/world-anvil/screenshots-originals/Session 60/Session 60-12.png,assets/world-anvil/screenshots/Session 60/Session 60-12.png,,efae57020f8788646ead7d119620545bc072e7060d286414ecec15a4192fadbf,
move,Session 60,assets/world-anvil/screenshots-originals/Session 60/Session 60-13.png,assets/world-anvil/screenshots/Session 60/Session 60-13.png,,cddf2e3260e30a932f4ccdcd8204d094ca34ebd20fe3a60f8ba0a430fc6fab68,
move,Session 60,assets/world-anvil/screenshots-originals/Session 60/Session 60-14.png,assets/world-anvil/screenshots/Session 60/Session 60-14.png,,28c85f984c7965fd144dde866a56789ee6a576334d02f4f3dad52aed1c2cb3da,
move,Session 60,assets/world-anvil/screenshots-originals/Session 60/Session 60-15.png,assets/world-anvil/screenshots/Session 60/Session 60-15.png,,df94c5d548e870fbf87444547d0d98b2ed1f072f87aeae74f8c69c4031812c5a,
move,Session 60,assets/world-anvil/screenshots-originals/Session 60/Session 60-17.png,assets/world-anvil/screenshots/Session 60/Session 60-17.png,,5531fdd3b2397c56732a93c5ef6062b8c798cec0f0c994afccd6d206e16a1cec,
move,Session 61,assets/world-anvil/screenshots-originals/Session 61/Ally.png,assets/world-anvil/screenshots/Session 61/Ally.png,,6ffae814bd39dacffdd6cea7c4891dd3e918bdeb9b429dc162c24813ea8aa13d,
move,Session 61,assets/world-anvil/screenshots-originals/Session 61/Ant.png,assets/world-anvil/screenshots/Session 61/Ant.png,,91e5e13277a7d49c53b17bf4da70df1f8feaccfb68e9486520c9e9b805eb4515,
move,Session 61,assets/world-anvil/screenshots-originals/Session 61/Elowyn.png,assets/world-anvil/screenshots/Session 61/Elowyn.png,,95c9beddec038c61b3bbc68ad1f12acac2410cdd0565d4cb50731abf119edd8b,
move,Session 61,assets/world-anvil/screenshots-originals/Session 61/Lurk.png,assets/world-anvil/screenshots/Session 61/Lurk.png,,8514cd346b0b8d22b4acc6ad740c39e380d40859122c627e29e5da1b96489c26,
move,Session 61,assets/world-anvil/screenshots-originals/Session 61/Party Portrait.png,assets/world-anvil/screenshots/Session 61/Party Portrait.png,,c6ae40d67d2ab2326e4b88ee3de4b122763ee92c51d75e45049e3ddf7f7f716c,
move,Session 61,assets/world-anvil/screenshots-originals/Session 61/Seamus.png,assets/world-anvil/screenshots/Session 61/Seamus.png,,9fd742c7083ada563eb2162d734d64d26484ba65e10f2a6dc28c850414157319,
move,Session 61,assets/world-anvil/screenshots-originals/Session 61/Session 61-01.png,assets/world-anvil/screenshots/Session 61/Session 61-01.png,,511d35d6d1ea56b6f898adbda5e8aeed15da1fd28a5d476f08df65b2202857dd,
move,Session 61,assets/world-anvil/screenshots-originals/Session 61/Session 61-02.png,assets/world-anvil/screenshots/Session 61/Session 61-02.png,,5e04677ed0605de31cfffbe2bc8e3a0898dae897a5b65e3e65fab28178eb4b86,
move,Session 61,assets/world-anvil/screenshots-originals/Session 61/Session 61-03.png,assets/world-anvil/screenshots/Session 61/Session 61-03.png,,3b0371cfe94c47ead7bfab6ca6beecb45b22a7c6f8c43a053d10ba9e7497f041,
move,Session 61,assets/world-anvil/screenshots-originals/Session 61/Session 61-04.png,assets/world-anvil/screenshots/Session 61/Session 61-04.png,,abca4bdb077d4d265ad33d16f353c843f428db1a18df03c460a2ccbb23a9f41f,
move,Session 61,assets/world-anvil/screenshots-originals/Session 61/Session 61-05.png,assets/world-anvil/screenshots/Session 61/Session 61-05.png,,134c21446d9a6df1b57d1a8c1e561817325ecd7752eb43650a42bd57e01a6c44,
move,Session 61,assets/world-anvil/screenshots-originals/Session 61/Session 61-06.png,assets/world-anvil/screenshots/Session 61/Session 61-06.png,,63f8dafa7322c59c128eff5671d7bab49a0abdf0563cd9b24d882f9f73b24b5d,
move,Session 61,assets/world-anvil/screenshots-originals/Session 61/Session 61-07.png,assets/world-anvil/screenshots/Session 61/Session 61-07.png,,ba8b55894342e50fe844c288985472132827467134cbe3c1fd51c547cf16755b,
move,Session 61,assets/world-anvil/screenshots-originals/Session 61/Session 61-08.png,assets/world-anvil/screenshots/Session 61/Session 61-08.png,,e9698c6f11314ead421d644f423e89b030bdf777125c888fab6ad9d4c2e68587,
move,Session 61,assets/world-anvil/screenshots-originals/Session 61/Session 61-09.png,assets/world-anvil/screenshots/Session 61/Session 61-09.png,,abb5bf5dece471e539ee225900ba0b94aba252e5a293cef1085ce681aa918249,
move,Session 61,assets/world-anvil/screenshots-originals/Session 61/Session 61-10.png,assets/world-anvil/screenshots/Session 61/Session 61-10.png,,b0929f51348cf1a05bbd0b81d199ccd04101dfe460b0e4f8664f1e399cc1afc6,
move,Session 61,assets/world-anvil/screenshots-originals/Session 61/Session 61-11.png,assets/world-anvil/screenshots/Session 61/Session 61-11.png,,2f27e24062c21c31e00f2e4449d8b5f07da5487885ce047ccb19580a6c91d95a,
move,Session 61,assets/world-anvil/screenshots-originals/Session 61/Session 61-12.png,assets/world-anvil/screenshots/Session 61/Session 61-12.png,,796556971c475e5d7671f3f1c95dbf1d3c415baa2f78594b254c255e4910367d,
