session,status,source,destination,duplicate_of,note
0,move,assets/world-anvil/screenshots/Session 00 - Party Time Image/session-0-party-time-image-01.png,assets/world-anvil/screenshots/Session 00 - Party Time/session-0-party-time-image-01.png,,
1,move,assets/world-anvil/screenshots/Session 01 - A Time to Kill Image/session-01-a-time-to-kill-image-01.png,assets/world-anvil/screenshots/Session 01 - A Time to Kill/session-01-a-time-to-kill-image-01.png,,
2,move,assets/world-anvil/screenshots/Session 02 - Go West Young Heroes Image/session-02-go-west-young-heroes-image-01.png,assets/world-anvil/screenshots/Session 02 - Go West Young Heroes/session-02-go-west-young-heroes-image-01.png,,
2,move,assets/world-anvil/screenshots/Session 02 - Go West Young Heroes Image/session-02-go-west-young-heroes-image-02.png,assets/world-anvil/screenshots/Session 02 - Go West Young Heroes/session-02-go-west-young-heroes-image-02.png,,
3,move,assets/world-anvil/screenshots/Session 03 - Big Trouble at Little Oleg S Image/session-03-big-trouble-at-little-oleg-s-image-01.png,assets/world-anvil/screenshots/Session 03 - Big Trouble at Little Oleg S/session-03-big-trouble-at-little-oleg-s-image-01.png,,
4,move,assets/world-anvil/screenshots/Session 04 - Noknok Arrives Image/session-04-noknok-arrives-image-01.png,assets/world-anvil/screenshots/Session 04 - Noknok Arrives/session-04-noknok-arrives-image-01.png,,
4,move,assets/world-anvil/screenshots/Session 4/Session 4-01.png,assets/world-anvil/screenshots/Session 04 - Noknok Arrives/Session 4-01.png,,
4,move,assets/world-anvil/screenshots/Session 4/Session 4-02.png,assets/world-anvil/screenshots/Session 04 - Noknok Arrives/Session 4-02.png,,
5,move,assets/world-anvil/screenshots/Session 05 - Finishing the Old Sycamore Image/session-05-finishing-the-old-sycamore-image-01.png,assets/world-anvil/screenshots/Session 05 - Finishing the Old Sycamore/session-05-finishing-the-old-sycamore-image-01.png,,
5,move,assets/world-anvil/screenshots/Session 5/Session 5-01.png,assets/world-anvil/screenshots/Session 05 - Finishing the Old Sycamore/Session 5-01.png,,
6,move,assets/world-anvil/screenshots/Session 6/Session 6-01.jpeg,assets/world-anvil/screenshots/Session 06/Session 6-01.jpeg,,
6,move,assets/world-anvil/screenshots/Session 6/Session 6-02.jpeg,assets/world-anvil/screenshots/Session 06/Session 6-02.jpeg,,
6,move,assets/world-anvil/screenshots/Session 6/Session 6-03.jpeg,assets/world-anvil/screenshots/Session 06/Session 6-03.jpeg,,
6,move,assets/world-anvil/screenshots/Session 6/Session 6-04.jpeg,assets/world-anvil/screenshots/Session 06/Session 6-04.jpeg,,
6,move,assets/world-anvil/screenshots/Session 6/Session 6-05.jpeg,assets/world-anvil/screenshots/Session 06/Session 6-05.jpeg,,
6,move,assets/world-anvil/screenshots/Session 6/Session 6-06.jpeg,assets/world-anvil/screenshots/Session 06/Session 6-06.jpeg,,
6,move,assets/world-anvil/screenshots/Session 6/Session 6-07.jpeg,assets/world-anvil/screenshots/Session 06/Session 6-07.jpeg,,
6,move,assets/world-anvil/screenshots/Session 6/Session 6-08.jpeg,assets/world-anvil/screenshots/Session 06/Session 6-08.jpeg,,
6,move,assets/world-anvil/screenshots/Session 6/Session 6-09.jpeg,assets/world-anvil/screenshots/Session 06/Session 6-09.jpeg,,
10,move,assets/world-anvil/screenshots/Session 10/Session 10-01.webp,assets/world-anvil/screenshots/Session 10 - Founding Day 3 a Good Day to Found Hard/Session 10-01.webp,,
10,move,assets/world-anvil/screenshots/Session 10/Session 10-02.webp,assets/world-anvil/screenshots/Session 10 - Founding Day 3 a Good Day to Found Hard/Session 10-02.webp,,
10,move,assets/world-anvil/screenshots/Session 10/Session 10-03.webp,assets/world-anvil/screenshots/Session 10 - Founding Day 3 a Good Day to Found Hard/Session 10-03.webp,,
10,move,assets/world-anvil/screenshots/Session 10/Session 10-04.webp,assets/world-anvil/screenshots/Session 10 - Founding Day 3 a Good Day to Found Hard/Session 10-04.webp,,
10,move,assets/world-anvil/screenshots/Session 10/Session 10-05.webp,assets/world-anvil/screenshots/Session 10 - Founding Day 3 a Good Day to Found Hard/Session 10-05.webp,,
10,move,assets/world-anvil/screenshots/Session 10/Session 10-06.webp,assets/world-anvil/screenshots/Session 10 - Founding Day 3 a Good Day to Found Hard/Session 10-06.webp,,
10,move,assets/world-anvil/screenshots/Session 10/Session 10-07.webp,assets/world-anvil/screenshots/Session 10 - Founding Day 3 a Good Day to Found Hard/Session 10-07.webp,,
11,move,assets/world-anvil/screenshots/Session 11/Session 11-01.webp,assets/world-anvil/screenshots/Session 11 - Explore Report Rule/Session 11-01.webp,,
11,move,assets/world-anvil/screenshots/Session 11/Session 11-02.webp,assets/world-anvil/screenshots/Session 11 - Explore Report Rule/Session 11-02.webp,,
11,move,assets/world-anvil/screenshots/Session 11/Session 11-03.webp,assets/world-anvil/screenshots/Session 11 - Explore Report Rule/Session 11-03.webp,,
11,move,assets/world-anvil/screenshots/Session 11/Session 11-04.webp,assets/world-anvil/screenshots/Session 11 - Explore Report Rule/Session 11-04.webp,,
11,move,assets/world-anvil/screenshots/Session 11/Session 11-05.webp,assets/world-anvil/screenshots/Session 11 - Explore Report Rule/Session 11-05.webp,,
11,move,assets/world-anvil/screenshots/Session 11/Session 11-06.webp,assets/world-anvil/screenshots/Session 11 - Explore Report Rule/Session 11-06.webp,,
11,move,assets/world-anvil/screenshots/Session 11/Session 11-07.webp,assets/world-anvil/screenshots/Session 11 - Explore Report Rule/Session 11-07.webp,,
11,move,assets/world-anvil/screenshots/Session 11/Session 11-08.webp,assets/world-anvil/screenshots/Session 11 - Explore Report Rule/Session 11-08.webp,,
11,move,assets/world-anvil/screenshots/Session 11/Session 11-09.webp,assets/world-anvil/screenshots/Session 11 - Explore Report Rule/Session 11-09.webp,,
11,move,assets/world-anvil/screenshots/Session 11/Session 11-10.webp,assets/world-anvil/screenshots/Session 11 - Explore Report Rule/Session 11-10.webp,,
11,move,assets/world-anvil/screenshots/Session 11/Session 11-11.webp,assets/world-anvil/screenshots/Session 11 - Explore Report Rule/Session 11-11.webp,,
11,move,assets/world-anvil/screenshots/Session 11/Session 11-12.webp,assets/world-anvil/screenshots/Session 11 - Explore Report Rule/Session 11-12.webp,,
11,move,assets/world-anvil/screenshots/Session 11/Session 11-13.webp,assets/world-anvil/screenshots/Session 11 - Explore Report Rule/Session 11-13.webp,,
11,move,assets/world-anvil/screenshots/Session 11/Session 11-14.webp,assets/world-anvil/screenshots/Session 11 - Explore Report Rule/Session 11-14.webp,,
11,move,assets/world-anvil/screenshots/Session 11/Session 11-15.webp,assets/world-anvil/screenshots/Session 11 - Explore Report Rule/Session 11-15.webp,,
11,move,assets/world-anvil/screenshots/Session 11/Session 11-16.webp,assets/world-anvil/screenshots/Session 11 - Explore Report Rule/Session 11-16.webp,,
11,move,assets/world-anvil/screenshots/Session 11/Session 11-17.webp,assets/world-anvil/screenshots/Session 11 - Explore Report Rule/Session 11-17.webp,,
11,move,assets/world-anvil/screenshots/Session 11/Session 11-18.webp,assets/world-anvil/screenshots/Session 11 - Explore Report Rule/Session 11-18.webp,,
11,move,assets/world-anvil/screenshots/Session 11/Session 11-19.webp,assets/world-anvil/screenshots/Session 11 - Explore Report Rule/Session 11-19.webp,,
11,move,assets/world-anvil/screenshots/Session 11/Session 11-20.webp,assets/world-anvil/screenshots/Session 11 - Explore Report Rule/Session 11-20.webp,,
12,move,assets/world-anvil/screenshots/Session 12/Session 12-01.webp,assets/world-anvil/screenshots/Session 12 - Kingdom Mysteries/Session 12-01.webp,,
12,move,assets/world-anvil/screenshots/Session 12/Session 12-02.webp,assets/world-anvil/screenshots/Session 12 - Kingdom Mysteries/Session 12-02.webp,,
12,move,assets/world-anvil/screenshots/Session 12/Session 12-03.webp,assets/world-anvil/screenshots/Session 12 - Kingdom Mysteries/Session 12-03.webp,,
12,move,assets/world-anvil/screenshots/Session 12/Session 12-04.webp,assets/world-anvil/screenshots/Session 12 - Kingdom Mysteries/Session 12-04.webp,,
12,move,assets/world-anvil/screenshots/Session 12/Session 12-05.webp,assets/world-anvil/screenshots/Session 12 - Kingdom Mysteries/Session 12-05.webp,,
12,move,assets/world-anvil/screenshots/Session 12/Session 12-06.webp,assets/world-anvil/screenshots/Session 12 - Kingdom Mysteries/Session 12-06.webp,,
13,move,assets/world-anvil/screenshots/Session 13/Session 13-01.webp,assets/world-anvil/screenshots/Session 13 - The Depths of Candlemere Island/Session 13-01.webp,,
13,move,assets/world-anvil/screenshots/Session 13/Session 13-02.webp,assets/world-anvil/screenshots/Session 13 - The Depths of Candlemere Island/Session 13-02.webp,,
13,move,assets/world-anvil/screenshots/Session 13/Session 13-03.webp,assets/world-anvil/screenshots/Session 13 - The Depths of Candlemere Island/Session 13-03.webp,,
13,move,assets/world-anvil/screenshots/Session 13/Session 13-04.webp,assets/world-anvil/screenshots/Session 13 - The Depths of Candlemere Island/Session 13-04.webp,,
13,move,assets/world-anvil/screenshots/Session 13/Session 13-05.webp,assets/world-anvil/screenshots/Session 13 - The Depths of Candlemere Island/Session 13-05.webp,,
13,move,assets/world-anvil/screenshots/Session 13/Session 13-06.webp,assets/world-anvil/screenshots/Session 13 - The Depths of Candlemere Island/Session 13-06.webp,,
13,move,assets/world-anvil/screenshots/Session 13/Session 13-07.webp,assets/world-anvil/screenshots/Session 13 - The Depths of Candlemere Island/Session 13-07.webp,,
13,move,assets/world-anvil/screenshots/Session 13/Session 13-08.webp,assets/world-anvil/screenshots/Session 13 - The Depths of Candlemere Island/Session 13-08.webp,,
13,move,assets/world-anvil/screenshots/Session 13/Session 13-09.webp,assets/world-anvil/screenshots/Session 13 - The Depths of Candlemere Island/Session 13-09.webp,,
13,move,assets/world-anvil/screenshots/Session 13/Session 13-10.webp,assets/world-anvil/screenshots/Session 13 - The Depths of Candlemere Island/Session 13-10.webp,,
13,move,assets/world-anvil/screenshots/Session 13/Session 13-11.webp,assets/world-anvil/screenshots/Session 13 - The Depths of Candlemere Island/Session 13-11.webp,,
13,move,assets/world-anvil/screenshots/Session 13/Session 13-12.webp,assets/world-anvil/screenshots/Session 13 - The Depths of Candlemere Island/Session 13-12.webp,,
13,move,assets/world-anvil/screenshots/Session 13/Session 13-13.webp,assets/world-anvil/screenshots/Session 13 - The Depths of Candlemere Island/Session 13-13.webp,,
13,move,assets/world-anvil/screenshots/Session 13/Session 13-14.webp,assets/world-anvil/screenshots/Session 13 - The Depths of Candlemere Island/Session 13-14.webp,,
13,move,assets/world-anvil/screenshots/Session 13/Session 13-15.webp,assets/world-anvil/screenshots/Session 13 - The Depths of Candlemere Island/Session 13-15.webp,,
13,move,assets/world-anvil/screenshots/Session 13/Session 13-16.webp,assets/world-anvil/screenshots/Session 13 - The Depths of Candlemere Island/Session 13-16.webp,,
13,move,assets/world-anvil/screenshots/Session 13/Session 13-17.webp,assets/world-anvil/screenshots/Session 13 - The Depths of Candlemere Island/Session 13-17.webp,,
13,move,assets/world-anvil/screenshots/Session 13/Session 13-18.webp,assets/world-anvil/screenshots/Session 13 - The Depths of Candlemere Island/Session 13-18.webp,,
13,move,assets/world-anvil/screenshots/Session 13/Session 13-19.webp,assets/world-anvil/screenshots/Session 13 - The Depths of Candlemere Island/Session 13-19.webp,,
13,move,assets/world-anvil/screenshots/Session 13/Session 13-20.webp,assets/world-anvil/screenshots/Session 13 - The Depths of Candlemere Island/Session 13-20.webp,,
13,move,assets/world-anvil/screenshots/Session 13/Session 13-21.webp,assets/world-anvil/screenshots/Session 13 - The Depths of Candlemere Island/Session 13-21.webp,,
13,move,assets/world-anvil/screenshots/Session 13/Session 13-22.webp,assets/world-anvil/screenshots/Session 13 - The Depths of Candlemere Island/Session 13-22.webp,,
14,move,assets/world-anvil/screenshots/Session 14/Session 14-01.webp,assets/world-anvil/screenshots/Session 14 - Love Hurts/Session 14-01.webp,,
14,move,assets/world-anvil/screenshots/Session 14/Session 14-02.webp,assets/world-anvil/screenshots/Session 14 - Love Hurts/Session 14-02.webp,,
14,move,assets/world-anvil/screenshots/Session 14/Session 14-03.webp,assets/world-anvil/screenshots/Session 14 - Love Hurts/Session 14-03.webp,,
14,move,assets/world-anvil/screenshots/Session 14/Session 14-04.webp,assets/world-anvil/screenshots/Session 14 - Love Hurts/Session 14-04.webp,,
14,move,assets/world-anvil/screenshots/Session 14/Session 14-05.webp,assets/world-anvil/screenshots/Session 14 - Love Hurts/Session 14-05.webp,,
14,move,assets/world-anvil/screenshots/Session 14/Session 14-06.webp,assets/world-anvil/screenshots/Session 14 - Love Hurts/Session 14-06.webp,,
14,move,assets/world-anvil/screenshots/Session 14/Session 14-07.webp,assets/world-anvil/screenshots/Session 14 - Love Hurts/Session 14-07.webp,,
14,move,assets/world-anvil/screenshots/Session 14/Session 14-08.webp,assets/world-anvil/screenshots/Session 14 - Love Hurts/Session 14-08.webp,,
14,move,assets/world-anvil/screenshots/Session 14/Session 14-09.webp,assets/world-anvil/screenshots/Session 14 - Love Hurts/Session 14-09.webp,,
15,move,assets/world-anvil/screenshots/Session 15/Session 15-01.webp,assets/world-anvil/screenshots/Session 15 - Anatomically Correct Barghest/Session 15-01.webp,,
15,move,assets/world-anvil/screenshots/Session 15/Session 15-02.webp,assets/world-anvil/screenshots/Session 15 - Anatomically Correct Barghest/Session 15-02.webp,,
15,move,assets/world-anvil/screenshots/Session 15/Session 15-03.webp,assets/world-anvil/screenshots/Session 15 - Anatomically Correct Barghest/Session 15-03.webp,,
15,move,assets/world-anvil/screenshots/Session 15/Session 15-04.webp,assets/world-anvil/screenshots/Session 15 - Anatomically Correct Barghest/Session 15-04.webp,,
15,move,assets/world-anvil/screenshots/Session 15/Session 15-05.webp,assets/world-anvil/screenshots/Session 15 - Anatomically Correct Barghest/Session 15-05.webp,,
15,move,assets/world-anvil/screenshots/Session 15/Session 15-06.webp,assets/world-anvil/screenshots/Session 15 - Anatomically Correct Barghest/Session 15-06.webp,,
15,move,assets/world-anvil/screenshots/Session 15/Session 15-07.webp,assets/world-anvil/screenshots/Session 15 - Anatomically Correct Barghest/Session 15-07.webp,,
15,move,assets/world-anvil/screenshots/Session 15/Session 15-08.webp,assets/world-anvil/screenshots/Session 15 - Anatomically Correct Barghest/Session 15-08.webp,,
15,move,assets/world-anvil/screenshots/Session 15/Session 15-09.png,assets/world-anvil/screenshots/Session 15 - Anatomically Correct Barghest/Session 15-09.png,,
16,move,assets/world-anvil/screenshots/Session 16/Session 16-01.png,assets/world-anvil/screenshots/Session 16 - Death to All Who Oppose Us/Session 16-01.png,,
16,move,assets/world-anvil/screenshots/Session 16/Session 16-02.png,assets/world-anvil/screenshots/Session 16 - Death to All Who Oppose Us/Session 16-02.png,,
16,move,assets/world-anvil/screenshots/Session 16/Session 16-03.png,assets/world-anvil/screenshots/Session 16 - Death to All Who Oppose Us/Session 16-03.png,,
16,move,assets/world-anvil/screenshots/Session 16/Session 16-04.png,assets/world-anvil/screenshots/Session 16 - Death to All Who Oppose Us/Session 16-04.png,,
16,move,assets/world-anvil/screenshots/Session 16/Session 16-05.png,assets/world-anvil/screenshots/Session 16 - Death to All Who Oppose Us/Session 16-05.png,,
16,move,assets/world-anvil/screenshots/Session 16/Session 16-06.png,assets/world-anvil/screenshots/Session 16 - Death to All Who Oppose Us/Session 16-06.png,,
16,move,assets/world-anvil/screenshots/Session 16/Session 16-07.png,assets/world-anvil/screenshots/Session 16 - Death to All Who Oppose Us/Session 16-07.png,,
16,move,assets/world-anvil/screenshots/Session 16/Session 16-08.png,assets/world-anvil/screenshots/Session 16 - Death to All Who Oppose Us/Session 16-08.png,,
16,move,assets/world-anvil/screenshots/Session 16/Session 16-09.png,assets/world-anvil/screenshots/Session 16 - Death to All Who Oppose Us/Session 16-09.png,,
17,move,assets/world-anvil/screenshots/Session 17/Session 17-01.png,assets/world-anvil/screenshots/Session 17 - Corruption in the Capitol/Session 17-01.png,,
17,move,assets/world-anvil/screenshots/Session 17/Session 17-03.png,assets/world-anvil/screenshots/Session 17 - Corruption in the Capitol/Session 17-03.png,,
17,move,assets/world-anvil/screenshots/Session 17/Session 17-04.png,assets/world-anvil/screenshots/Session 17 - Corruption in the Capitol/Session 17-04.png,,
17,move,assets/world-anvil/screenshots/Session 17/Session 17-05.png,assets/world-anvil/screenshots/Session 17 - Corruption in the Capitol/Session 17-05.png,,
18,move,assets/world-anvil/screenshots/Session 18/Session 18-01.png,assets/world-anvil/screenshots/Session 18 - I M Sailing Away/Session 18-01.png,,
18,move,assets/world-anvil/screenshots/Session 18/Session 18-02.png,assets/world-anvil/screenshots/Session 18 - I M Sailing Away/Session 18-02.png,,
18,move,assets/world-anvil/screenshots/Session 18/Session 18-03.png,assets/world-anvil/screenshots/Session 18 - I M Sailing Away/Session 18-03.png,,
18,move,assets/world-anvil/screenshots/Session 18/Session 18-04.png,assets/world-anvil/screenshots/Session 18 - I M Sailing Away/Session 18-04.png,,
18,move,assets/world-anvil/screenshots/Session 18/Session 18-05.png,assets/world-anvil/screenshots/Session 18 - I M Sailing Away/Session 18-05.png,,
18,move,assets/world-anvil/screenshots/Session 18/Session 18-06.png,assets/world-anvil/screenshots/Session 18 - I M Sailing Away/Session 18-06.png,,
18,move,assets/world-anvil/screenshots/Session 18/Session 18-07.png,assets/world-anvil/screenshots/Session 18 - I M Sailing Away/Session 18-07.png,,
18,move,assets/world-anvil/screenshots/Session 18/Session 18-08.png,assets/world-anvil/screenshots/Session 18 - I M Sailing Away/Session 18-08.png,,
18,move,assets/world-anvil/screenshots/Session 18/Session 18-09.png,assets/world-anvil/screenshots/Session 18 - I M Sailing Away/Session 18-09.png,,
19,move,assets/world-anvil/screenshots/Session 19/Session 19-01.png,assets/world-anvil/screenshots/Session 19 - The Kobolds the Iruxi and the Trolls/Session 19-01.png,,
19,move,assets/world-anvil/screenshots/Session 19/Session 19-02.png,assets/world-anvil/screenshots/Session 19 - The Kobolds the Iruxi and the Trolls/Session 19-02.png,,
19,move,assets/world-anvil/screenshots/Session 19/Session 19-03.png,assets/world-anvil/screenshots/Session 19 - The Kobolds the Iruxi and the Trolls/Session 19-03.png,,
19,move,assets/world-anvil/screenshots/Session 19/Session 19-04.png,assets/world-anvil/screenshots/Session 19 - The Kobolds the Iruxi and the Trolls/Session 19-04.png,,
19,move,assets/world-anvil/screenshots/Session 19/Session 19-05.png,assets/world-anvil/screenshots/Session 19 - The Kobolds the Iruxi and the Trolls/Session 19-05.png,,
19,move,assets/world-anvil/screenshots/Session 19/Session 19-06.png,assets/world-anvil/screenshots/Session 19 - The Kobolds the Iruxi and the Trolls/Session 19-06.png,,
19,move,assets/world-anvil/screenshots/Session 19/Session 19-07.png,assets/world-anvil/screenshots/Session 19 - The Kobolds the Iruxi and the Trolls/Session 19-07.png,,
19,move,assets/world-anvil/screenshots/Session 19/Session 19-08.png,assets/world-anvil/screenshots/Session 19 - The Kobolds the Iruxi and the Trolls/Session 19-08.png,,
19,move,assets/world-anvil/screenshots/Session 19/Session 19-09.png,assets/world-anvil/screenshots/Session 19 - The Kobolds the Iruxi and the Trolls/Session 19-09.png,,
19,move,assets/world-anvil/screenshots/Session 19/Session 19-10.png,assets/world-anvil/screenshots/Session 19 - The Kobolds the Iruxi and the Trolls/Session 19-10.png,,
19,move,assets/world-anvil/screenshots/Session 19/Session 19-11.png,assets/world-anvil/screenshots/Session 19 - The Kobolds the Iruxi and the Trolls/Session 19-11.png,,
19,move,assets/world-anvil/screenshots/Session 19/Session 19-12.png,assets/world-anvil/screenshots/Session 19 - The Kobolds the Iruxi and the Trolls/Session 19-12.png,,
19,move,assets/world-anvil/screenshots/Session 19/Session 19-14.png,assets/world-anvil/screenshots/Session 19 - The Kobolds the Iruxi and the Trolls/Session 19-14.png,,
19,move,assets/world-anvil/screenshots/Session 19/Session 19-15.png,assets/world-anvil/screenshots/Session 19 - The Kobolds the Iruxi and the Trolls/Session 19-15.png,,
19,move,assets/world-anvil/screenshots/Session 19/Session 19-16.png,assets/world-anvil/screenshots/Session 19 - The Kobolds the Iruxi and the Trolls/Session 19-16.png,,
20,move,assets/world-anvil/screenshots/Session 20/Session 20-01.png,assets/world-anvil/screenshots/Session 20 - The Beast/Session 20-01.png,,
20,move,assets/world-anvil/screenshots/Session 20/Session 20-02.png,assets/world-anvil/screenshots/Session 20 - The Beast/Session 20-02.png,,
20,move,assets/world-anvil/screenshots/Session 20/Session 20-03.png,assets/world-anvil/screenshots/Session 20 - The Beast/Session 20-03.png,,
20,move,assets/world-anvil/screenshots/Session 20/Session 20-04.png,assets/world-anvil/screenshots/Session 20 - The Beast/Session 20-04.png,,
20,move,assets/world-anvil/screenshots/Session 20/Session 20-05.png,assets/world-anvil/screenshots/Session 20 - The Beast/Session 20-05.png,,
20,move,assets/world-anvil/screenshots/Session 20/Session 20-06.png,assets/world-anvil/screenshots/Session 20 - The Beast/Session 20-06.png,,
20,move,assets/world-anvil/screenshots/Session 20/Session 20-07.png,assets/world-anvil/screenshots/Session 20 - The Beast/Session 20-07.png,,
20,move,assets/world-anvil/screenshots/Session 20/Session 20-09.png,assets/world-anvil/screenshots/Session 20 - The Beast/Session 20-09.png,,
20,move,assets/world-anvil/screenshots/Session 20/Session 20-10.png,assets/world-anvil/screenshots/Session 20 - The Beast/Session 20-10.png,,
20,move,assets/world-anvil/screenshots/Session 20/Session 20-11.png,assets/world-anvil/screenshots/Session 20 - The Beast/Session 20-11.png,,
20,move,assets/world-anvil/screenshots/Session 20/Session 20-12.png,assets/world-anvil/screenshots/Session 20 - The Beast/Session 20-12.png,,
20,move,assets/world-anvil/screenshots/Session 20/Session 20-13.png,assets/world-anvil/screenshots/Session 20 - The Beast/Session 20-13.png,,
20,move,assets/world-anvil/screenshots/Session 20/Session 20-14.png,assets/world-anvil/screenshots/Session 20 - The Beast/Session 20-14.png,,
20,move,assets/world-anvil/screenshots/Session 20/Session 20-15.png,assets/world-anvil/screenshots/Session 20 - The Beast/Session 20-15.png,,
20,move,assets/world-anvil/screenshots/Session 20/Session 20-16.png,assets/world-anvil/screenshots/Session 20 - The Beast/Session 20-16.png,,
20,move,assets/world-anvil/screenshots/Session 20/Session 20-17.png,assets/world-anvil/screenshots/Session 20 - The Beast/Session 20-17.png,,
21,move,assets/world-anvil/screenshots/Session 21/Session 21-01.png,assets/world-anvil/screenshots/Session 21 - Rebuilding/Session 21-01.png,,
21,move,assets/world-anvil/screenshots/Session 21/Session 21-02.png,assets/world-anvil/screenshots/Session 21 - Rebuilding/Session 21-02.png,,
21,move,assets/world-anvil/screenshots/Session 21/Session 21-03.png,assets/world-anvil/screenshots/Session 21 - Rebuilding/Session 21-03.png,,
21,move,assets/world-anvil/screenshots/Session 21/Session 21-04.png,assets/world-anvil/screenshots/Session 21 - Rebuilding/Session 21-04.png,,
21,move,assets/world-anvil/screenshots/Session 21/Session 21-05.png,assets/world-anvil/screenshots/Session 21 - Rebuilding/Session 21-05.png,,
21,move,assets/world-anvil/screenshots/Session 21/Session 21-06.png,assets/world-anvil/screenshots/Session 21 - Rebuilding/Session 21-06.png,,
21,move,assets/world-anvil/screenshots/Session 21/Session 21-07.png,assets/world-anvil/screenshots/Session 21 - Rebuilding/Session 21-07.png,,
21,move,assets/world-anvil/screenshots/Session 21/Session 21-08.png,assets/world-anvil/screenshots/Session 21 - Rebuilding/Session 21-08.png,,
21,move,assets/world-anvil/screenshots/Session 21/Session 21-09.png,assets/world-anvil/screenshots/Session 21 - Rebuilding/Session 21-09.png,,
22,move,assets/world-anvil/screenshots/Session 22/Session 22-01.png,assets/world-anvil/screenshots/Session 22 - The Mystery of the Missing Money/Session 22-01.png,,
22,move,assets/world-anvil/screenshots/Session 22/Session 22-02.png,assets/world-anvil/screenshots/Session 22 - The Mystery of the Missing Money/Session 22-02.png,,
22,move,assets/world-anvil/screenshots/Session 22/Session 22-03.png,assets/world-anvil/screenshots/Session 22 - The Mystery of the Missing Money/Session 22-03.png,,
22,move,assets/world-anvil/screenshots/Session 22/Session 22-04.png,assets/world-anvil/screenshots/Session 22 - The Mystery of the Missing Money/Session 22-04.png,,
22,move,assets/world-anvil/screenshots/Session 22/Session 22-05.png,assets/world-anvil/screenshots/Session 22 - The Mystery of the Missing Money/Session 22-05.png,,
22,move,assets/world-anvil/screenshots/Session 22/Session 22-06.png,assets/world-anvil/screenshots/Session 22 - The Mystery of the Missing Money/Session 22-06.png,,
22,move,assets/world-anvil/screenshots/Session 22/Session 22-07.png,assets/world-anvil/screenshots/Session 22 - The Mystery of the Missing Money/Session 22-07.png,,
22,move,assets/world-anvil/screenshots/Session 22/Session 22-08.png,assets/world-anvil/screenshots/Session 22 - The Mystery of the Missing Money/Session 22-08.png,,
22,move,assets/world-anvil/screenshots/Session 22/Session 22-09.png,assets/world-anvil/screenshots/Session 22 - The Mystery of the Missing Money/Session 22-09.png,,
22,move,assets/world-anvil/screenshots/Session 22/Session 22-10.png,assets/world-anvil/screenshots/Session 22 - The Mystery of the Missing Money/Session 22-10.png,,
22,move,assets/world-anvil/screenshots/Session 22/Session 22-11.png,assets/world-anvil/screenshots/Session 22 - The Mystery of the Missing Money/Session 22-11.png,,
22,move,assets/world-anvil/screenshots/Session 22/Session 22-12.png,assets/world-anvil/screenshots/Session 22 - The Mystery of the Missing Money/Session 22-12.png,,
22,move,assets/world-anvil/screenshots/Session 22/Session 22-13.png,assets/world-anvil/screenshots/Session 22 - The Mystery of the Missing Money/Session 22-13.png,,
23,move,assets/world-anvil/screenshots/Session 23/Session 23-01.png,assets/world-anvil/screenshots/Session 23 - Growth/Session 23-01.png,,
23,move,assets/world-anvil/screenshots/Session 23/Session 23-02.png,assets/world-anvil/screenshots/Session 23 - Growth/Session 23-02.png,,
23,move,assets/world-anvil/screenshots/Session 23/Session 23-03.png,assets/world-anvil/screenshots/Session 23 - Growth/Session 23-03.png,,
23,move,assets/world-anvil/screenshots/Session 23/Session 23-04.png,assets/world-anvil/screenshots/Session 23 - Growth/Session 23-04.png,,
23,move,assets/world-anvil/screenshots/Session 23/Session 23-05.png,assets/world-anvil/screenshots/Session 23 - Growth/Session 23-05.png,,
23,move,assets/world-anvil/screenshots/Session 23/Session 23-06.png,assets/world-anvil/screenshots/Session 23 - Growth/Session 23-06.png,,
23,move,assets/world-anvil/screenshots/Session 23/Session 23-07.png,assets/world-anvil/screenshots/Session 23 - Growth/Session 23-07.png,,
23,move,assets/world-anvil/screenshots/Session 23/Session 23-08.png,assets/world-anvil/screenshots/Session 23 - Growth/Session 23-08.png,,
23,move,assets/world-anvil/screenshots/Session 23/Session 23-09.png,assets/world-anvil/screenshots/Session 23 - Growth/Session 23-09.png,,
23,move,assets/world-anvil/screenshots/Session 23/Session 23-10.png,assets/world-anvil/screenshots/Session 23 - Growth/Session 23-10.png,,
24,move,assets/world-anvil/screenshots/Session 24/Session 24-01.png,assets/world-anvil/screenshots/Session 24 - Visit to Varnhold/Session 24-01.png,,
24,move,assets/world-anvil/screenshots/Session 24/Session 24-02.png,assets/world-anvil/screenshots/Session 24 - Visit to Varnhold/Session 24-02.png,,
25,move,assets/world-anvil/screenshots/Session 25/Session 25-01.png,assets/world-anvil/screenshots/Session 25 - The Hunt Begins/Session 25-01.png,,
25,move,assets/world-anvil/screenshots/Session 25/Session 25-02.png,assets/world-anvil/screenshots/Session 25 - The Hunt Begins/Session 25-02.png,,
25,move,assets/world-anvil/screenshots/Session 25/Session 25-03.png,assets/world-anvil/screenshots/Session 25 - The Hunt Begins/Session 25-03.png,,
25,move,assets/world-anvil/screenshots/Session 25/Session 25-04.png,assets/world-anvil/screenshots/Session 25 - The Hunt Begins/Session 25-04.png,,
25,move,assets/world-anvil/screenshots/Session 25/Session 25-05.png,assets/world-anvil/screenshots/Session 25 - The Hunt Begins/Session 25-05.png,,
25,move,assets/world-anvil/screenshots/Session 25/Session 25-06.png,assets/world-anvil/screenshots/Session 25 - The Hunt Begins/Session 25-06.png,,
25,move,assets/world-anvil/screenshots/Session 25/Session 25-07.png,assets/world-anvil/screenshots/Session 25 - The Hunt Begins/Session 25-07.png,,
25,move,assets/world-anvil/screenshots/Session 25/Session 25-08.png,assets/world-anvil/screenshots/Session 25 - The Hunt Begins/Session 25-08.png,,
25,move,assets/world-anvil/screenshots/Session 25/Session 25-09.png,assets/world-anvil/screenshots/Session 25 - The Hunt Begins/Session 25-09.png,,
26,move,assets/world-anvil/screenshots/Session 26/Session 26-01.png,assets/world-anvil/screenshots/Session 26 - The Bloom/Session 26-01.png,,
26,move,assets/world-anvil/screenshots/Session 26/Session 26-02.png,assets/world-anvil/screenshots/Session 26 - The Bloom/Session 26-02.png,,
26,move,assets/world-anvil/screenshots/Session 26/Session 26-03.png,assets/world-anvil/screenshots/Session 26 - The Bloom/Session 26-03.png,,
26,move,assets/world-anvil/screenshots/Session 26/Session 26-04.png,assets/world-anvil/screenshots/Session 26 - The Bloom/Session 26-04.png,,
26,move,assets/world-anvil/screenshots/Session 26/Session 26-05.png,assets/world-anvil/screenshots/Session 26 - The Bloom/Session 26-05.png,,
26,move,assets/world-anvil/screenshots/Session 26/Session 26-06.png,assets/world-anvil/screenshots/Session 26 - The Bloom/Session 26-06.png,,
27,move,assets/world-anvil/screenshots/Session 27/Session 27-01.png,assets/world-anvil/screenshots/Session 27 - The Inconsequent Debates/Session 27-01.png,,
27,move,assets/world-anvil/screenshots/Session 27/Session 27-02.png,assets/world-anvil/screenshots/Session 27 - The Inconsequent Debates/Session 27-02.png,,
27,move,assets/world-anvil/screenshots/Session 27/Session 27-03.png,assets/world-anvil/screenshots/Session 27 - The Inconsequent Debates/Session 27-03.png,,
27,move,assets/world-anvil/screenshots/Session 27/Session 27-04.png,assets/world-anvil/screenshots/Session 27 - The Inconsequent Debates/Session 27-04.png,,
27,move,assets/world-anvil/screenshots/Session 27/Session 27-05.png,assets/world-anvil/screenshots/Session 27 - The Inconsequent Debates/Session 27-05.png,,
27,move,assets/world-anvil/screenshots/Session 27/Session 27-06.png,assets/world-anvil/screenshots/Session 27 - The Inconsequent Debates/Session 27-06.png,,
27,move,assets/world-anvil/screenshots/Session 27/Session 27-07.png,assets/world-anvil/screenshots/Session 27 - The Inconsequent Debates/Session 27-07.png,,
27,move,assets/world-anvil/screenshots/Session 27/Session 27-08.png,assets/world-anvil/screenshots/Session 27 - The Inconsequent Debates/Session 27-08.png,,
27,move,assets/world-anvil/screenshots/Session 27/Session 27-09.png,assets/world-anvil/screenshots/Session 27 - The Inconsequent Debates/Session 27-09.png,,
27,move,assets/world-anvil/screenshots/Session 27/Session 27-10.png,assets/world-anvil/screenshots/Session 27 - The Inconsequent Debates/Session 27-10.png,,
27,move,assets/world-anvil/screenshots/Session 27/Session 27-11.png,assets/world-anvil/screenshots/Session 27 - The Inconsequent Debates/Session 27-11.png,,
27,move,assets/world-anvil/screenshots/Session 27/Session 27-12.png,assets/world-anvil/screenshots/Session 27 - The Inconsequent Debates/Session 27-12.png,,
27,move,assets/world-anvil/screenshots/Session 27/Session 27-13.png,assets/world-anvil/screenshots/Session 27 - The Inconsequent Debates/Session 27-13.png,,
27,move,assets/world-anvil/screenshots/Session 27/Session 27-14.png,assets/world-anvil/screenshots/Session 27 - The Inconsequent Debates/Session 27-14.png,,
28,move,assets/world-anvil/screenshots/Session 28/Session 28-01.png,assets/world-anvil/screenshots/Session 28 - Source of the Bloom/Session 28-01.png,,
28,move,assets/world-anvil/screenshots/Session 28/Session 28-02.png,assets/world-anvil/screenshots/Session 28 - Source of the Bloom/Session 28-02.png,,
28,move,assets/world-anvil/screenshots/Session 28/Session 28-03.png,assets/world-anvil/screenshots/Session 28 - Source of the Bloom/Session 28-03.png,,
28,move,assets/world-anvil/screenshots/Session 28/Session 28-04.png,assets/world-anvil/screenshots/Session 28 - Source of the Bloom/Session 28-04.png,,
28,move,assets/world-anvil/screenshots/Session 28/Session 28-05.png,assets/world-anvil/screenshots/Session 28 - Source of the Bloom/Session 28-05.png,,
28,move,assets/world-anvil/screenshots/Session 28/Session 28-06.png,assets/world-anvil/screenshots/Session 28 - Source of the Bloom/Session 28-06.png,,
28,move,assets/world-anvil/screenshots/Session 28/Session 28-07.png,assets/world-anvil/screenshots/Session 28 - Source of the Bloom/Session 28-07.png,,
28,move,assets/world-anvil/screenshots/Session 28/Session 28-08.png,assets/world-anvil/screenshots/Session 28 - Source of the Bloom/Session 28-08.png,,
28,move,assets/world-anvil/screenshots/Session 28/Session 28-09.png,assets/world-anvil/screenshots/Session 28 - Source of the Bloom/Session 28-09.png,,
28,move,assets/world-anvil/screenshots/Session 28/Session 28-10.png,assets/world-anvil/screenshots/Session 28 - Source of the Bloom/Session 28-10.png,,
28,move,assets/world-anvil/screenshots/Session 28/Session 28-11.png,assets/world-anvil/screenshots/Session 28 - Source of the Bloom/Session 28-11.png,,
28,move,assets/world-anvil/screenshots/Session 28/Session 28-12.png,assets/world-anvil/screenshots/Session 28 - Source of the Bloom/Session 28-12.png,,
28,move,assets/world-anvil/screenshots/Session 28/Session 28-13.png,assets/world-anvil/screenshots/Session 28 - Source of the Bloom/Session 28-13.png,,
28,move,assets/world-anvil/screenshots/Session 28/Session 28-14.png,assets/world-anvil/screenshots/Session 28 - Source of the Bloom/Session 28-14.png,,
28,move,assets/world-anvil/screenshots/Session 28/Session 28-15.png,assets/world-anvil/screenshots/Session 28 - Source of the Bloom/Session 28-15.png,,
28,move,assets/world-anvil/screenshots/Session 28/Session 28-16.png,assets/world-anvil/screenshots/Session 28 - Source of the Bloom/Session 28-16.png,,
28,move,assets/world-anvil/screenshots/Session 28/Session 28-17.png,assets/world-anvil/screenshots/Session 28 - Source of the Bloom/Session 28-17.png,,
28,move,assets/world-anvil/screenshots/Session 28/Session 28-18.png,assets/world-anvil/screenshots/Session 28 - Source of the Bloom/Session 28-18.png,,
28,move,assets/world-anvil/screenshots/Session 28/Session 28-19.png,assets/world-anvil/screenshots/Session 28 - Source of the Bloom/Session 28-19.png,,
29,move,assets/world-anvil/screenshots/Session 29/Session 29-01.png,assets/world-anvil/screenshots/Session 29 - Aftermath/Session 29-01.png,,
29,move,assets/world-anvil/screenshots/Session 29/Session 29-02.png,assets/world-anvil/screenshots/Session 29 - Aftermath/Session 29-02.png,,
29,move,assets/world-anvil/screenshots/Session 29/Session 29-03.png,assets/world-anvil/screenshots/Session 29 - Aftermath/Session 29-03.png,,
29,move,assets/world-anvil/screenshots/Session 29/Session 29-04.png,assets/world-anvil/screenshots/Session 29 - Aftermath/Session 29-04.png,,
29,move,assets/world-anvil/screenshots/Session 29/Session 29-05.png,assets/world-anvil/screenshots/Session 29 - Aftermath/Session 29-05.png,,
29,move,assets/world-anvil/screenshots/Session 29/Session 29-06.png,assets/world-anvil/screenshots/Session 29 - Aftermath/Session 29-06.png,,
29,move,assets/world-anvil/screenshots/Session 29/Session 29-07.png,assets/world-anvil/screenshots/Session 29 - Aftermath/Session 29-07.png,,
29,move,assets/world-anvil/screenshots/Session 29/Session 29-08.png,assets/world-anvil/screenshots/Session 29 - Aftermath/Session 29-08.png,,
29,move,assets/world-anvil/screenshots/Session 29/Session 29-09.png,assets/world-anvil/screenshots/Session 29 - Aftermath/Session 29-09.png,,
29,move,assets/world-anvil/screenshots/Session 29/Session 29-10.png,assets/world-anvil/screenshots/Session 29 - Aftermath/Session 29-10.png,,
30,move,assets/world-anvil/screenshots/Session 30/Session 30-01.png,assets/world-anvil/screenshots/Session 30 - Valerie S Victory/Session 30-01.png,,
30,move,assets/world-anvil/screenshots/Session 30/Session 30-02.png,assets/world-anvil/screenshots/Session 30 - Valerie S Victory/Session 30-02.png,,
30,move,assets/world-anvil/screenshots/Session 30/Session 30-03.png,assets/world-anvil/screenshots/Session 30 - Valerie S Victory/Session 30-03.png,,
30,move,assets/world-anvil/screenshots/Session 30/Session 30-04.png,assets/world-anvil/screenshots/Session 30 - Valerie S Victory/Session 30-04.png,,
30,move,assets/world-anvil/screenshots/Session 30/Session 30-05.png,assets/world-anvil/screenshots/Session 30 - Valerie S Victory/Session 30-05.png,,
30,move,assets/world-anvil/screenshots/Session 30/Session 30-06.png,assets/world-anvil/screenshots/Session 30 - Valerie S Victory/Session 30-06.png,,
30,move,assets/world-anvil/screenshots/Session 30/Session 30-07.png,assets/world-anvil/screenshots/Session 30 - Valerie S Victory/Session 30-07.png,,
30,move,assets/world-anvil/screenshots/Session 30/Session 30-08.png,assets/world-anvil/screenshots/Session 30 - Valerie S Victory/Session 30-08.png,,
30,move,assets/world-anvil/screenshots/Session 30/Session 30-09.png,assets/world-anvil/screenshots/Session 30 - Valerie S Victory/Session 30-09.png,,
30,move,assets/world-anvil/screenshots/Session 30/Session 30-10.png,assets/world-anvil/screenshots/Session 30 - Valerie S Victory/Session 30-10.png,,
31,move,assets/world-anvil/screenshots/Session 31/Session 31-01.png,assets/world-anvil/screenshots/Session 31 - Varnhold Vanishing/Session 31-01.png,,
31,move,assets/world-anvil/screenshots/Session 31/Session 31-02.png,assets/world-anvil/screenshots/Session 31 - Varnhold Vanishing/Session 31-02.png,,
31,move,assets/world-anvil/screenshots/Session 31/Session 31-03.png,assets/world-anvil/screenshots/Session 31 - Varnhold Vanishing/Session 31-03.png,,
31,move,assets/world-anvil/screenshots/Session 31/Session 31-04.png,assets/world-anvil/screenshots/Session 31 - Varnhold Vanishing/Session 31-04.png,,
31,move,assets/world-anvil/screenshots/Session 31/Session 31-05.png,assets/world-anvil/screenshots/Session 31 - Varnhold Vanishing/Session 31-05.png,,
31,move,assets/world-anvil/screenshots/Session 31/Session 31-06.png,assets/world-anvil/screenshots/Session 31 - Varnhold Vanishing/Session 31-06.png,,
31,move,assets/world-anvil/screenshots/Session 31/Session 31-07.png,assets/world-anvil/screenshots/Session 31 - Varnhold Vanishing/Session 31-07.png,,
31,move,assets/world-anvil/screenshots/Session 31/Session 31-08.png,assets/world-anvil/screenshots/Session 31 - Varnhold Vanishing/Session 31-08.png,,
31,move,assets/world-anvil/screenshots/Session 31/Session 31-09.png,assets/world-anvil/screenshots/Session 31 - Varnhold Vanishing/Session 31-09.png,,
31,move,assets/world-anvil/screenshots/Session 31/Session 31-10.png,assets/world-anvil/screenshots/Session 31 - Varnhold Vanishing/Session 31-10.png,,
31,move,assets/world-anvil/screenshots/Session 31/Session 31-11.png,assets/world-anvil/screenshots/Session 31 - Varnhold Vanishing/Session 31-11.png,,
32,move,assets/world-anvil/screenshots/Session 32/Session 32-01.png,assets/world-anvil/screenshots/Session 32 - Blockhouse Assault/Session 32-01.png,,
32,move,assets/world-anvil/screenshots/Session 32/Session 32-02.png,assets/world-anvil/screenshots/Session 32 - Blockhouse Assault/Session 32-02.png,,
32,move,assets/world-anvil/screenshots/Session 32/Session 32-03.png,assets/world-anvil/screenshots/Session 32 - Blockhouse Assault/Session 32-03.png,,
32,move,assets/world-anvil/screenshots/Session 32/Session 32-04.png,assets/world-anvil/screenshots/Session 32 - Blockhouse Assault/Session 32-04.png,,
32,move,assets/world-anvil/screenshots/Session 32/Session 32-05.png,assets/world-anvil/screenshots/Session 32 - Blockhouse Assault/Session 32-05.png,,
32,move,assets/world-anvil/screenshots/Session 32/Session 32-06.png,assets/world-anvil/screenshots/Session 32 - Blockhouse Assault/Session 32-06.png,,
32,move,assets/world-anvil/screenshots/Session 32/Session 32-07.png,assets/world-anvil/screenshots/Session 32 - Blockhouse Assault/Session 32-07.png,,
32,move,assets/world-anvil/screenshots/Session 32/Session 32-08.png,assets/world-anvil/screenshots/Session 32 - Blockhouse Assault/Session 32-08.png,,
32,move,assets/world-anvil/screenshots/Session 32/Session 32-09.png,assets/world-anvil/screenshots/Session 32 - Blockhouse Assault/Session 32-09.png,,
32,move,assets/world-anvil/screenshots/Session 32/Session 32-10.png,assets/world-anvil/screenshots/Session 32 - Blockhouse Assault/Session 32-10.png,,
32,move,assets/world-anvil/screenshots/Session 32/Session 32-11.png,assets/world-anvil/screenshots/Session 32 - Blockhouse Assault/Session 32-11.png,,
32,move,assets/world-anvil/screenshots/Session 32/Session 32-12.png,assets/world-anvil/screenshots/Session 32 - Blockhouse Assault/Session 32-12.png,,
32,move,assets/world-anvil/screenshots/Session 32/Session 32-13.png,assets/world-anvil/screenshots/Session 32 - Blockhouse Assault/Session 32-13.png,,
32,move,assets/world-anvil/screenshots/Session 32/Session 32-14.png,assets/world-anvil/screenshots/Session 32 - Blockhouse Assault/Session 32-14.png,,
32,move,assets/world-anvil/screenshots/Session 32/Session 32-15.png,assets/world-anvil/screenshots/Session 32 - Blockhouse Assault/Session 32-15.png,,
32,move,assets/world-anvil/screenshots/Session 32/Session 32-16.png,assets/world-anvil/screenshots/Session 32 - Blockhouse Assault/Session 32-16.png,,
32,move,assets/world-anvil/screenshots/Session 32/Session 32-17.png,assets/world-anvil/screenshots/Session 32 - Blockhouse Assault/Session 32-17.png,,
32,move,assets/world-anvil/screenshots/Session 32/Session 32-18.png,assets/world-anvil/screenshots/Session 32 - Blockhouse Assault/Session 32-18.png,,
32,move,assets/world-anvil/screenshots/Session 32/Session 32-19.png,assets/world-anvil/screenshots/Session 32 - Blockhouse Assault/Session 32-19.png,,
32,move,assets/world-anvil/screenshots/Session 32/Session 32-20.png,assets/world-anvil/screenshots/Session 32 - Blockhouse Assault/Session 32-20.png,,
32,move,assets/world-anvil/screenshots/Session 32/Session 32-21.png,assets/world-anvil/screenshots/Session 32 - Blockhouse Assault/Session 32-21.png,,
32,move,assets/world-anvil/screenshots/Session 32/Session 32-22.png,assets/world-anvil/screenshots/Session 32 - Blockhouse Assault/Session 32-22.png,,
32,move,assets/world-anvil/screenshots/Session 32/Session 32-23.png,assets/world-anvil/screenshots/Session 32 - Blockhouse Assault/Session 32-23.png,,
32,move,assets/world-anvil/screenshots/Session 32/Session 32-24.png,assets/world-anvil/screenshots/Session 32 - Blockhouse Assault/Session 32-24.png,,
32,move,assets/world-anvil/screenshots/Session 32/Session 32-25.png,assets/world-anvil/screenshots/Session 32 - Blockhouse Assault/Session 32-25.png,,
32,move,assets/world-anvil/screenshots/Session 32/Session 32-26.png,assets/world-anvil/screenshots/Session 32 - Blockhouse Assault/Session 32-26.png,,
32,move,assets/world-anvil/screenshots/Session 32/Session 32-27.png,assets/world-anvil/screenshots/Session 32 - Blockhouse Assault/Session 32-27.png,,
32,move,assets/world-anvil/screenshots/Session 32/Session 32-28.png,assets/world-anvil/screenshots/Session 32 - Blockhouse Assault/Session 32-28.png,,
33,move,assets/world-anvil/screenshots/Session 33/Session 33-01.png,assets/world-anvil/screenshots/Session 33 - Blockhouse Assault Cracking the Fortress/Session 33-01.png,,
33,move,assets/world-anvil/screenshots/Session 33/Session 33-02.png,assets/world-anvil/screenshots/Session 33 - Blockhouse Assault Cracking the Fortress/Session 33-02.png,,
33,move,assets/world-anvil/screenshots/Session 33/Session 33-03.png,assets/world-anvil/screenshots/Session 33 - Blockhouse Assault Cracking the Fortress/Session 33-03.png,,
33,move,assets/world-anvil/screenshots/Session 33/Session 33-04.png,assets/world-anvil/screenshots/Session 33 - Blockhouse Assault Cracking the Fortress/Session 33-04.png,,
33,move,assets/world-anvil/screenshots/Session 33/Session 33-05.png,assets/world-anvil/screenshots/Session 33 - Blockhouse Assault Cracking the Fortress/Session 33-05.png,,
33,move,assets/world-anvil/screenshots/Session 33/Session 33-06.png,assets/world-anvil/screenshots/Session 33 - Blockhouse Assault Cracking the Fortress/Session 33-06.png,,
33,move,assets/world-anvil/screenshots/Session 33/Session 33-07.png,assets/world-anvil/screenshots/Session 33 - Blockhouse Assault Cracking the Fortress/Session 33-07.png,,
33,move,assets/world-anvil/screenshots/Session 33/Session 33-08.png,assets/world-anvil/screenshots/Session 33 - Blockhouse Assault Cracking the Fortress/Session 33-08.png,,
33,move,assets/world-anvil/screenshots/Session 33/Session 33-09.png,assets/world-anvil/screenshots/Session 33 - Blockhouse Assault Cracking the Fortress/Session 33-09.png,,
33,move,assets/world-anvil/screenshots/Session 33/Session 33-10.png,assets/world-anvil/screenshots/Session 33 - Blockhouse Assault Cracking the Fortress/Session 33-10.png,,
33,move,assets/world-anvil/screenshots/Session 33/Session 33-12.png,assets/world-anvil/screenshots/Session 33 - Blockhouse Assault Cracking the Fortress/Session 33-12.png,,
33,move,assets/world-anvil/screenshots/Session 33/Session 33-13.png,assets/world-anvil/screenshots/Session 33 - Blockhouse Assault Cracking the Fortress/Session 33-13.png,,
33,move,assets/world-anvil/screenshots/Session 33/Session 33-14.png,assets/world-anvil/screenshots/Session 33 - Blockhouse Assault Cracking the Fortress/Session 33-14.png,,
34,move,assets/world-anvil/screenshots/Session 34/Session 34-01.png,assets/world-anvil/screenshots/Session 34 - Into the Valley of Death/Session 34-01.png,,
34,move,assets/world-anvil/screenshots/Session 34/Session 34-02.png,assets/world-anvil/screenshots/Session 34 - Into the Valley of Death/Session 34-02.png,,
34,move,assets/world-anvil/screenshots/Session 34/Session 34-03.png,assets/world-anvil/screenshots/Session 34 - Into the Valley of Death/Session 34-03.png,,
34,move,assets/world-anvil/screenshots/Session 34/Session 34-04.png,assets/world-anvil/screenshots/Session 34 - Into the Valley of Death/Session 34-04.png,,
34,move,assets/world-anvil/screenshots/Session 34/Session 34-05.png,assets/world-anvil/screenshots/Session 34 - Into the Valley of Death/Session 34-05.png,,
34,move,assets/world-anvil/screenshots/Session 34/Session 34-06.png,assets/world-anvil/screenshots/Session 34 - Into the Valley of Death/Session 34-06.png,,
34,move,assets/world-anvil/screenshots/Session 34/Session 34-07.png,assets/world-anvil/screenshots/Session 34 - Into the Valley of Death/Session 34-07.png,,
34,move,assets/world-anvil/screenshots/Session 34/Session 34-08.png,assets/world-anvil/screenshots/Session 34 - Into the Valley of Death/Session 34-08.png,,
34,move,assets/world-anvil/screenshots/Session 34/Session 34-09.png,assets/world-anvil/screenshots/Session 34 - Into the Valley of Death/Session 34-09.png,,
34,move,assets/world-anvil/screenshots/Session 34/Session 34-10.png,assets/world-anvil/screenshots/Session 34 - Into the Valley of Death/Session 34-10.png,,
35,move,assets/world-anvil/screenshots/Session 35/Session 35-01.png,assets/world-anvil/screenshots/Session 35 - Into Vordakai S Tomb/Session 35-01.png,,
35,move,assets/world-anvil/screenshots/Session 35/Session 35-02.png,assets/world-anvil/screenshots/Session 35 - Into Vordakai S Tomb/Session 35-02.png,,
35,move,assets/world-anvil/screenshots/Session 35/Session 35-03.png,assets/world-anvil/screenshots/Session 35 - Into Vordakai S Tomb/Session 35-03.png,,
35,move,assets/world-anvil/screenshots/Session 35/Session 35-04.png,assets/world-anvil/screenshots/Session 35 - Into Vordakai S Tomb/Session 35-04.png,,
35,move,assets/world-anvil/screenshots/Session 35/Session 35-05.png,assets/world-anvil/screenshots/Session 35 - Into Vordakai S Tomb/Session 35-05.png,,
35,move,assets/world-anvil/screenshots/Session 35/Session 35-06.png,assets/world-anvil/screenshots/Session 35 - Into Vordakai S Tomb/Session 35-06.png,,
35,move,assets/world-anvil/screenshots/Session 35/Session 35-07.png,assets/world-anvil/screenshots/Session 35 - Into Vordakai S Tomb/Session 35-07.png,,
35,move,assets/world-anvil/screenshots/Session 35/Session 35-08.png,assets/world-anvil/screenshots/Session 35 - Into Vordakai S Tomb/Session 35-08.png,,
35,move,assets/world-anvil/screenshots/Session 35/Session 35-09.png,assets/world-anvil/screenshots/Session 35 - Into Vordakai S Tomb/Session 35-09.png,,
35,move,assets/world-anvil/screenshots/Session 35/Session 35-10.png,assets/world-anvil/screenshots/Session 35 - Into Vordakai S Tomb/Session 35-10.png,,
35,move,assets/world-anvil/screenshots/Session 35/Session 35-11.png,assets/world-anvil/screenshots/Session 35 - Into Vordakai S Tomb/Session 35-11.png,,
35,move,assets/world-anvil/screenshots/Session 35/Session 35-12.png,assets/world-anvil/screenshots/Session 35 - Into Vordakai S Tomb/Session 35-12.png,,
35,move,assets/world-anvil/screenshots/Session 35/Session 35-13.png,assets/world-anvil/screenshots/Session 35 - Into Vordakai S Tomb/Session 35-13.png,,
35,move,assets/world-anvil/screenshots/Session 35/Session 35-14.png,assets/world-anvil/screenshots/Session 35 - Into Vordakai S Tomb/Session 35-14.png,,
35,move,assets/world-anvil/screenshots/Session 35/Session 35-15.png,assets/world-anvil/screenshots/Session 35 - Into Vordakai S Tomb/Session 35-15.png,,
35,move,assets/world-anvil/screenshots/Session 35/Session 35-16.png,assets/world-anvil/screenshots/Session 35 - Into Vordakai S Tomb/Session 35-16.png,,
35,move,assets/world-anvil/screenshots/Session 35/Session 35-17.png,assets/world-anvil/screenshots/Session 35 - Into Vordakai S Tomb/Session 35-17.png,,
36,move,assets/world-anvil/screenshots/Session 36/Ant and the Eye.png,assets/world-anvil/screenshots/Session 36 - Vordakai S End/Ant and the Eye.png,,
36,move,assets/world-anvil/screenshots/Session 36/Dragonflies.png,assets/world-anvil/screenshots/Session 36 - Vordakai S End/Dragonflies.png,,
36,move,assets/world-anvil/screenshots/Session 36/Session 36-01.png,assets/world-anvil/screenshots/Session 36 - Vordakai S End/Session 36-01.png,,
36,move,assets/world-anvil/screenshots/Session 36/Session 36-02.png,assets/world-anvil/screenshots/Session 36 - Vordakai S End/Session 36-02.png,,
36,move,assets/world-anvil/screenshots/Session 36/Session 36-03.png,assets/world-anvil/screenshots/Session 36 - Vordakai S End/Session 36-03.png,,
36,move,assets/world-anvil/screenshots/Session 36/Session 36-04.png,assets/world-anvil/screenshots/Session 36 - Vordakai S End/Session 36-04.png,,
36,move,assets/world-anvil/screenshots/Session 36/Session 36-05.png,assets/world-anvil/screenshots/Session 36 - Vordakai S End/Session 36-05.png,,
36,move,assets/world-anvil/screenshots/Session 36/Session 36-06.png,assets/world-anvil/screenshots/Session 36 - Vordakai S End/Session 36-06.png,,
36,move,assets/world-anvil/screenshots/Session 36/Session 36-07.png,assets/world-anvil/screenshots/Session 36 - Vordakai S End/Session 36-07.png,,
36,move,assets/world-anvil/screenshots/Session 36/Session 36-08.png,assets/world-anvil/screenshots/Session 36 - Vordakai S End/Session 36-08.png,,
36,move,assets/world-anvil/screenshots/Session 36/Session 36-09.png,assets/world-anvil/screenshots/Session 36 - Vordakai S End/Session 36-09.png,,
36,move,assets/world-anvil/screenshots/Session 36/Session 36-10.png,assets/world-anvil/screenshots/Session 36 - Vordakai S End/Session 36-10.png,,
36,move,assets/world-anvil/screenshots/Session 36/Session 36-11.png,assets/world-anvil/screenshots/Session 36 - Vordakai S End/Session 36-11.png,,
36,move,assets/world-anvil/screenshots/Session 36/Session 36-12.png,assets/world-anvil/screenshots/Session 36 - Vordakai S End/Session 36-12.png,,
36,move,assets/world-anvil/screenshots/Session 36/Session 36-13.png,assets/world-anvil/screenshots/Session 36 - Vordakai S End/Session 36-13.png,,
36,move,assets/world-anvil/screenshots/Session 36/Session 36-14.png,assets/world-anvil/screenshots/Session 36 - Vordakai S End/Session 36-14.png,,
36,move,assets/world-anvil/screenshots/Session 36/Session 36-15.png,assets/world-anvil/screenshots/Session 36 - Vordakai S End/Session 36-15.png,,
37,move,assets/world-anvil/screenshots/Session 37/Session 37-01.png,assets/world-anvil/screenshots/Session 37 - A Year of Peace/Session 37-01.png,,
37,move,assets/world-anvil/screenshots/Session 37/Session 37-02.png,assets/world-anvil/screenshots/Session 37 - A Year of Peace/Session 37-02.png,,
37,move,assets/world-anvil/screenshots/Session 37/Session 37-03.png,assets/world-anvil/screenshots/Session 37 - A Year of Peace/Session 37-03.png,,
37,move,assets/world-anvil/screenshots/Session 37/Session 37-04.png,assets/world-anvil/screenshots/Session 37 - A Year of Peace/Session 37-04.png,,
37,move,assets/world-anvil/screenshots/Session 37/Session 37-05.png,assets/world-anvil/screenshots/Session 37 - A Year of Peace/Session 37-05.png,,
37,move,assets/world-anvil/screenshots/Session 37/Session 37-06.png,assets/world-anvil/screenshots/Session 37 - A Year of Peace/Session 37-06.png,,
37,move,assets/world-anvil/screenshots/Session 37/Session 37-07.png,assets/world-anvil/screenshots/Session 37 - A Year of Peace/Session 37-07.png,,
37,move,assets/world-anvil/screenshots/Session 37/Session 37-08.png,assets/world-anvil/screenshots/Session 37 - A Year of Peace/Session 37-08.png,,
37,move,assets/world-anvil/screenshots/Session 37/Session 37-09.png,assets/world-anvil/screenshots/Session 37 - A Year of Peace/Session 37-09.png,,
37,move,assets/world-anvil/screenshots/Session 37/Session 37-10.png,assets/world-anvil/screenshots/Session 37 - A Year of Peace/Session 37-10.png,,
37,move,assets/world-anvil/screenshots/Session 37/Session 37-11.png,assets/world-anvil/screenshots/Session 37 - A Year of Peace/Session 37-11.png,,
37,move,assets/world-anvil/screenshots/Session 37/Session 37-12.png,assets/world-anvil/screenshots/Session 37 - A Year of Peace/Session 37-12.png,,
38,move,assets/world-anvil/screenshots/Session 38/Session 38-01.png,assets/world-anvil/screenshots/Session 38 - The Fall of M Botuu/Session 38-01.png,,
38,move,assets/world-anvil/screenshots/Session 38/Session 38-02.png,assets/world-anvil/screenshots/Session 38 - The Fall of M Botuu/Session 38-02.png,,
38,move,assets/world-anvil/screenshots/Session 38/Session 38-04.png,assets/world-anvil/screenshots/Session 38 - The Fall of M Botuu/Session 38-04.png,,
38,move,assets/world-anvil/screenshots/Session 38/Session 38-05.png,assets/world-anvil/screenshots/Session 38 - The Fall of M Botuu/Session 38-05.png,,
38,move,assets/world-anvil/screenshots/Session 38/Session 38-06.png,assets/world-anvil/screenshots/Session 38 - The Fall of M Botuu/Session 38-06.png,,
38,move,assets/world-anvil/screenshots/Session 38/Session 38-07.png,assets/world-anvil/screenshots/Session 38 - The Fall of M Botuu/Session 38-07.png,,
38,move,assets/world-anvil/screenshots/Session 38/Session 38-08.png,assets/world-anvil/screenshots/Session 38 - The Fall of M Botuu/Session 38-08.png,,
38,move,assets/world-anvil/screenshots/Session 38/Session 38-09.png,assets/world-anvil/screenshots/Session 38 - The Fall of M Botuu/Session 38-09.png,,
38,move,assets/world-anvil/screenshots/Session 38/Session 38-10.png,assets/world-anvil/screenshots/Session 38 - The Fall of M Botuu/Session 38-10.png,,
38,move,assets/world-anvil/screenshots/Session 38/Session 38-11.png,assets/world-anvil/screenshots/Session 38 - The Fall of M Botuu/Session 38-11.png,,
38,move,assets/world-anvil/screenshots/Session 38/Session 38-12.png,assets/world-anvil/screenshots/Session 38 - The Fall of M Botuu/Session 38-12.png,,
38,move,assets/world-anvil/screenshots/Session 38/Session 38-13.png,assets/world-anvil/screenshots/Session 38 - The Fall of M Botuu/Session 38-13.png,,
38,move,assets/world-anvil/screenshots/Session 38/Session 38-14.png,assets/world-anvil/screenshots/Session 38 - The Fall of M Botuu/Session 38-14.png,,
38,move,assets/world-anvil/screenshots/Session 38/Session 38-15.png,assets/world-anvil/screenshots/Session 38 - The Fall of M Botuu/Session 38-15.png,,
38,move,assets/world-anvil/screenshots/Session 38/Session 38-16.png,assets/world-anvil/screenshots/Session 38 - The Fall of M Botuu/Session 38-16.png,,
38,move,assets/world-anvil/screenshots/Session 38/Session 38-17.png,assets/world-anvil/screenshots/Session 38 - The Fall of M Botuu/Session 38-17.png,,
38,move,assets/world-anvil/screenshots/Session 38/Session 38-18.png,assets/world-anvil/screenshots/Session 38 - The Fall of M Botuu/Session 38-18.png,,
38,move,assets/world-anvil/screenshots/Session 38/Session 38-19.png,assets/world-anvil/screenshots/Session 38 - The Fall of M Botuu/Session 38-19.png,,
38,move,assets/world-anvil/screenshots/Session 38/Session 38-20.png,assets/world-anvil/screenshots/Session 38 - The Fall of M Botuu/Session 38-20.png,,
38,move,assets/world-anvil/screenshots/Session 38/Session 38-21.png,assets/world-anvil/screenshots/Session 38 - The Fall of M Botuu/Session 38-21.png,,
38,move,assets/world-anvil/screenshots/Session 38/Session 38-22.png,assets/world-anvil/screenshots/Session 38 - The Fall of M Botuu/Session 38-22.png,,
38,move,assets/world-anvil/screenshots/Session 38/Session 38-23.png,assets/world-anvil/screenshots/Session 38 - The Fall of M Botuu/Session 38-23.png,,
38,move,assets/world-anvil/screenshots/Session 38/Session 38-24.png,assets/world-anvil/screenshots/Session 38 - The Fall of M Botuu/Session 38-24.png,,
38,move,assets/world-anvil/screenshots/Session 38/Session 38-25.png,assets/world-anvil/screenshots/Session 38 - The Fall of M Botuu/Session 38-25.png,,
38,move,assets/world-anvil/screenshots/Session 38/Session 38-26.png,assets/world-anvil/screenshots/Session 38 - The Fall of M Botuu/Session 38-26.png,,
38,move,assets/world-anvil/screenshots/Session 38/Session 38-27.png,assets/world-anvil/screenshots/Session 38 - The Fall of M Botuu/Session 38-27.png,,
38,move,assets/world-anvil/screenshots/Session 38/Session 38-28.png,assets/world-anvil/screenshots/Session 38 - The Fall of M Botuu/Session 38-28.png,,
39,move,assets/world-anvil/screenshots/Session 39/Session 39-01.png,assets/world-anvil/screenshots/Session 39 - The Fall of Talon Peak/Session 39-01.png,,
39,move,assets/world-anvil/screenshots/Session 39/Session 39-02.png,assets/world-anvil/screenshots/Session 39 - The Fall of Talon Peak/Session 39-02.png,,
39,move,assets/world-anvil/screenshots/Session 39/Session 39-03.png,assets/world-anvil/screenshots/Session 39 - The Fall of Talon Peak/Session 39-03.png,,
39,move,assets/world-anvil/screenshots/Session 39/Session 39-04.png,assets/world-anvil/screenshots/Session 39 - The Fall of Talon Peak/Session 39-04.png,,
39,move,assets/world-anvil/screenshots/Session 39/Session 39-05.png,assets/world-anvil/screenshots/Session 39 - The Fall of Talon Peak/Session 39-05.png,,
39,move,assets/world-anvil/screenshots/Session 39/Session 39-06.png,assets/world-anvil/screenshots/Session 39 - The Fall of Talon Peak/Session 39-06.png,,
39,move,assets/world-anvil/screenshots/Session 39/Session 39-07.png,assets/world-anvil/screenshots/Session 39 - The Fall of Talon Peak/Session 39-07.png,,
39,move,assets/world-anvil/screenshots/Session 39/Session 39-08.png,assets/world-anvil/screenshots/Session 39 - The Fall of Talon Peak/Session 39-08.png,,
39,move,assets/world-anvil/screenshots/Session 39/Session 39-09.png,assets/world-anvil/screenshots/Session 39 - The Fall of Talon Peak/Session 39-09.png,,
39,move,assets/world-anvil/screenshots/Session 39/Session 39-10.png,assets/world-anvil/screenshots/Session 39 - The Fall of Talon Peak/Session 39-10.png,,
39,move,assets/world-anvil/screenshots/Session 39/Session 39-11.png,assets/world-anvil/screenshots/Session 39 - The Fall of Talon Peak/Session 39-11.png,,
39,move,assets/world-anvil/screenshots/Session 39/Session 39-12.png,assets/world-anvil/screenshots/Session 39 - The Fall of Talon Peak/Session 39-12.png,,
39,move,assets/world-anvil/screenshots/Session 39/Session 39-13.png,assets/world-anvil/screenshots/Session 39 - The Fall of Talon Peak/Session 39-13.png,,
39,move,assets/world-anvil/screenshots/Session 39/Session 39-14.png,assets/world-anvil/screenshots/Session 39 - The Fall of Talon Peak/Session 39-14.png,,
39,move,assets/world-anvil/screenshots/Session 39/Session 39-15.png,assets/world-anvil/screenshots/Session 39 - The Fall of Talon Peak/Session 39-15.png,,
39,move,assets/world-anvil/screenshots/Session 39/Session 39-16.png,assets/world-anvil/screenshots/Session 39 - The Fall of Talon Peak/Session 39-16.png,,
39,move,assets/world-anvil/screenshots/Session 39/Session 39-17.png,assets/world-anvil/screenshots/Session 39 - The Fall of Talon Peak/Session 39-17.png,,
39,move,assets/world-anvil/screenshots/Session 39/Session 39-18.png,assets/world-anvil/screenshots/Session 39 - The Fall of Talon Peak/Session 39-18.png,,
39,move,assets/world-anvil/screenshots/Session 39/Session 39-19.png,assets/world-anvil/screenshots/Session 39 - The Fall of Talon Peak/Session 39-19.png,,
39,move,assets/world-anvil/screenshots/Session 39/Session 39-20.png,assets/world-anvil/screenshots/Session 39 - The Fall of Talon Peak/Session 39-20.png,,
39,move,assets/world-anvil/screenshots/Session 39/Session 39-21.png,assets/world-anvil/screenshots/Session 39 - The Fall of Talon Peak/Session 39-21.png,,
39,move,assets/world-anvil/screenshots/Session 39/Session 39-22.png,assets/world-anvil/screenshots/Session 39 - The Fall of Talon Peak/Session 39-22.png,,
39,move,assets/world-anvil/screenshots/Session 39/Session 39-23.png,assets/world-anvil/screenshots/Session 39 - The Fall of Talon Peak/Session 39-23.png,,
39,move,assets/world-anvil/screenshots/Session 39/Session 39-24.png,assets/world-anvil/screenshots/Session 39 - The Fall of Talon Peak/Session 39-24.png,,
39,move,assets/world-anvil/screenshots/Session 39/Session 39-25.png,assets/world-anvil/screenshots/Session 39 - The Fall of Talon Peak/Session 39-25.png,,
39,move,assets/world-anvil/screenshots/Session 39/Session 39-26.png,assets/world-anvil/screenshots/Session 39 - The Fall of Talon Peak/Session 39-26.png,,
39,move,assets/world-anvil/screenshots/Session 39/Session 39-27.png,assets/world-anvil/screenshots/Session 39 - The Fall of Talon Peak/Session 39-27.png,,
39,move,assets/world-anvil/screenshots/Session 39/Session 39-28.png,assets/world-anvil/screenshots/Session 39 - The Fall of Talon Peak/Session 39-28.png,,
39,move,assets/world-anvil/screenshots/Session 39/Session 39-29.png,assets/world-anvil/screenshots/Session 39 - The Fall of Talon Peak/Session 39-29.png,,
39,move,assets/world-anvil/screenshots/Session 39/Session 39-30.png,assets/world-anvil/screenshots/Session 39 - The Fall of Talon Peak/Session 39-30.png,,
39,move,assets/world-anvil/screenshots/Session 39/Session 39-31.png,assets/world-anvil/screenshots/Session 39 - The Fall of Talon Peak/Session 39-31.png,,
39,move,assets/world-anvil/screenshots/Session 39/Session 39-32.png,assets/world-anvil/screenshots/Session 39 - The Fall of Talon Peak/Session 39-32.png,,
39,move,assets/world-anvil/screenshots/Session 39/Session 39-33.png,assets/world-anvil/screenshots/Session 39 - The Fall of Talon Peak/Session 39-33.png,,
39,move,assets/world-anvil/screenshots/Session 39/Session 39-34.png,assets/world-anvil/screenshots/Session 39 - The Fall of Talon Peak/Session 39-34.png,,
39,move,assets/world-anvil/screenshots/Session 39/Session 39-35.png,assets/world-anvil/screenshots/Session 39 - The Fall of Talon Peak/Session 39-35.png,,
39,move,assets/world-anvil/screenshots/Session 39/Session 39-36.png,assets/world-anvil/screenshots/Session 39 - The Fall of Talon Peak/Session 39-36.png,,
40,move,assets/world-anvil/screenshots/Session 40/Session 40-01.webp,assets/world-anvil/screenshots/Session 40 - Back into the Slough/Session 40-01.webp,,
40,move,assets/world-anvil/screenshots/Session 40/Session 40-02.webp,assets/world-anvil/screenshots/Session 40 - Back into the Slough/Session 40-02.webp,,
40,move,assets/world-anvil/screenshots/Session 40/Session 40-03.webp,assets/world-anvil/screenshots/Session 40 - Back into the Slough/Session 40-03.webp,,
40,move,assets/world-anvil/screenshots/Session 40/Session 40-04.webp,assets/world-anvil/screenshots/Session 40 - Back into the Slough/Session 40-04.webp,,
40,move,assets/world-anvil/screenshots/Session 40/Session 40-05.webp,assets/world-anvil/screenshots/Session 40 - Back into the Slough/Session 40-05.webp,,
40,move,assets/world-anvil/screenshots/Session 40/Session 40-06.webp,assets/world-anvil/screenshots/Session 40 - Back into the Slough/Session 40-06.webp,,
40,move,assets/world-anvil/screenshots/Session 40/Session 40-07.webp,assets/world-anvil/screenshots/Session 40 - Back into the Slough/Session 40-07.webp,,
40,move,assets/world-anvil/screenshots/Session 40/Session 40-08.webp,assets/world-anvil/screenshots/Session 40 - Back into the Slough/Session 40-08.webp,,
40,move,assets/world-anvil/screenshots/Session 40/Session 40-09.webp,assets/world-anvil/screenshots/Session 40 - Back into the Slough/Session 40-09.webp,,
40,move,assets/world-anvil/screenshots/Session 40/Session 40-10.webp,assets/world-anvil/screenshots/Session 40 - Back into the Slough/Session 40-10.webp,,
40,move,assets/world-anvil/screenshots/Session 40/Session 40-11.webp,assets/world-anvil/screenshots/Session 40 - Back into the Slough/Session 40-11.webp,,
40,move,assets/world-anvil/screenshots/Session 40/Session 40-12.webp,assets/world-anvil/screenshots/Session 40 - Back into the Slough/Session 40-12.webp,,
40,move,assets/world-anvil/screenshots/Session 40/Session 40-13.webp,assets/world-anvil/screenshots/Session 40 - Back into the Slough/Session 40-13.webp,,
40,move,assets/world-anvil/screenshots/Session 40/Session 40-14.webp,assets/world-anvil/screenshots/Session 40 - Back into the Slough/Session 40-14.webp,,
40,move,assets/world-anvil/screenshots/Session 40/Session 40-15.webp,assets/world-anvil/screenshots/Session 40 - Back into the Slough/Session 40-15.webp,,
40,move,assets/world-anvil/screenshots/Session 40/Session 40-16.webp,assets/world-anvil/screenshots/Session 40 - Back into the Slough/Session 40-16.webp,,
40,move,assets/world-anvil/screenshots/Session 40/Session 40-17.webp,assets/world-anvil/screenshots/Session 40 - Back into the Slough/Session 40-17.webp,,
40,move,assets/world-anvil/screenshots/Session 40/Session 40-18.webp,assets/world-anvil/screenshots/Session 40 - Back into the Slough/Session 40-18.webp,,
40,move,assets/world-anvil/screenshots/Session 40/Session 40-19.webp,assets/world-anvil/screenshots/Session 40 - Back into the Slough/Session 40-19.webp,,
40,move,assets/world-anvil/screenshots/Session 40/Session 40-20.webp,assets/world-anvil/screenshots/Session 40 - Back into the Slough/Session 40-20.webp,,
40,move,assets/world-anvil/screenshots/Session 40/Session 40-21.webp,assets/world-anvil/screenshots/Session 40 - Back into the Slough/Session 40-21.webp,,
40,move,assets/world-anvil/screenshots/Session 40/Session 40-22.webp,assets/world-anvil/screenshots/Session 40 - Back into the Slough/Session 40-22.webp,,
40,move,assets/world-anvil/screenshots/Session 40/Session 40-23.webp,assets/world-anvil/screenshots/Session 40 - Back into the Slough/Session 40-23.webp,,
41,move,assets/world-anvil/screenshots/Session 41/Session 41-01.jpg,assets/world-anvil/screenshots/Session 41 - The Seige of Tatzlford/Session 41-01.jpg,,
41,move,assets/world-anvil/screenshots/Session 41/Session 41-02.jpg,assets/world-anvil/screenshots/Session 41 - The Seige of Tatzlford/Session 41-02.jpg,,
41,move,assets/world-anvil/screenshots/Session 41/Session 41-03.jpg,assets/world-anvil/screenshots/Session 41 - The Seige of Tatzlford/Session 41-03.jpg,,
41,move,assets/world-anvil/screenshots/Session 41/Session 41-04.jpg,assets/world-anvil/screenshots/Session 41 - The Seige of Tatzlford/Session 41-04.jpg,,
41,move,assets/world-anvil/screenshots/Session 41/Session 41-05.jpg,assets/world-anvil/screenshots/Session 41 - The Seige of Tatzlford/Session 41-05.jpg,,
41,move,assets/world-anvil/screenshots/Session 41/Session 41-06.jpg,assets/world-anvil/screenshots/Session 41 - The Seige of Tatzlford/Session 41-06.jpg,,
41,move,assets/world-anvil/screenshots/Session 41/Session 41-07.jpg,assets/world-anvil/screenshots/Session 41 - The Seige of Tatzlford/Session 41-07.jpg,,
41,move,assets/world-anvil/screenshots/Session 41/Session 41-08.jpg,assets/world-anvil/screenshots/Session 41 - The Seige of Tatzlford/Session 41-08.jpg,,
41,move,assets/world-anvil/screenshots/Session 41/Session 41-09.jpg,assets/world-anvil/screenshots/Session 41 - The Seige of Tatzlford/Session 41-09.jpg,,
41,move,assets/world-anvil/screenshots/Session 41/Session 41-10.jpg,assets/world-anvil/screenshots/Session 41 - The Seige of Tatzlford/Session 41-10.jpg,,
42,move,assets/world-anvil/screenshots/Session 42/Session 42-01.png,assets/world-anvil/screenshots/Session 42 - The Fire Beneath Drelev/Session 42-01.png,,
42,move,assets/world-anvil/screenshots/Session 42/Session 42-02.png,assets/world-anvil/screenshots/Session 42 - The Fire Beneath Drelev/Session 42-02.png,,
42,move,assets/world-anvil/screenshots/Session 42/Session 42-03.jpg,assets/world-anvil/screenshots/Session 42 - The Fire Beneath Drelev/Session 42-03.jpg,,
42,move,assets/world-anvil/screenshots/Session 42/Session 42-04.jpg,assets/world-anvil/screenshots/Session 42 - The Fire Beneath Drelev/Session 42-04.jpg,,
42,move,assets/world-anvil/screenshots/Session 42/Session 42-05.jpg,assets/world-anvil/screenshots/Session 42 - The Fire Beneath Drelev/Session 42-05.jpg,,
42,move,assets/world-anvil/screenshots/Session 42/Session 42-06.jpg,assets/world-anvil/screenshots/Session 42 - The Fire Beneath Drelev/Session 42-06.jpg,,
42,move,assets/world-anvil/screenshots/Session 42/Session 42-07.jpg,assets/world-anvil/screenshots/Session 42 - The Fire Beneath Drelev/Session 42-07.jpg,,
42,move,assets/world-anvil/screenshots/Session 42/Session 42-08.jpg,assets/world-anvil/screenshots/Session 42 - The Fire Beneath Drelev/Session 42-08.jpg,,
42,move,assets/world-anvil/screenshots/Session 42/Session 42-09.jpg,assets/world-anvil/screenshots/Session 42 - The Fire Beneath Drelev/Session 42-09.jpg,,
42,move,assets/world-anvil/screenshots/Session 42/Session 42-10.jpg,assets/world-anvil/screenshots/Session 42 - The Fire Beneath Drelev/Session 42-10.jpg,,
42,move,assets/world-anvil/screenshots/Session 42/Session 42-11.jpg,assets/world-anvil/screenshots/Session 42 - The Fire Beneath Drelev/Session 42-11.jpg,,
42,move,assets/world-anvil/screenshots/Session 42/Session 42-12.jpg,assets/world-anvil/screenshots/Session 42 - The Fire Beneath Drelev/Session 42-12.jpg,,
42,move,assets/world-anvil/screenshots/Session 42/Session 42-13.jpg,assets/world-anvil/screenshots/Session 42 - The Fire Beneath Drelev/Session 42-13.jpg,,
42,move,assets/world-anvil/screenshots/Session 42/Session 42-14.jpg,assets/world-anvil/screenshots/Session 42 - The Fire Beneath Drelev/Session 42-14.jpg,,
42,move,assets/world-anvil/screenshots/Session 42/Session 42-15.jpg,assets/world-anvil/screenshots/Session 42 - The Fire Beneath Drelev/Session 42-15.jpg,,
42,move,assets/world-anvil/screenshots/Session 42/Session 42-16.jpg,assets/world-anvil/screenshots/Session 42 - The Fire Beneath Drelev/Session 42-16.jpg,,
42,move,assets/world-anvil/screenshots/Session 42/Session 42-17.jpg,assets/world-anvil/screenshots/Session 42 - The Fire Beneath Drelev/Session 42-17.jpg,,
42,move,assets/world-anvil/screenshots/Session 42/Session 42-18.jpg,assets/world-anvil/screenshots/Session 42 - The Fire Beneath Drelev/Session 42-18.jpg,,
42,move,assets/world-anvil/screenshots/Session 42/Session 42-19.jpg,assets/world-anvil/screenshots/Session 42 - The Fire Beneath Drelev/Session 42-19.jpg,,
42,move,assets/world-anvil/screenshots/Session 42/Session 42-20.jpg,assets/world-anvil/screenshots/Session 42 - The Fire Beneath Drelev/Session 42-20.jpg,,
42,move,assets/world-anvil/screenshots/Session 42/Session 42-21.jpg,assets/world-anvil/screenshots/Session 42 - The Fire Beneath Drelev/Session 42-21.jpg,,
42,move,assets/world-anvil/screenshots/Session 42/Session 42-22.jpg,assets/world-anvil/screenshots/Session 42 - The Fire Beneath Drelev/Session 42-22.jpg,,
42,move,assets/world-anvil/screenshots/Session 42/Session 42-23.jpg,assets/world-anvil/screenshots/Session 42 - The Fire Beneath Drelev/Session 42-23.jpg,,
42,move,assets/world-anvil/screenshots/Session 42/Session 42-24.jpg,assets/world-anvil/screenshots/Session 42 - The Fire Beneath Drelev/Session 42-24.jpg,,
42,move,assets/world-anvil/screenshots/Session 42/Session 42-25.jpg,assets/world-anvil/screenshots/Session 42 - The Fire Beneath Drelev/Session 42-25.jpg,,
42,move,assets/world-anvil/screenshots/Session 42/Session 42-26.jpg,assets/world-anvil/screenshots/Session 42 - The Fire Beneath Drelev/Session 42-26.jpg,,
42,move,assets/world-anvil/screenshots/Session 42/Session 42-27.jpg,assets/world-anvil/screenshots/Session 42 - The Fire Beneath Drelev/Session 42-27.jpg,,
42,move,assets/world-anvil/screenshots/Session 42/Session 42-28.jpg,assets/world-anvil/screenshots/Session 42 - The Fire Beneath Drelev/Session 42-28.jpg,,
42,move,assets/world-anvil/screenshots/Session 42/Session 42-29.jpg,assets/world-anvil/screenshots/Session 42 - The Fire Beneath Drelev/Session 42-29.jpg,,
42,move,assets/world-anvil/screenshots/Session 42/Session 42-30.jpg,assets/world-anvil/screenshots/Session 42 - The Fire Beneath Drelev/Session 42-30.jpg,,
42,move,assets/world-anvil/screenshots/Session 42/Session 42-31.jpg,assets/world-anvil/screenshots/Session 42 - The Fire Beneath Drelev/Session 42-31.jpg,,
42,move,assets/world-anvil/screenshots/Session 42/Session 42-32.jpg,assets/world-anvil/screenshots/Session 42 - The Fire Beneath Drelev/Session 42-32.jpg,,
42,move,assets/world-anvil/screenshots/Session 42/Session 42-33.jpg,assets/world-anvil/screenshots/Session 42 - The Fire Beneath Drelev/Session 42-33.jpg,,
43,move,assets/world-anvil/screenshots/Session 43/Session 43-01.png,assets/world-anvil/screenshots/Session 43 - The Fall of Fort Drelev/Session 43-01.png,,
43,move,assets/world-anvil/screenshots/Session 43/Session 43-02.png,assets/world-anvil/screenshots/Session 43 - The Fall of Fort Drelev/Session 43-02.png,,
43,move,assets/world-anvil/screenshots/Session 43/Session 43-03.png,assets/world-anvil/screenshots/Session 43 - The Fall of Fort Drelev/Session 43-03.png,,
43,move,assets/world-anvil/screenshots/Session 43/Session 43-04.png,assets/world-anvil/screenshots/Session 43 - The Fall of Fort Drelev/Session 43-04.png,,
43,move,assets/world-anvil/screenshots/Session 43/Session 43-05.png,assets/world-anvil/screenshots/Session 43 - The Fall of Fort Drelev/Session 43-05.png,,
43,move,assets/world-anvil/screenshots/Session 43/Session 43-06.png,assets/world-anvil/screenshots/Session 43 - The Fall of Fort Drelev/Session 43-06.png,,
43,move,assets/world-anvil/screenshots/Session 43/Session 43-07.png,assets/world-anvil/screenshots/Session 43 - The Fall of Fort Drelev/Session 43-07.png,,
43,move,assets/world-anvil/screenshots/Session 43/Session 43-08.png,assets/world-anvil/screenshots/Session 43 - The Fall of Fort Drelev/Session 43-08.png,,
43,move,assets/world-anvil/screenshots/Session 43/Session 43-09.png,assets/world-anvil/screenshots/Session 43 - The Fall of Fort Drelev/Session 43-09.png,,
43,move,assets/world-anvil/screenshots/Session 43/Session 43-10.png,assets/world-anvil/screenshots/Session 43 - The Fall of Fort Drelev/Session 43-10.png,,
43,move,assets/world-anvil/screenshots/Session 43/Session 43-11.png,assets/world-anvil/screenshots/Session 43 - The Fall of Fort Drelev/Session 43-11.png,,
43,move,assets/world-anvil/screenshots/Session 43/Session 43-12.png,assets/world-anvil/screenshots/Session 43 - The Fall of Fort Drelev/Session 43-12.png,,
43,move,assets/world-anvil/screenshots/Session 43/Session 43-13.png,assets/world-anvil/screenshots/Session 43 - The Fall of Fort Drelev/Session 43-13.png,,
43,move,assets/world-anvil/screenshots/Session 43/Session 43-14.png,assets/world-anvil/screenshots/Session 43 - The Fall of Fort Drelev/Session 43-14.png,,
43,move,assets/world-anvil/screenshots/Session 43/Session 43-15.png,assets/world-anvil/screenshots/Session 43 - The Fall of Fort Drelev/Session 43-15.png,,
43,move,assets/world-anvil/screenshots/Session 43/Session 43-16.png,assets/world-anvil/screenshots/Session 43 - The Fall of Fort Drelev/Session 43-16.png,,
43,move,assets/world-anvil/screenshots/Session 43/Session 43-17.png,assets/world-anvil/screenshots/Session 43 - The Fall of Fort Drelev/Session 43-17.png,,
43,move,assets/world-anvil/screenshots/Session 43/Session 43-18.png,assets/world-anvil/screenshots/Session 43 - The Fall of Fort Drelev/Session 43-18.png,,
43,move,assets/world-anvil/screenshots/Session 43/Session 43-19.png,assets/world-anvil/screenshots/Session 43 - The Fall of Fort Drelev/Session 43-19.png,,
43,move,assets/world-anvil/screenshots/Session 43/Session 43-20.png,assets/world-anvil/screenshots/Session 43 - The Fall of Fort Drelev/Session 43-20.png,,
43,move,assets/world-anvil/screenshots/Session 43/Session 43-21.png,assets/world-anvil/screenshots/Session 43 - The Fall of Fort Drelev/Session 43-21.png,,
43,move,assets/world-anvil/screenshots/Session 43/Session 43-22.png,assets/world-anvil/screenshots/Session 43 - The Fall of Fort Drelev/Session 43-22.png,,
43,move,assets/world-anvil/screenshots/Session 43/Session 43-23.png,assets/world-anvil/screenshots/Session 43 - The Fall of Fort Drelev/Session 43-23.png,,
43,move,assets/world-anvil/screenshots/Session 43/Session 43-24.png,assets/world-anvil/screenshots/Session 43 - The Fall of Fort Drelev/Session 43-24.png,,
43,move,assets/world-anvil/screenshots/Session 43/Session 43-25.png,assets/world-anvil/screenshots/Session 43 - The Fall of Fort Drelev/Session 43-25.png,,
43,move,assets/world-anvil/screenshots/Session 43/Session 43-26.png,assets/world-anvil/screenshots/Session 43 - The Fall of Fort Drelev/Session 43-26.png,,
43,move,assets/world-anvil/screenshots/Session 43/Session 43-27.png,assets/world-anvil/screenshots/Session 43 - The Fall of Fort Drelev/Session 43-27.png,,
43,move,assets/world-anvil/screenshots/Session 43/Session 43-28.png,assets/world-anvil/screenshots/Session 43 - The Fall of Fort Drelev/Session 43-28.png,,
43,move,assets/world-anvil/screenshots/Session 43/Session 43-29.png,assets/world-anvil/screenshots/Session 43 - The Fall of Fort Drelev/Session 43-29.png,,
43,move,assets/world-anvil/screenshots/Session 43/Session 43-30.png,assets/world-anvil/screenshots/Session 43 - The Fall of Fort Drelev/Session 43-30.png,,
43,move,assets/world-anvil/screenshots/Session 43/Session 43-31.png,assets/world-anvil/screenshots/Session 43 - The Fall of Fort Drelev/Session 43-31.png,,
43,move,assets/world-anvil/screenshots/Session 43/Session 43-32.png,assets/world-anvil/screenshots/Session 43 - The Fall of Fort Drelev/Session 43-32.png,,
43,move,assets/world-anvil/screenshots/Session 43/Session 43-33.png,assets/world-anvil/screenshots/Session 43 - The Fall of Fort Drelev/Session 43-33.png,,
43,move,assets/world-anvil/screenshots/Session 43/Session 43-34.png,assets/world-anvil/screenshots/Session 43 - The Fall of Fort Drelev/Session 43-34.png,,
43,move,assets/world-anvil/screenshots/Session 43/Session 43-35.png,assets/world-anvil/screenshots/Session 43 - The Fall of Fort Drelev/Session 43-35.png,,
43,move,assets/world-anvil/screenshots/Session 43/Session 43-36.png,assets/world-anvil/screenshots/Session 43 - The Fall of Fort Drelev/Session 43-36.png,,
43,move,assets/world-anvil/screenshots/Session 43/Session 43-37.png,assets/world-anvil/screenshots/Session 43 - The Fall of Fort Drelev/Session 43-37.png,,
43,move,assets/world-anvil/screenshots/Session 43/Session 43-38.png,assets/world-anvil/screenshots/Session 43 - The Fall of Fort Drelev/Session 43-38.png,,
43,move,assets/world-anvil/screenshots/Session 43/Session 43-39.png,assets/world-anvil/screenshots/Session 43 - The Fall of Fort Drelev/Session 43-39.png,,
43,move,assets/world-anvil/screenshots/Session 43/Session 43-40.png,assets/world-anvil/screenshots/Session 43 - The Fall of Fort Drelev/Session 43-40.png,,
43,move,assets/world-anvil/screenshots/Session 43/Session 43-41.png,assets/world-anvil/screenshots/Session 43 - The Fall of Fort Drelev/Session 43-41.png,,
43,move,assets/world-anvil/screenshots/Session 43/Session 43-42.png,assets/world-anvil/screenshots/Session 43 - The Fall of Fort Drelev/Session 43-42.png,,
43,move,assets/world-anvil/screenshots/Session 43/Session 43-43.png,assets/world-anvil/screenshots/Session 43 - The Fall of Fort Drelev/Session 43-43.png,,
43,move,assets/world-anvil/screenshots/Session 43/Session 43-44.png,assets/world-anvil/screenshots/Session 43 - The Fall of Fort Drelev/Session 43-44.png,,
43,move,assets/world-anvil/screenshots/Session 43/Session 43-45.png,assets/world-anvil/screenshots/Session 43 - The Fall of Fort Drelev/Session 43-45.png,,
43,move,assets/world-anvil/screenshots/Session 43/Session 43-46.png,assets/world-anvil/screenshots/Session 43 - The Fall of Fort Drelev/Session 43-46.png,,
43,move,assets/world-anvil/screenshots/Session 43/Session 43-47.png,assets/world-anvil/screenshots/Session 43 - The Fall of Fort Drelev/Session 43-47.png,,
43,move,assets/world-anvil/screenshots/Session 43/Session 43-48.png,assets/world-anvil/screenshots/Session 43 - The Fall of Fort Drelev/Session 43-48.png,,
44,move,assets/world-anvil/screenshots/Session 44/Session 44-01.png,assets/world-anvil/screenshots/Session 44 - Blood Oaths and Broken Chains/Session 44-01.png,,
44,move,assets/world-anvil/screenshots/Session 44/Session 44-02.png,assets/world-anvil/screenshots/Session 44 - Blood Oaths and Broken Chains/Session 44-02.png,,
44,move,assets/world-anvil/screenshots/Session 44/Session 44-03.png,assets/world-anvil/screenshots/Session 44 - Blood Oaths and Broken Chains/Session 44-03.png,,
44,move,assets/world-anvil/screenshots/Session 44/Session 44-04.png,assets/world-anvil/screenshots/Session 44 - Blood Oaths and Broken Chains/Session 44-04.png,,
44,move,assets/world-anvil/screenshots/Session 44/Session 44-05.png,assets/world-anvil/screenshots/Session 44 - Blood Oaths and Broken Chains/Session 44-05.png,,
44,move,assets/world-anvil/screenshots/Session 44/Session 44-06.png,assets/world-anvil/screenshots/Session 44 - Blood Oaths and Broken Chains/Session 44-06.png,,
44,move,assets/world-anvil/screenshots/Session 44/Session 44-07.png,assets/world-anvil/screenshots/Session 44 - Blood Oaths and Broken Chains/Session 44-07.png,,
44,move,assets/world-anvil/screenshots/Session 44/Session 44-08.png,assets/world-anvil/screenshots/Session 44 - Blood Oaths and Broken Chains/Session 44-08.png,,
44,move,assets/world-anvil/screenshots/Session 44/Session 44-09.png,assets/world-anvil/screenshots/Session 44 - Blood Oaths and Broken Chains/Session 44-09.png,,
44,move,assets/world-anvil/screenshots/Session 44/Session 44-10.png,assets/world-anvil/screenshots/Session 44 - Blood Oaths and Broken Chains/Session 44-10.png,,
44,move,assets/world-anvil/screenshots/Session 44/Session 44-11.png,assets/world-anvil/screenshots/Session 44 - Blood Oaths and Broken Chains/Session 44-11.png,,
44,move,assets/world-anvil/screenshots/Session 44/Session 44-12.png,assets/world-anvil/screenshots/Session 44 - Blood Oaths and Broken Chains/Session 44-12.png,,
44,move,assets/world-anvil/screenshots/Session 44/Session 44-13.png,assets/world-anvil/screenshots/Session 44 - Blood Oaths and Broken Chains/Session 44-13.png,,
44,move,assets/world-anvil/screenshots/Session 44/Session 44-14.png,assets/world-anvil/screenshots/Session 44 - Blood Oaths and Broken Chains/Session 44-14.png,,
44,move,assets/world-anvil/screenshots/Session 44/Session 44-15.png,assets/world-anvil/screenshots/Session 44 - Blood Oaths and Broken Chains/Session 44-15.png,,
44,move,assets/world-anvil/screenshots/Session 44/Session 44-16.png,assets/world-anvil/screenshots/Session 44 - Blood Oaths and Broken Chains/Session 44-16.png,,
44,move,assets/world-anvil/screenshots/Session 44/Session 44-17.png,assets/world-anvil/screenshots/Session 44 - Blood Oaths and Broken Chains/Session 44-17.png,,
44,move,assets/world-anvil/screenshots/Session 44/Session 44-18.png,assets/world-anvil/screenshots/Session 44 - Blood Oaths and Broken Chains/Session 44-18.png,,
44,move,assets/world-anvil/screenshots/Session 44/Session 44-19.png,assets/world-anvil/screenshots/Session 44 - Blood Oaths and Broken Chains/Session 44-19.png,,
44,move,assets/world-anvil/screenshots/Session 44/Session 44-20.png,assets/world-anvil/screenshots/Session 44 - Blood Oaths and Broken Chains/Session 44-20.png,,
44,move,assets/world-anvil/screenshots/Session 44/Session 44-21.png,assets/world-anvil/screenshots/Session 44 - Blood Oaths and Broken Chains/Session 44-21.png,,
44,move,assets/world-anvil/screenshots/Session 44/Session 44-22.png,assets/world-anvil/screenshots/Session 44 - Blood Oaths and Broken Chains/Session 44-22.png,,
44,move,assets/world-anvil/screenshots/Session 44/Session 44-23.png,assets/world-anvil/screenshots/Session 44 - Blood Oaths and Broken Chains/Session 44-23.png,,
44,move,assets/world-anvil/screenshots/Session 44/Session 44-24.png,assets/world-anvil/screenshots/Session 44 - Blood Oaths and Broken Chains/Session 44-24.png,,
44,move,assets/world-anvil/screenshots/Session 44/Session 44-25.png,assets/world-anvil/screenshots/Session 44 - Blood Oaths and Broken Chains/Session 44-25.png,,
44,move,assets/world-anvil/screenshots/Session 44/Session 44-26.png,assets/world-anvil/screenshots/Session 44 - Blood Oaths and Broken Chains/Session 44-26.png,,
44,move,assets/world-anvil/screenshots/Session 44/Session 44-27.png,assets/world-anvil/screenshots/Session 44 - Blood Oaths and Broken Chains/Session 44-27.png,,
44,move,assets/world-anvil/screenshots/Session 44/Session 44-28.webp,assets/world-anvil/screenshots/Session 44 - Blood Oaths and Broken Chains/Session 44-28.webp,,
44,move,assets/world-anvil/screenshots/Session 44/Session 44-29.png,assets/world-anvil/screenshots/Session 44 - Blood Oaths and Broken Chains/Session 44-29.png,,
44,move,assets/world-anvil/screenshots/Session 44/Session 44-30.png,assets/world-anvil/screenshots/Session 44 - Blood Oaths and Broken Chains/Session 44-30.png,,
45,move,assets/world-anvil/screenshots/Session 45/Session 45-01.png,assets/world-anvil/screenshots/Session 45 - Armag S Tomb Raiders/Session 45-01.png,,
45,move,assets/world-anvil/screenshots/Session 45/Session 45-02.png,assets/world-anvil/screenshots/Session 45 - Armag S Tomb Raiders/Session 45-02.png,,
45,move,assets/world-anvil/screenshots/Session 45/Session 45-03.png,assets/world-anvil/screenshots/Session 45 - Armag S Tomb Raiders/Session 45-03.png,,
45,move,assets/world-anvil/screenshots/Session 45/Session 45-04.png,assets/world-anvil/screenshots/Session 45 - Armag S Tomb Raiders/Session 45-04.png,,
45,move,assets/world-anvil/screenshots/Session 45/Session 45-06.png,assets/world-anvil/screenshots/Session 45 - Armag S Tomb Raiders/Session 45-06.png,,
45,move,assets/world-anvil/screenshots/Session 45/Session 45-07.png,assets/world-anvil/screenshots/Session 45 - Armag S Tomb Raiders/Session 45-07.png,,
45,move,assets/world-anvil/screenshots/Session 45/Session 45-08.png,assets/world-anvil/screenshots/Session 45 - Armag S Tomb Raiders/Session 45-08.png,,
45,move,assets/world-anvil/screenshots/Session 45/Session 45-09.png,assets/world-anvil/screenshots/Session 45 - Armag S Tomb Raiders/Session 45-09.png,,
45,move,assets/world-anvil/screenshots/Session 45/Session 45-10.png,assets/world-anvil/screenshots/Session 45 - Armag S Tomb Raiders/Session 45-10.png,,
45,move,assets/world-anvil/screenshots/Session 45/Session 45-13.png,assets/world-anvil/screenshots/Session 45 - Armag S Tomb Raiders/Session 45-13.png,,
45,move,assets/world-anvil/screenshots/Session 45/Session 45-14.png,assets/world-anvil/screenshots/Session 45 - Armag S Tomb Raiders/Session 45-14.png,,
45,move,assets/world-anvil/screenshots/Session 45/Session 45-15.png,assets/world-anvil/screenshots/Session 45 - Armag S Tomb Raiders/Session 45-15.png,,
45,move,assets/world-anvil/screenshots/Session 45/Session 45-16.png,assets/world-anvil/screenshots/Session 45 - Armag S Tomb Raiders/Session 45-16.png,,
45,move,assets/world-anvil/screenshots/Session 45/Session 45-17.png,assets/world-anvil/screenshots/Session 45 - Armag S Tomb Raiders/Session 45-17.png,,
45,move,assets/world-anvil/screenshots/Session 45/Session 45-18.png,assets/world-anvil/screenshots/Session 45 - Armag S Tomb Raiders/Session 45-18.png,,
45,move,assets/world-anvil/screenshots/Session 45/Session 45-19.png,assets/world-anvil/screenshots/Session 45 - Armag S Tomb Raiders/Session 45-19.png,,
45,move,assets/world-anvil/screenshots/Session 45/Session 45-20.png,assets/world-anvil/screenshots/Session 45 - Armag S Tomb Raiders/Session 45-20.png,,
45,move,assets/world-anvil/screenshots/Session 45/Session 45-21.png,assets/world-anvil/screenshots/Session 45 - Armag S Tomb Raiders/Session 45-21.png,,
45,move,assets/world-anvil/screenshots/Session 45/Session 45-22.png,assets/world-anvil/screenshots/Session 45 - Armag S Tomb Raiders/Session 45-22.png,,
45,move,assets/world-anvil/screenshots/Session 45/Session 45-23.png,assets/world-anvil/screenshots/Session 45 - Armag S Tomb Raiders/Session 45-23.png,,
45,move,assets/world-anvil/screenshots/Session 45/Session 45-24.png,assets/world-anvil/screenshots/Session 45 - Armag S Tomb Raiders/Session 45-24.png,,
45,move,assets/world-anvil/screenshots/Session 45/Session 45-25.png,assets/world-anvil/screenshots/Session 45 - Armag S Tomb Raiders/Session 45-25.png,,
45,move,assets/world-anvil/screenshots/Session 45/Session 45-26.png,assets/world-anvil/screenshots/Session 45 - Armag S Tomb Raiders/Session 45-26.png,,
45,move,assets/world-anvil/screenshots/Session 45/Session 45-27.png,assets/world-anvil/screenshots/Session 45 - Armag S Tomb Raiders/Session 45-27.png,,
45,move,assets/world-anvil/screenshots/Session 45/Session 45-28.png,assets/world-anvil/screenshots/Session 45 - Armag S Tomb Raiders/Session 45-28.png,,
45,move,assets/world-anvil/screenshots/Session 45/Session 45-29.png,assets/world-anvil/screenshots/Session 45 - Armag S Tomb Raiders/Session 45-29.png,,
45,move,assets/world-anvil/screenshots/Session 45/Session 45-30.png,assets/world-anvil/screenshots/Session 45 - Armag S Tomb Raiders/Session 45-30.png,,
45,move,assets/world-anvil/screenshots/Session 45/Session 45-31.png,assets/world-anvil/screenshots/Session 45 - Armag S Tomb Raiders/Session 45-31.png,,
45,move,assets/world-anvil/screenshots/Session 45/Session 45-32.png,assets/world-anvil/screenshots/Session 45 - Armag S Tomb Raiders/Session 45-32.png,,
45,move,assets/world-anvil/screenshots/Session 45/Session 45-33.png,assets/world-anvil/screenshots/Session 45 - Armag S Tomb Raiders/Session 45-33.png,,
45,move,assets/world-anvil/screenshots/Session 45/Session 45-34.png,assets/world-anvil/screenshots/Session 45 - Armag S Tomb Raiders/Session 45-34.png,,
45,move,assets/world-anvil/screenshots/Session 45/Session 45-35.png,assets/world-anvil/screenshots/Session 45 - Armag S Tomb Raiders/Session 45-35.png,,
45,move,assets/world-anvil/screenshots/Session 45/Session 45-36.png,assets/world-anvil/screenshots/Session 45 - Armag S Tomb Raiders/Session 45-36.png,,
45,move,assets/world-anvil/screenshots/Session 45/Session 45-37.png,assets/world-anvil/screenshots/Session 45 - Armag S Tomb Raiders/Session 45-37.png,,
45,move,assets/world-anvil/screenshots/Session 45/Session 45-38.png,assets/world-anvil/screenshots/Session 45 - Armag S Tomb Raiders/Session 45-38.png,,
45,move,assets/world-anvil/screenshots/Session 45/Session 45-39.png,assets/world-anvil/screenshots/Session 45 - Armag S Tomb Raiders/Session 45-39.png,,
45,move,assets/world-anvil/screenshots/Session 45/Session 45-40.png,assets/world-anvil/screenshots/Session 45 - Armag S Tomb Raiders/Session 45-40.png,,
45,move,assets/world-anvil/screenshots/Session 45/Session 45-41.png,assets/world-anvil/screenshots/Session 45 - Armag S Tomb Raiders/Session 45-41.png,,
45,move,assets/world-anvil/screenshots/Session 45/Session 45-42.png,assets/world-anvil/screenshots/Session 45 - Armag S Tomb Raiders/Session 45-42.png,,
45,move,assets/world-anvil/screenshots/Session 45/Session 45-43.png,assets/world-anvil/screenshots/Session 45 - Armag S Tomb Raiders/Session 45-43.png,,
45,move,assets/world-anvil/screenshots/Session 45/Session 45-44.png,assets/world-anvil/screenshots/Session 45 - Armag S Tomb Raiders/Session 45-44.png,,
45,move,assets/world-anvil/screenshots/Session 45/Session 45-45.png,assets/world-anvil/screenshots/Session 45 - Armag S Tomb Raiders/Session 45-45.png,,
45,move,assets/world-anvil/screenshots/Session 45/Session 45-46.png,assets/world-anvil/screenshots/Session 45 - Armag S Tomb Raiders/Session 45-46.png,,
45,move,assets/world-anvil/screenshots/Session 45/Session 45-47.png,assets/world-anvil/screenshots/Session 45 - Armag S Tomb Raiders/Session 45-47.png,,
45,move,assets/world-anvil/screenshots/Session 45/Session 45-48.png,assets/world-anvil/screenshots/Session 45 - Armag S Tomb Raiders/Session 45-48.png,,
45,move,assets/world-anvil/screenshots/Session 45/Session 45-49.png,assets/world-anvil/screenshots/Session 45 - Armag S Tomb Raiders/Session 45-49.png,,
45,move,assets/world-anvil/screenshots/Session 45/Session 45-50.png,assets/world-anvil/screenshots/Session 45 - Armag S Tomb Raiders/Session 45-50.png,,
45,move,assets/world-anvil/screenshots/Session 45/Session 45-51.png,assets/world-anvil/screenshots/Session 45 - Armag S Tomb Raiders/Session 45-51.png,,
45,move,assets/world-anvil/screenshots/Session 45/Session 45-52.png,assets/world-anvil/screenshots/Session 45 - Armag S Tomb Raiders/Session 45-52.png,,
45,move,assets/world-anvil/screenshots/Session 45/Session 45-53.png,assets/world-anvil/screenshots/Session 45 - Armag S Tomb Raiders/Session 45-53.png,,
45,move,assets/world-anvil/screenshots/Session 45/Session 45-54.png,assets/world-anvil/screenshots/Session 45 - Armag S Tomb Raiders/Session 45-54.png,,
45,move,assets/world-anvil/screenshots/Session 45/Session 45-55.png,assets/world-anvil/screenshots/Session 45 - Armag S Tomb Raiders/Session 45-55.png,,
45,move,assets/world-anvil/screenshots/Session 45/Session 45-56.png,assets/world-anvil/screenshots/Session 45 - Armag S Tomb Raiders/Session 45-56.png,,
46,move,assets/world-anvil/screenshots/Session 46/Session 46-01.png,assets/world-anvil/screenshots/Session 46 - The Cleansing Lie/Session 46-01.png,,
46,move,assets/world-anvil/screenshots/Session 46/Session 46-02.png,assets/world-anvil/screenshots/Session 46 - The Cleansing Lie/Session 46-02.png,,
46,move,assets/world-anvil/screenshots/Session 46/Session 46-03.png,assets/world-anvil/screenshots/Session 46 - The Cleansing Lie/Session 46-03.png,,
46,move,assets/world-anvil/screenshots/Session 46/Session 46-04.png,assets/world-anvil/screenshots/Session 46 - The Cleansing Lie/Session 46-04.png,,
46,move,assets/world-anvil/screenshots/Session 46/Session 46-05.png,assets/world-anvil/screenshots/Session 46 - The Cleansing Lie/Session 46-05.png,,
46,move,assets/world-anvil/screenshots/Session 46/Session 46-06.png,assets/world-anvil/screenshots/Session 46 - The Cleansing Lie/Session 46-06.png,,
46,move,assets/world-anvil/screenshots/Session 46/Session 46-07.png,assets/world-anvil/screenshots/Session 46 - The Cleansing Lie/Session 46-07.png,,
46,move,assets/world-anvil/screenshots/Session 46/Session 46-08.png,assets/world-anvil/screenshots/Session 46 - The Cleansing Lie/Session 46-08.png,,
46,move,assets/world-anvil/screenshots/Session 46/Session 46-09.png,assets/world-anvil/screenshots/Session 46 - The Cleansing Lie/Session 46-09.png,,
46,move,assets/world-anvil/screenshots/Session 46/Session 46-10.png,assets/world-anvil/screenshots/Session 46 - The Cleansing Lie/Session 46-10.png,,
46,move,assets/world-anvil/screenshots/Session 46/Session 46-11.png,assets/world-anvil/screenshots/Session 46 - The Cleansing Lie/Session 46-11.png,,
46,move,assets/world-anvil/screenshots/Session 46/Session 46-12.png,assets/world-anvil/screenshots/Session 46 - The Cleansing Lie/Session 46-12.png,,
46,move,assets/world-anvil/screenshots/Session 46/Session 46-13.png,assets/world-anvil/screenshots/Session 46 - The Cleansing Lie/Session 46-13.png,,
46,move,assets/world-anvil/screenshots/Session 46/Session 46-14.png,assets/world-anvil/screenshots/Session 46 - The Cleansing Lie/Session 46-14.png,,
46,move,assets/world-anvil/screenshots/Session 46/Session 46-15.png,assets/world-anvil/screenshots/Session 46 - The Cleansing Lie/Session 46-15.png,,
46,move,assets/world-anvil/screenshots/Session 46/Session 46-16.png,assets/world-anvil/screenshots/Session 46 - The Cleansing Lie/Session 46-16.png,,
46,move,assets/world-anvil/screenshots/Session 46/Session 46-17.png,assets/world-anvil/screenshots/Session 46 - The Cleansing Lie/Session 46-17.png,,
46,move,assets/world-anvil/screenshots/Session 46/Session 46-18.png,assets/world-anvil/screenshots/Session 46 - The Cleansing Lie/Session 46-18.png,,
46,move,assets/world-anvil/screenshots/Session 46/Session 46-19.png,assets/world-anvil/screenshots/Session 46 - The Cleansing Lie/Session 46-19.png,,
46,move,assets/world-anvil/screenshots/Session 46/Session 46-20.png,assets/world-anvil/screenshots/Session 46 - The Cleansing Lie/Session 46-20.png,,
46,move,assets/world-anvil/screenshots/Session 46/Session 46-21.png,assets/world-anvil/screenshots/Session 46 - The Cleansing Lie/Session 46-21.png,,
46,move,assets/world-anvil/screenshots/Session 46/Session 46-22.png,assets/world-anvil/screenshots/Session 46 - The Cleansing Lie/Session 46-22.png,,
46,move,assets/world-anvil/screenshots/Session 46/Session 46-23.png,assets/world-anvil/screenshots/Session 46 - The Cleansing Lie/Session 46-23.png,,
46,move,assets/world-anvil/screenshots/Session 46/Session 46-24.png,assets/world-anvil/screenshots/Session 46 - The Cleansing Lie/Session 46-24.png,,
46,move,assets/world-anvil/screenshots/Session 46/Session 46-25.png,assets/world-anvil/screenshots/Session 46 - The Cleansing Lie/Session 46-25.png,,
46,move,assets/world-anvil/screenshots/Session 46/Session 46-26.png,assets/world-anvil/screenshots/Session 46 - The Cleansing Lie/Session 46-26.png,,
46,move,assets/world-anvil/screenshots/Session 46/Session 46-27.png,assets/world-anvil/screenshots/Session 46 - The Cleansing Lie/Session 46-27.png,,
46,move,assets/world-anvil/screenshots/Session 46/Session 46-28.png,assets/world-anvil/screenshots/Session 46 - The Cleansing Lie/Session 46-28.png,,
46,move,assets/world-anvil/screenshots/Session 46/Session 46-29.png,assets/world-anvil/screenshots/Session 46 - The Cleansing Lie/Session 46-29.png,,
46,move,assets/world-anvil/screenshots/Session 46/Session 46-30.png,assets/world-anvil/screenshots/Session 46 - The Cleansing Lie/Session 46-30.png,,
46,move,assets/world-anvil/screenshots/Session 46/Session 46-31.png,assets/world-anvil/screenshots/Session 46 - The Cleansing Lie/Session 46-31.png,,
47,move,assets/world-anvil/screenshots/Session 47/Session 47-01.png,assets/world-anvil/screenshots/Session 47 - Faithful S End and Expansion/Session 47-01.png,,
47,move,assets/world-anvil/screenshots/Session 47/Session 47-02.png,assets/world-anvil/screenshots/Session 47 - Faithful S End and Expansion/Session 47-02.png,,
47,move,assets/world-anvil/screenshots/Session 47/Session 47-03.png,assets/world-anvil/screenshots/Session 47 - Faithful S End and Expansion/Session 47-03.png,,
47,move,assets/world-anvil/screenshots/Session 47/Session 47-04.png,assets/world-anvil/screenshots/Session 47 - Faithful S End and Expansion/Session 47-04.png,,
47,move,assets/world-anvil/screenshots/Session 47/Session 47-05.png,assets/world-anvil/screenshots/Session 47 - Faithful S End and Expansion/Session 47-05.png,,
47,move,assets/world-anvil/screenshots/Session 47/Session 47-06.png,assets/world-anvil/screenshots/Session 47 - Faithful S End and Expansion/Session 47-06.png,,
47,move,assets/world-anvil/screenshots/Session 47/Session 47-07.png,assets/world-anvil/screenshots/Session 47 - Faithful S End and Expansion/Session 47-07.png,,
47,move,assets/world-anvil/screenshots/Session 47/Session 47-08.png,assets/world-anvil/screenshots/Session 47 - Faithful S End and Expansion/Session 47-08.png,,
47,move,assets/world-anvil/screenshots/Session 47/Session 47-09.png,assets/world-anvil/screenshots/Session 47 - Faithful S End and Expansion/Session 47-09.png,,
47,move,assets/world-anvil/screenshots/Session 47/Session 47-10.png,assets/world-anvil/screenshots/Session 47 - Faithful S End and Expansion/Session 47-10.png,,
47,move,assets/world-anvil/screenshots/Session 47/Session 47-11.png,assets/world-anvil/screenshots/Session 47 - Faithful S End and Expansion/Session 47-11.png,,
47,move,assets/world-anvil/screenshots/Session 47/Session 47-12.png,assets/world-anvil/screenshots/Session 47 - Faithful S End and Expansion/Session 47-12.png,,
47,move,assets/world-anvil/screenshots/Session 47/Session 47-13.png,assets/world-anvil/screenshots/Session 47 - Faithful S End and Expansion/Session 47-13.png,,
47,move,assets/world-anvil/screenshots/Session 47/Session 47-14.png,assets/world-anvil/screenshots/Session 47 - Faithful S End and Expansion/Session 47-14.png,,
47,move,assets/world-anvil/screenshots/Session 47/Session 47-15.png,assets/world-anvil/screenshots/Session 47 - Faithful S End and Expansion/Session 47-15.png,,
47,move,assets/world-anvil/screenshots/Session 47/Session 47-16.png,assets/world-anvil/screenshots/Session 47 - Faithful S End and Expansion/Session 47-16.png,,
47,move,assets/world-anvil/screenshots/Session 47/Session 47-17.png,assets/world-anvil/screenshots/Session 47 - Faithful S End and Expansion/Session 47-17.png,,
47,move,assets/world-anvil/screenshots/Session 47/Session 47-18.png,assets/world-anvil/screenshots/Session 47 - Faithful S End and Expansion/Session 47-18.png,,
47,move,assets/world-anvil/screenshots/Session 47/Session 47-19.png,assets/world-anvil/screenshots/Session 47 - Faithful S End and Expansion/Session 47-19.png,,
47,move,assets/world-anvil/screenshots/Session 47/Session 47-20.png,assets/world-anvil/screenshots/Session 47 - Faithful S End and Expansion/Session 47-20.png,,
47,move,assets/world-anvil/screenshots/Session 47/Session 47-21.png,assets/world-anvil/screenshots/Session 47 - Faithful S End and Expansion/Session 47-21.png,,
47,move,assets/world-anvil/screenshots/Session 47/Session 47-22.png,assets/world-anvil/screenshots/Session 47 - Faithful S End and Expansion/Session 47-22.png,,
47,move,assets/world-anvil/screenshots/Session 47/Session 47-23.png,assets/world-anvil/screenshots/Session 47 - Faithful S End and Expansion/Session 47-23.png,,
47,move,assets/world-anvil/screenshots/Session 47/Session 47-24.png,assets/world-anvil/screenshots/Session 47 - Faithful S End and Expansion/Session 47-24.png,,
47,move,assets/world-anvil/screenshots/Session 47/Session 47-25.png,assets/world-anvil/screenshots/Session 47 - Faithful S End and Expansion/Session 47-25.png,,
47,move,assets/world-anvil/screenshots/Session 47/Session 47-26.png,assets/world-anvil/screenshots/Session 47 - Faithful S End and Expansion/Session 47-26.png,,
48,move,assets/world-anvil/screenshots/Session 48/Session 48-01.png,assets/world-anvil/screenshots/Session 48 - Finishing the Job for Hannis/Session 48-01.png,,
48,move,assets/world-anvil/screenshots/Session 48/Session 48-02.png,assets/world-anvil/screenshots/Session 48 - Finishing the Job for Hannis/Session 48-02.png,,
48,move,assets/world-anvil/screenshots/Session 48/Session 48-03.png,assets/world-anvil/screenshots/Session 48 - Finishing the Job for Hannis/Session 48-03.png,,
48,move,assets/world-anvil/screenshots/Session 48/Session 48-04.png,assets/world-anvil/screenshots/Session 48 - Finishing the Job for Hannis/Session 48-04.png,,
48,move,assets/world-anvil/screenshots/Session 48/Session 48-05.png,assets/world-anvil/screenshots/Session 48 - Finishing the Job for Hannis/Session 48-05.png,,
48,move,assets/world-anvil/screenshots/Session 48/Session 48-06.png,assets/world-anvil/screenshots/Session 48 - Finishing the Job for Hannis/Session 48-06.png,,
48,move,assets/world-anvil/screenshots/Session 48/Session 48-07.png,assets/world-anvil/screenshots/Session 48 - Finishing the Job for Hannis/Session 48-07.png,,
48,move,assets/world-anvil/screenshots/Session 48/Session 48-08.png,assets/world-anvil/screenshots/Session 48 - Finishing the Job for Hannis/Session 48-08.png,,
48,move,assets/world-anvil/screenshots/Session 48/Session 48-09.png,assets/world-anvil/screenshots/Session 48 - Finishing the Job for Hannis/Session 48-09.png,,
48,move,assets/world-anvil/screenshots/Session 48/Session 48-10.png,assets/world-anvil/screenshots/Session 48 - Finishing the Job for Hannis/Session 48-10.png,,
48,move,assets/world-anvil/screenshots/Session 48/Session 48-11.png,assets/world-anvil/screenshots/Session 48 - Finishing the Job for Hannis/Session 48-11.png,,
48,move,assets/world-anvil/screenshots/Session 48/Session 48-12.png,assets/world-anvil/screenshots/Session 48 - Finishing the Job for Hannis/Session 48-12.png,,
48,move,assets/world-anvil/screenshots/Session 48/Session 48-13.png,assets/world-anvil/screenshots/Session 48 - Finishing the Job for Hannis/Session 48-13.png,,
48,move,assets/world-anvil/screenshots/Session 48/Session 48-14.png,assets/world-anvil/screenshots/Session 48 - Finishing the Job for Hannis/Session 48-14.png,,
48,move,assets/world-anvil/screenshots/Session 48/Session 48-15.png,assets/world-anvil/screenshots/Session 48 - Finishing the Job for Hannis/Session 48-15.png,,
48,move,assets/world-anvil/screenshots/Session 48/Session 48-16.png,assets/world-anvil/screenshots/Session 48 - Finishing the Job for Hannis/Session 48-16.png,,
48,move,assets/world-anvil/screenshots/Session 48/Session 48-17.png,assets/world-anvil/screenshots/Session 48 - Finishing the Job for Hannis/Session 48-17.png,,
48,move,assets/world-anvil/screenshots/Session 48/Session 48-18.png,assets/world-anvil/screenshots/Session 48 - Finishing the Job for Hannis/Session 48-18.png,,
48,move,assets/world-anvil/screenshots/Session 48/Session 48-19.png,assets/world-anvil/screenshots/Session 48 - Finishing the Job for Hannis/Session 48-19.png,,
48,move,assets/world-anvil/screenshots/Session 48/Session 48-20.png,assets/world-anvil/screenshots/Session 48 - Finishing the Job for Hannis/Session 48-20.png,,
48,move,assets/world-anvil/screenshots/Session 48/Session 48-21.png,assets/world-anvil/screenshots/Session 48 - Finishing the Job for Hannis/Session 48-21.png,,
48,move,assets/world-anvil/screenshots/Session 48/Session 48-22.png,assets/world-anvil/screenshots/Session 48 - Finishing the Job for Hannis/Session 48-22.png,,
48,move,assets/world-anvil/screenshots/Session 48/Session 48-23.png,assets/world-anvil/screenshots/Session 48 - Finishing the Job for Hannis/Session 48-23.png,,
48,move,assets/world-anvil/screenshots/Session 48/Session 48-24.png,assets/world-anvil/screenshots/Session 48 - Finishing the Job for Hannis/Session 48-24.png,,
48,move,assets/world-anvil/screenshots/Session 48/Session 48-25.png,assets/world-anvil/screenshots/Session 48 - Finishing the Job for Hannis/Session 48-25.png,,
48,move,assets/world-anvil/screenshots/Session 48/Session 48-26.png,assets/world-anvil/screenshots/Session 48 - Finishing the Job for Hannis/Session 48-26.png,,
48,move,assets/world-anvil/screenshots/Session 48/Session 48-27.png,assets/world-anvil/screenshots/Session 48 - Finishing the Job for Hannis/Session 48-27.png,,
48,move,assets/world-anvil/screenshots/Session 48/Session 48-28.png,assets/world-anvil/screenshots/Session 48 - Finishing the Job for Hannis/Session 48-28.png,,
48,move,assets/world-anvil/screenshots/Session 48/Session 48-29.png,assets/world-anvil/screenshots/Session 48 - Finishing the Job for Hannis/Session 48-29.png,,
48,move,assets/world-anvil/screenshots/Session 48/Session 48-30.png,assets/world-anvil/screenshots/Session 48 - Finishing the Job for Hannis/Session 48-30.png,,
48,move,assets/world-anvil/screenshots/Session 48/Session 48-31.png,assets/world-anvil/screenshots/Session 48 - Finishing the Job for Hannis/Session 48-31.png,,
48,move,assets/world-anvil/screenshots/Session 48/Session 48-32.png,assets/world-anvil/screenshots/Session 48 - Finishing the Job for Hannis/Session 48-32.png,,
48,move,assets/world-anvil/screenshots/Session 48/Session 48-33.png,assets/world-anvil/screenshots/Session 48 - Finishing the Job for Hannis/Session 48-33.png,,
48,move,assets/world-anvil/screenshots/Session 48/Session 48-34.png,assets/world-anvil/screenshots/Session 48 - Finishing the Job for Hannis/Session 48-34.png,,
48,move,assets/world-anvil/screenshots/Session 48/Session 48-35.png,assets/world-anvil/screenshots/Session 48 - Finishing the Job for Hannis/Session 48-35.png,,
48,move,assets/world-anvil/screenshots/Session 48/Session 48-36.png,assets/world-anvil/screenshots/Session 48 - Finishing the Job for Hannis/Session 48-36.png,,
48,move,assets/world-anvil/screenshots/Session 48/Session 48-37.jpg,assets/world-anvil/screenshots/Session 48 - Finishing the Job for Hannis/Session 48-37.jpg,,
48,move,assets/world-anvil/screenshots/Session 48/Session 48-38.png,assets/world-anvil/screenshots/Session 48 - Finishing the Job for Hannis/Session 48-38.png,,
48,move,assets/world-anvil/screenshots/Session 48/Session 48-39.png,assets/world-anvil/screenshots/Session 48 - Finishing the Job for Hannis/Session 48-39.png,,
48,move,assets/world-anvil/screenshots/Session 48/Session 48-40.png,assets/world-anvil/screenshots/Session 48 - Finishing the Job for Hannis/Session 48-40.png,,
48,move,assets/world-anvil/screenshots/Session 48/Session 48-41.png,assets/world-anvil/screenshots/Session 48 - Finishing the Job for Hannis/Session 48-41.png,,
48,move,assets/world-anvil/screenshots/Session 48/Session 48-42.png,assets/world-anvil/screenshots/Session 48 - Finishing the Job for Hannis/Session 48-42.png,,
49,move,assets/world-anvil/screenshots/Session 49/Session 49-01.png,assets/world-anvil/screenshots/Session 49 - The Rushlight Begins/Session 49-01.png,,
49,move,assets/world-anvil/screenshots/Session 49/Session 49-02.png,assets/world-anvil/screenshots/Session 49 - The Rushlight Begins/Session 49-02.png,,
49,move,assets/world-anvil/screenshots/Session 49/Session 49-03.png,assets/world-anvil/screenshots/Session 49 - The Rushlight Begins/Session 49-03.png,,
49,move,assets/world-anvil/screenshots/Session 49/Session 49-04.png,assets/world-anvil/screenshots/Session 49 - The Rushlight Begins/Session 49-04.png,,
49,move,assets/world-anvil/screenshots/Session 49/Session 49-05.png,assets/world-anvil/screenshots/Session 49 - The Rushlight Begins/Session 49-05.png,,
49,move,assets/world-anvil/screenshots/Session 49/Session 49-06.png,assets/world-anvil/screenshots/Session 49 - The Rushlight Begins/Session 49-06.png,,
49,move,assets/world-anvil/screenshots/Session 49/Session 49-07.png,assets/world-anvil/screenshots/Session 49 - The Rushlight Begins/Session 49-07.png,,
49,move,assets/world-anvil/screenshots/Session 49/Session 49-08.png,assets/world-anvil/screenshots/Session 49 - The Rushlight Begins/Session 49-08.png,,
49,move,assets/world-anvil/screenshots/Session 49/Session 49-09.png,assets/world-anvil/screenshots/Session 49 - The Rushlight Begins/Session 49-09.png,,
49,move,assets/world-anvil/screenshots/Session 49/Session 49-10.png,assets/world-anvil/screenshots/Session 49 - The Rushlight Begins/Session 49-10.png,,
49,move,assets/world-anvil/screenshots/Session 49/Session 49-11.png,assets/world-anvil/screenshots/Session 49 - The Rushlight Begins/Session 49-11.png,,
49,move,assets/world-anvil/screenshots/Session 49/Session 49-12.png,assets/world-anvil/screenshots/Session 49 - The Rushlight Begins/Session 49-12.png,,
49,move,assets/world-anvil/screenshots/Session 49/Session 49-13.png,assets/world-anvil/screenshots/Session 49 - The Rushlight Begins/Session 49-13.png,,
49,move,assets/world-anvil/screenshots/Session 49/Session 49-14.png,assets/world-anvil/screenshots/Session 49 - The Rushlight Begins/Session 49-14.png,,
49,move,assets/world-anvil/screenshots/Session 49/Session 49-15.png,assets/world-anvil/screenshots/Session 49 - The Rushlight Begins/Session 49-15.png,,
49,move,assets/world-anvil/screenshots/Session 49/Session 49-16.png,assets/world-anvil/screenshots/Session 49 - The Rushlight Begins/Session 49-16.png,,
49,move,assets/world-anvil/screenshots/Session 49/Session 49-17.png,assets/world-anvil/screenshots/Session 49 - The Rushlight Begins/Session 49-17.png,,
49,move,assets/world-anvil/screenshots/Session 49/Session 49-18.png,assets/world-anvil/screenshots/Session 49 - The Rushlight Begins/Session 49-18.png,,
49,move,assets/world-anvil/screenshots/Session 49/Session 49-19.png,assets/world-anvil/screenshots/Session 49 - The Rushlight Begins/Session 49-19.png,,
49,move,assets/world-anvil/screenshots/Session 49/Session 49-20.png,assets/world-anvil/screenshots/Session 49 - The Rushlight Begins/Session 49-20.png,,
49,move,assets/world-anvil/screenshots/Session 49/Session 49-21.png,assets/world-anvil/screenshots/Session 49 - The Rushlight Begins/Session 49-21.png,,
49,move,assets/world-anvil/screenshots/Session 49/Session 49-22.png,assets/world-anvil/screenshots/Session 49 - The Rushlight Begins/Session 49-22.png,,
49,move,assets/world-anvil/screenshots/Session 49 - The Rushlight Begins Image/session-49-the-rushlight-begins-image-01.png,assets/world-anvil/screenshots/Session 49 - The Rushlight Begins/session-49-the-rushlight-begins-image-01.png,,
49,move,assets/world-anvil/screenshots/Session 49 - The Rushlight Begins Image/session-49-the-rushlight-begins-image-02.png,assets/world-anvil/screenshots/Session 49 - The Rushlight Begins/session-49-the-rushlight-begins-image-02.png,,
49,move,assets/world-anvil/screenshots/Session 49 - The Rushlight Begins Image/session-49-the-rushlight-begins-image-03.png,assets/world-anvil/screenshots/Session 49 - The Rushlight Begins/session-49-the-rushlight-begins-image-03.png,,
50,move,assets/world-anvil/screenshots/Session 50/Session 50-01.png,assets/world-anvil/screenshots/Session 50 - Silver Overall Steel at the Border/Session 50-01.png,,
50,move,assets/world-anvil/screenshots/Session 50/Session 50-02.png,assets/world-anvil/screenshots/Session 50 - Silver Overall Steel at the Border/Session 50-02.png,,
50,move,assets/world-anvil/screenshots/Session 50/Session 50-03.png,assets/world-anvil/screenshots/Session 50 - Silver Overall Steel at the Border/Session 50-03.png,,
50,move,assets/world-anvil/screenshots/Session 50/Session 50-04.png,assets/world-anvil/screenshots/Session 50 - Silver Overall Steel at the Border/Session 50-04.png,,
50,move,assets/world-anvil/screenshots/Session 50/Session 50-05.png,assets/world-anvil/screenshots/Session 50 - Silver Overall Steel at the Border/Session 50-05.png,,
50,move,assets/world-anvil/screenshots/Session 50/Session 50-06.png,assets/world-anvil/screenshots/Session 50 - Silver Overall Steel at the Border/Session 50-06.png,,
50,move,assets/world-anvil/screenshots/Session 50/Session 50-07.png,assets/world-anvil/screenshots/Session 50 - Silver Overall Steel at the Border/Session 50-07.png,,
50,move,assets/world-anvil/screenshots/Session 50/Session 50-08.png,assets/world-anvil/screenshots/Session 50 - Silver Overall Steel at the Border/Session 50-08.png,,
50,move,assets/world-anvil/screenshots/Session 50/Session 50-09.png,assets/world-anvil/screenshots/Session 50 - Silver Overall Steel at the Border/Session 50-09.png,,
50,move,assets/world-anvil/screenshots/Session 50/Session 50-10.png,assets/world-anvil/screenshots/Session 50 - Silver Overall Steel at the Border/Session 50-10.png,,
50,move,assets/world-anvil/screenshots/Session 50/Session 50-11.png,assets/world-anvil/screenshots/Session 50 - Silver Overall Steel at the Border/Session 50-11.png,,
50,move,assets/world-anvil/screenshots/Session 50/Session 50-12.png,assets/world-anvil/screenshots/Session 50 - Silver Overall Steel at the Border/Session 50-12.png,,
50,move,assets/world-anvil/screenshots/Session 50 - Silver Overall Steel at the Border Image/session-50-silver-overall-steel-at-the-border-image-01.png,assets/world-anvil/screenshots/Session 50 - Silver Overall Steel at the Border/session-50-silver-overall-steel-at-the-border-image-01.png,,
51,move,assets/world-anvil/screenshots/Session 51/Session 51-01.png,assets/world-anvil/screenshots/Session 51 - Storms on the Western Horizon/Session 51-01.png,,
51,move,assets/world-anvil/screenshots/Session 51/Session 51-02.png,assets/world-anvil/screenshots/Session 51 - Storms on the Western Horizon/Session 51-02.png,,
51,move,assets/world-anvil/screenshots/Session 51/Session 51-03.png,assets/world-anvil/screenshots/Session 51 - Storms on the Western Horizon/Session 51-03.png,,
51,move,assets/world-anvil/screenshots/Session 51/Session 51-04.png,assets/world-anvil/screenshots/Session 51 - Storms on the Western Horizon/Session 51-04.png,,
51,move,assets/world-anvil/screenshots/Session 51/Session 51-05.png,assets/world-anvil/screenshots/Session 51 - Storms on the Western Horizon/Session 51-05.png,,
51,move,assets/world-anvil/screenshots/Session 51/Session 51-06.png,assets/world-anvil/screenshots/Session 51 - Storms on the Western Horizon/Session 51-06.png,,
51,move,assets/world-anvil/screenshots/Session 51/Session 51-07.png,assets/world-anvil/screenshots/Session 51 - Storms on the Western Horizon/Session 51-07.png,,
51,move,assets/world-anvil/screenshots/Session 51/Session 51-08.png,assets/world-anvil/screenshots/Session 51 - Storms on the Western Horizon/Session 51-08.png,,
51,move,assets/world-anvil/screenshots/Session 51/Session 51-09.png,assets/world-anvil/screenshots/Session 51 - Storms on the Western Horizon/Session 51-09.png,,
51,move,assets/world-anvil/screenshots/Session 51/Session 51-10.png,assets/world-anvil/screenshots/Session 51 - Storms on the Western Horizon/Session 51-10.png,,
51,move,assets/world-anvil/screenshots/Session 51/Session 51-11.png,assets/world-anvil/screenshots/Session 51 - Storms on the Western Horizon/Session 51-11.png,,
51,move,assets/world-anvil/screenshots/Session 51/Session 51-12.png,assets/world-anvil/screenshots/Session 51 - Storms on the Western Horizon/Session 51-12.png,,
51,move,assets/world-anvil/screenshots/Session 51/Session 51-13.png,assets/world-anvil/screenshots/Session 51 - Storms on the Western Horizon/Session 51-13.png,,
51,move,assets/world-anvil/screenshots/Session 51/Session 51-14.png,assets/world-anvil/screenshots/Session 51 - Storms on the Western Horizon/Session 51-14.png,,
51,move,assets/world-anvil/screenshots/Session 51/Session 51-15.png,assets/world-anvil/screenshots/Session 51 - Storms on the Western Horizon/Session 51-15.png,,
51,move,assets/world-anvil/screenshots/Session 51/Session 51-16.png,assets/world-anvil/screenshots/Session 51 - Storms on the Western Horizon/Session 51-16.png,,
51,move,assets/world-anvil/screenshots/Session 51/Session 51-17.png,assets/world-anvil/screenshots/Session 51 - Storms on the Western Horizon/Session 51-17.png,,
51,move,assets/world-anvil/screenshots/Session 51/Session 51-18.png,assets/world-anvil/screenshots/Session 51 - Storms on the Western Horizon/Session 51-18.png,,
51,move,assets/world-anvil/screenshots/Session 51/Session 51-23.png,assets/world-anvil/screenshots/Session 51 - Storms on the Western Horizon/Session 51-23.png,,
52,move,assets/world-anvil/screenshots/Session 52/Session 52-02.png,assets/world-anvil/screenshots/Session 52 - The Abbey of Broken Bells/Session 52-02.png,,
52,move,assets/world-anvil/screenshots/Session 52/Session 52-03.png,assets/world-anvil/screenshots/Session 52 - The Abbey of Broken Bells/Session 52-03.png,,
52,move,assets/world-anvil/screenshots/Session 52/Session 52-04.png,assets/world-anvil/screenshots/Session 52 - The Abbey of Broken Bells/Session 52-04.png,,
52,move,assets/world-anvil/screenshots/Session 52/Session 52-05.png,assets/world-anvil/screenshots/Session 52 - The Abbey of Broken Bells/Session 52-05.png,,
52,move,assets/world-anvil/screenshots/Session 52/Session 52-06.png,assets/world-anvil/screenshots/Session 52 - The Abbey of Broken Bells/Session 52-06.png,,
52,move,assets/world-anvil/screenshots/Session 52/Session 52-07.png,assets/world-anvil/screenshots/Session 52 - The Abbey of Broken Bells/Session 52-07.png,,
52,move,assets/world-anvil/screenshots/Session 52/Session 52-08.png,assets/world-anvil/screenshots/Session 52 - The Abbey of Broken Bells/Session 52-08.png,,
52,move,assets/world-anvil/screenshots/Session 52/Session 52-09.png,assets/world-anvil/screenshots/Session 52 - The Abbey of Broken Bells/Session 52-09.png,,
52,move,assets/world-anvil/screenshots/Session 52/Session 52-10.png,assets/world-anvil/screenshots/Session 52 - The Abbey of Broken Bells/Session 52-10.png,,
52,move,assets/world-anvil/screenshots/Session 52/Session 52-11.png,assets/world-anvil/screenshots/Session 52 - The Abbey of Broken Bells/Session 52-11.png,,
52,move,assets/world-anvil/screenshots/Session 52/Session 52-12.png,assets/world-anvil/screenshots/Session 52 - The Abbey of Broken Bells/Session 52-12.png,,
52,move,assets/world-anvil/screenshots/Session 52/Session 52-13.png,assets/world-anvil/screenshots/Session 52 - The Abbey of Broken Bells/Session 52-13.png,,
52,move,assets/world-anvil/screenshots/Session 52/Session 52-14.png,assets/world-anvil/screenshots/Session 52 - The Abbey of Broken Bells/Session 52-14.png,,
52,move,assets/world-anvil/screenshots/Session 52/Session 52-15.png,assets/world-anvil/screenshots/Session 52 - The Abbey of Broken Bells/Session 52-15.png,,
52,move,assets/world-anvil/screenshots/Session 52/Session 52-16.png,assets/world-anvil/screenshots/Session 52 - The Abbey of Broken Bells/Session 52-16.png,,
52,move,assets/world-anvil/screenshots/Session 52/Session 52-17.png,assets/world-anvil/screenshots/Session 52 - The Abbey of Broken Bells/Session 52-17.png,,
52,move,assets/world-anvil/screenshots/Session 52/Session 52-18.png,assets/world-anvil/screenshots/Session 52 - The Abbey of Broken Bells/Session 52-18.png,,
52,move,assets/world-anvil/screenshots/Session 52/Session 52-19.png,assets/world-anvil/screenshots/Session 52 - The Abbey of Broken Bells/Session 52-19.png,,
52,move,assets/world-anvil/screenshots/Session 52/Session 52-20.png,assets/world-anvil/screenshots/Session 52 - The Abbey of Broken Bells/Session 52-20.png,,
52,move,assets/world-anvil/screenshots/Session 52/Session 52-21.png,assets/world-anvil/screenshots/Session 52 - The Abbey of Broken Bells/Session 52-21.png,,
52,move,assets/world-anvil/screenshots/Session 52/Session 52-22.png,assets/world-anvil/screenshots/Session 52 - The Abbey of Broken Bells/Session 52-22.png,,
52,move,assets/world-anvil/screenshots/Session 52/Session 52-23.png,assets/world-anvil/screenshots/Session 52 - The Abbey of Broken Bells/Session 52-23.png,,
52,move,assets/world-anvil/screenshots/Session 52/Session 52-24.png,assets/world-anvil/screenshots/Session 52 - The Abbey of Broken Bells/Session 52-24.png,,
52,move,assets/world-anvil/screenshots/Session 52/Session 52-25.png,assets/world-anvil/screenshots/Session 52 - The Abbey of Broken Bells/Session 52-25.png,,
52,move,assets/world-anvil/screenshots/Session 52/Session 52-26.png,assets/world-anvil/screenshots/Session 52 - The Abbey of Broken Bells/Session 52-26.png,,
52,move,assets/world-anvil/screenshots/Session 52/Session 52-27.png,assets/world-anvil/screenshots/Session 52 - The Abbey of Broken Bells/Session 52-27.png,,
52,move,assets/world-anvil/screenshots/Session 52/Session 52-28.png,assets/world-anvil/screenshots/Session 52 - The Abbey of Broken Bells/Session 52-28.png,,
52,move,assets/world-anvil/screenshots/Session 52/Session 52-29.png,assets/world-anvil/screenshots/Session 52 - The Abbey of Broken Bells/Session 52-29.png,,
52,move,assets/world-anvil/screenshots/Session 52/Session 52-30.png,assets/world-anvil/screenshots/Session 52 - The Abbey of Broken Bells/Session 52-30.png,,
52,move,assets/world-anvil/screenshots/Session 52/Session 52-31.png,assets/world-anvil/screenshots/Session 52 - The Abbey of Broken Bells/Session 52-31.png,,
52,move,assets/world-anvil/screenshots/Session 52/Session 52-32.png,assets/world-anvil/screenshots/Session 52 - The Abbey of Broken Bells/Session 52-32.png,,
52,move,assets/world-anvil/screenshots/Session 52/Session 52-33.png,assets/world-anvil/screenshots/Session 52 - The Abbey of Broken Bells/Session 52-33.png,,
52,move,assets/world-anvil/screenshots/Session 52/Session 52-34.png,assets/world-anvil/screenshots/Session 52 - The Abbey of Broken Bells/Session 52-34.png,,
52,move,assets/world-anvil/screenshots/Session 52/Session 52-35.png,assets/world-anvil/screenshots/Session 52 - The Abbey of Broken Bells/Session 52-35.png,,
52,move,assets/world-anvil/screenshots/Session 52/Session 52-36.png,assets/world-anvil/screenshots/Session 52 - The Abbey of Broken Bells/Session 52-36.png,,
52,move,assets/world-anvil/screenshots/Session 52/Session 52-37.png,assets/world-anvil/screenshots/Session 52 - The Abbey of Broken Bells/Session 52-37.png,,
52,move,assets/world-anvil/screenshots/Session 52/Session 52-38.png,assets/world-anvil/screenshots/Session 52 - The Abbey of Broken Bells/Session 52-38.png,,
52,move,assets/world-anvil/screenshots/Session 52/Session 52-39.png,assets/world-anvil/screenshots/Session 52 - The Abbey of Broken Bells/Session 52-39.png,,
52,move,assets/world-anvil/screenshots/Session 52/Session 52-43.png,assets/world-anvil/screenshots/Session 52 - The Abbey of Broken Bells/Session 52-43.png,,
53,move,assets/world-anvil/screenshots/Session 53/Session 53-01.png,assets/world-anvil/screenshots/Session 53 - Of Blessed Waters and Buried Devils/Session 53-01.png,,
53,move,assets/world-anvil/screenshots/Session 53/Session 53-02.png,assets/world-anvil/screenshots/Session 53 - Of Blessed Waters and Buried Devils/Session 53-02.png,,
53,move,assets/world-anvil/screenshots/Session 53/Session 53-03.png,assets/world-anvil/screenshots/Session 53 - Of Blessed Waters and Buried Devils/Session 53-03.png,,
53,move,assets/world-anvil/screenshots/Session 53/Session 53-04.png,assets/world-anvil/screenshots/Session 53 - Of Blessed Waters and Buried Devils/Session 53-04.png,,
53,move,assets/world-anvil/screenshots/Session 53/Session 53-05.png,assets/world-anvil/screenshots/Session 53 - Of Blessed Waters and Buried Devils/Session 53-05.png,,
53,move,assets/world-anvil/screenshots/Session 53/Session 53-06.png,assets/world-anvil/screenshots/Session 53 - Of Blessed Waters and Buried Devils/Session 53-06.png,,
53,move,assets/world-anvil/screenshots/Session 53/Session 53-07.png,assets/world-anvil/screenshots/Session 53 - Of Blessed Waters and Buried Devils/Session 53-07.png,,
53,move,assets/world-anvil/screenshots/Session 53/Session 53-08.png,assets/world-anvil/screenshots/Session 53 - Of Blessed Waters and Buried Devils/Session 53-08.png,,
53,move,assets/world-anvil/screenshots/Session 53/Session 53-09.png,assets/world-anvil/screenshots/Session 53 - Of Blessed Waters and Buried Devils/Session 53-09.png,,
53,move,assets/world-anvil/screenshots/Session 53/Session 53-10.png,assets/world-anvil/screenshots/Session 53 - Of Blessed Waters and Buried Devils/Session 53-10.png,,
53,move,assets/world-anvil/screenshots/Session 53/Session 53-11.png,assets/world-anvil/screenshots/Session 53 - Of Blessed Waters and Buried Devils/Session 53-11.png,,
53,move,assets/world-anvil/screenshots/Session 53/Session 53-12.png,assets/world-anvil/screenshots/Session 53 - Of Blessed Waters and Buried Devils/Session 53-12.png,,
53,move,assets/world-anvil/screenshots/Session 53/Session 53-13.png,assets/world-anvil/screenshots/Session 53 - Of Blessed Waters and Buried Devils/Session 53-13.png,,
53,move,assets/world-anvil/screenshots/Session 53/Session 53-14.png,assets/world-anvil/screenshots/Session 53 - Of Blessed Waters and Buried Devils/Session 53-14.png,,
53,move,assets/world-anvil/screenshots/Session 53/Session 53-15.png,assets/world-anvil/screenshots/Session 53 - Of Blessed Waters and Buried Devils/Session 53-15.png,,
53,move,assets/world-anvil/screenshots/Session 53/Session 53-16.png,assets/world-anvil/screenshots/Session 53 - Of Blessed Waters and Buried Devils/Session 53-16.png,,
53,move,assets/world-anvil/screenshots/Session 53/Session 53-17.png,assets/world-anvil/screenshots/Session 53 - Of Blessed Waters and Buried Devils/Session 53-17.png,,
53,move,assets/world-anvil/screenshots/Session 53/Session 53-18.png,assets/world-anvil/screenshots/Session 53 - Of Blessed Waters and Buried Devils/Session 53-18.png,,
53,move,assets/world-anvil/screenshots/Session 53/Session 53-19.png,assets/world-anvil/screenshots/Session 53 - Of Blessed Waters and Buried Devils/Session 53-19.png,,
53,move,assets/world-anvil/screenshots/Session 53/Session 53-20.png,assets/world-anvil/screenshots/Session 53 - Of Blessed Waters and Buried Devils/Session 53-20.png,,
53,move,assets/world-anvil/screenshots/Session 53/Session 53-21.png,assets/world-anvil/screenshots/Session 53 - Of Blessed Waters and Buried Devils/Session 53-21.png,,
53,move,assets/world-anvil/screenshots/Session 53/Session 53-22.png,assets/world-anvil/screenshots/Session 53 - Of Blessed Waters and Buried Devils/Session 53-22.png,,
53,move,assets/world-anvil/screenshots/Session 53/Session 53-23.png,assets/world-anvil/screenshots/Session 53 - Of Blessed Waters and Buried Devils/Session 53-23.png,,
53,move,assets/world-anvil/screenshots/Session 53/Session 53-24.png,assets/world-anvil/screenshots/Session 53 - Of Blessed Waters and Buried Devils/Session 53-24.png,,
54,move,assets/world-anvil/screenshots/Session 54/Session 54-01.png,assets/world-anvil/screenshots/Session 54 - The War Heats up/Session 54-01.png,,
54,move,assets/world-anvil/screenshots/Session 54/Session 54-02.png,assets/world-anvil/screenshots/Session 54 - The War Heats up/Session 54-02.png,,
54,move,assets/world-anvil/screenshots/Session 54/Session 54-03.png,assets/world-anvil/screenshots/Session 54 - The War Heats up/Session 54-03.png,,
54,move,assets/world-anvil/screenshots/Session 54/Session 54-04.png,assets/world-anvil/screenshots/Session 54 - The War Heats up/Session 54-04.png,,
54,move,assets/world-anvil/screenshots/Session 54/Session 54-05.png,assets/world-anvil/screenshots/Session 54 - The War Heats up/Session 54-05.png,,
54,move,assets/world-anvil/screenshots/Session 54/Session 54-06.png,assets/world-anvil/screenshots/Session 54 - The War Heats up/Session 54-06.png,,
54,move,assets/world-anvil/screenshots/Session 54/Session 54-07.png,assets/world-anvil/screenshots/Session 54 - The War Heats up/Session 54-07.png,,
54,move,assets/world-anvil/screenshots/Session 54/Session 54-08.png,assets/world-anvil/screenshots/Session 54 - The War Heats up/Session 54-08.png,,
54,move,assets/world-anvil/screenshots/Session 54/Session 54-09.png,assets/world-anvil/screenshots/Session 54 - The War Heats up/Session 54-09.png,,
54,move,assets/world-anvil/screenshots/Session 54/Session 54-10.png,assets/world-anvil/screenshots/Session 54 - The War Heats up/Session 54-10.png,,
54,move,assets/world-anvil/screenshots/Session 54/Session 54-11.png,assets/world-anvil/screenshots/Session 54 - The War Heats up/Session 54-11.png,,
54,move,assets/world-anvil/screenshots/Session 54/Session 54-12.png,assets/world-anvil/screenshots/Session 54 - The War Heats up/Session 54-12.png,,
54,move,assets/world-anvil/screenshots/Session 54/Session 54-13.png,assets/world-anvil/screenshots/Session 54 - The War Heats up/Session 54-13.png,,
54,move,assets/world-anvil/screenshots/Session 54/Session 54-14.png,assets/world-anvil/screenshots/Session 54 - The War Heats up/Session 54-14.png,,
54,move,assets/world-anvil/screenshots/Session 54/Session 54-15.png,assets/world-anvil/screenshots/Session 54 - The War Heats up/Session 54-15.png,,
54,move,assets/world-anvil/screenshots/Session 54/Session 54-16.png,assets/world-anvil/screenshots/Session 54 - The War Heats up/Session 54-16.png,,
54,move,assets/world-anvil/screenshots/Session 54/Session 54-17.png,assets/world-anvil/screenshots/Session 54 - The War Heats up/Session 54-17.png,,
54,move,assets/world-anvil/screenshots/Session 54/Session 54-19.png,assets/world-anvil/screenshots/Session 54 - The War Heats up/Session 54-19.png,,
55,move,assets/world-anvil/screenshots/session 55/Session 55-02.png,assets/world-anvil/screenshots/Session 55 - Endeavor to Persevere/Session 55-02.png,,
55,move,assets/world-anvil/screenshots/session 55/Session 55-03.png,assets/world-anvil/screenshots/Session 55 - Endeavor to Persevere/Session 55-03.png,,
55,move,assets/world-anvil/screenshots/session 55/Session 55-04.png,assets/world-anvil/screenshots/Session 55 - Endeavor to Persevere/Session 55-04.png,,
55,move,assets/world-anvil/screenshots/session 55/Session 55-05.png,assets/world-anvil/screenshots/Session 55 - Endeavor to Persevere/Session 55-05.png,,
55,move,assets/world-anvil/screenshots/session 55/Session 55-06.png,assets/world-anvil/screenshots/Session 55 - Endeavor to Persevere/Session 55-06.png,,
55,move,assets/world-anvil/screenshots/session 55/Session 55-07.png,assets/world-anvil/screenshots/Session 55 - Endeavor to Persevere/Session 55-07.png,,
55,move,assets/world-anvil/screenshots/session 55/Session 55-08.png,assets/world-anvil/screenshots/Session 55 - Endeavor to Persevere/Session 55-08.png,,
55,move,assets/world-anvil/screenshots/session 55/Session 55-09.png,assets/world-anvil/screenshots/Session 55 - Endeavor to Persevere/Session 55-09.png,,
55,move,assets/world-anvil/screenshots/session 55/Session 55-10.png,assets/world-anvil/screenshots/Session 55 - Endeavor to Persevere/Session 55-10.png,,
55,move,assets/world-anvil/screenshots/session 55/Session 55-11.png,assets/world-anvil/screenshots/Session 55 - Endeavor to Persevere/Session 55-11.png,,
55,move,assets/world-anvil/screenshots/session 55/Session 55-12.png,assets/world-anvil/screenshots/Session 55 - Endeavor to Persevere/Session 55-12.png,,
55,move,assets/world-anvil/screenshots/session 55/Session 55-13.png,assets/world-anvil/screenshots/Session 55 - Endeavor to Persevere/Session 55-13.png,,
55,move,assets/world-anvil/screenshots/session 55/Session 55-14.png,assets/world-anvil/screenshots/Session 55 - Endeavor to Persevere/Session 55-14.png,,
55,move,assets/world-anvil/screenshots/session 55/Session 55-15.png,assets/world-anvil/screenshots/Session 55 - Endeavor to Persevere/Session 55-15.png,,
55,move,assets/world-anvil/screenshots/session 55/Session 55-16.png,assets/world-anvil/screenshots/Session 55 - Endeavor to Persevere/Session 55-16.png,,
55,move,assets/world-anvil/screenshots/session 55/Session 55-17.png,assets/world-anvil/screenshots/Session 55 - Endeavor to Persevere/Session 55-17.png,,
55,move,assets/world-anvil/screenshots/session 55/Session 55-18.png,assets/world-anvil/screenshots/Session 55 - Endeavor to Persevere/Session 55-18.png,,
55,move,assets/world-anvil/screenshots/session 55/Session 55-19.png,assets/world-anvil/screenshots/Session 55 - Endeavor to Persevere/Session 55-19.png,,
55,move,assets/world-anvil/screenshots/session 55/Session 55-20.png,assets/world-anvil/screenshots/Session 55 - Endeavor to Persevere/Session 55-20.png,,
55,move,assets/world-anvil/screenshots/session 55/Session 55-21.png,assets/world-anvil/screenshots/Session 55 - Endeavor to Persevere/Session 55-21.png,,
55,move,assets/world-anvil/screenshots/session 55/Session 55-22.png,assets/world-anvil/screenshots/Session 55 - Endeavor to Persevere/Session 55-22.png,,
55,move,assets/world-anvil/screenshots/session 55/Session 55-23.png,assets/world-anvil/screenshots/Session 55 - Endeavor to Persevere/Session 55-23.png,,
55,move,assets/world-anvil/screenshots/session 55/Session 55-24.png,assets/world-anvil/screenshots/Session 55 - Endeavor to Persevere/Session 55-24.png,,
55,move,assets/world-anvil/screenshots/session 55/Session 55-25.png,assets/world-anvil/screenshots/Session 55 - Endeavor to Persevere/Session 55-25.png,,
56,move,assets/world-anvil/screenshots/Session 56/Session 56-01.png,assets/world-anvil/screenshots/Session 56 - Pitax Awakens/Session 56-01.png,,
56,move,assets/world-anvil/screenshots/Session 56/Session 56-02.png,assets/world-anvil/screenshots/Session 56 - Pitax Awakens/Session 56-02.png,,
56,move,assets/world-anvil/screenshots/Session 56/Session 56-03.png,assets/world-anvil/screenshots/Session 56 - Pitax Awakens/Session 56-03.png,,
56,move,assets/world-anvil/screenshots/Session 56/Session 56-04.png,assets/world-anvil/screenshots/Session 56 - Pitax Awakens/Session 56-04.png,,
56,move,assets/world-anvil/screenshots/Session 56/Session 56-05.png,assets/world-anvil/screenshots/Session 56 - Pitax Awakens/Session 56-05.png,,
56,move,assets/world-anvil/screenshots/Session 56/Session 56-06.png,assets/world-anvil/screenshots/Session 56 - Pitax Awakens/Session 56-06.png,,
56,move,assets/world-anvil/screenshots/Session 56/Session 56-07.png,assets/world-anvil/screenshots/Session 56 - Pitax Awakens/Session 56-07.png,,
56,move,assets/world-anvil/screenshots/Session 56/Session 56-08.png,assets/world-anvil/screenshots/Session 56 - Pitax Awakens/Session 56-08.png,,
57,move,assets/world-anvil/screenshots/Session 57/Session 57-01.png,assets/world-anvil/screenshots/Session 57 - Every Door Leads to the King/Session 57-01.png,,
57,move,assets/world-anvil/screenshots/Session 57/Session 57-02.png,assets/world-anvil/screenshots/Session 57 - Every Door Leads to the King/Session 57-02.png,,
57,move,assets/world-anvil/screenshots/Session 57/Session 57-03.png,assets/world-anvil/screenshots/Session 57 - Every Door Leads to the King/Session 57-03.png,,
57,move,assets/world-anvil/screenshots/Session 57/Session 57-04.png,assets/world-anvil/screenshots/Session 57 - Every Door Leads to the King/Session 57-04.png,,
57,move,assets/world-anvil/screenshots/Session 57/Session 57-05.png,assets/world-anvil/screenshots/Session 57 - Every Door Leads to the King/Session 57-05.png,,
57,move,assets/world-anvil/screenshots/Session 57/Session 57-06.png,assets/world-anvil/screenshots/Session 57 - Every Door Leads to the King/Session 57-06.png,,
57,move,assets/world-anvil/screenshots/Session 57/Session 57-07.png,assets/world-anvil/screenshots/Session 57 - Every Door Leads to the King/Session 57-07.png,,
57,move,assets/world-anvil/screenshots/Session 57/Session 57-08.png,assets/world-anvil/screenshots/Session 57 - Every Door Leads to the King/Session 57-08.png,,
57,move,assets/world-anvil/screenshots/Session 57/Session 57-09.png,assets/world-anvil/screenshots/Session 57 - Every Door Leads to the King/Session 57-09.png,,
57,move,assets/world-anvil/screenshots/Session 57/Session 57-10.png,assets/world-anvil/screenshots/Session 57 - Every Door Leads to the King/Session 57-10.png,,
57,move,assets/world-anvil/screenshots/Session 57/Session 57-11.png,assets/world-anvil/screenshots/Session 57 - Every Door Leads to the King/Session 57-11.png,,
57,move,assets/world-anvil/screenshots/Session 57/Session 57-12.png,assets/world-anvil/screenshots/Session 57 - Every Door Leads to the King/Session 57-12.png,,
57,move,assets/world-anvil/screenshots/Session 57/Session 57-13.png,assets/world-anvil/screenshots/Session 57 - Every Door Leads to the King/Session 57-13.png,,
57,move,assets/world-anvil/screenshots/Session 57/Session 57-14.png,assets/world-anvil/screenshots/Session 57 - Every Door Leads to the King/Session 57-14.png,,
57,move,assets/world-anvil/screenshots/Session 57/Session 57-15.png,assets/world-anvil/screenshots/Session 57 - Every Door Leads to the King/Session 57-15.png,,
57,move,assets/world-anvil/screenshots/Session 57/Session 57-16.png,assets/world-anvil/screenshots/Session 57 - Every Door Leads to the King/Session 57-16.png,,
57,move,assets/world-anvil/screenshots/Session 57/Session 57-17.png,assets/world-anvil/screenshots/Session 57 - Every Door Leads to the King/Session 57-17.png,,
57,move,assets/world-anvil/screenshots/Session 57/Session 57-18.png,assets/world-anvil/screenshots/Session 57 - Every Door Leads to the King/Session 57-18.png,,
57,move,assets/world-anvil/screenshots/Session 57/Session 57-19.png,assets/world-anvil/screenshots/Session 57 - Every Door Leads to the King/Session 57-19.png,,
57,move,assets/world-anvil/screenshots/Session 57/Session 57-20.png,assets/world-anvil/screenshots/Session 57 - Every Door Leads to the King/Session 57-20.png,,
57,move,assets/world-anvil/screenshots/Session 57/Session 57-21.png,assets/world-anvil/screenshots/Session 57 - Every Door Leads to the King/Session 57-21.png,,
57,move,assets/world-anvil/screenshots/Session 57/Session 57-22.png,assets/world-anvil/screenshots/Session 57 - Every Door Leads to the King/Session 57-22.png,,
57,move,assets/world-anvil/screenshots/Session 57/Session 57-23.png,assets/world-anvil/screenshots/Session 57 - Every Door Leads to the King/Session 57-23.png,,
57,move,assets/world-anvil/screenshots/Session 57/Session 57-24.png,assets/world-anvil/screenshots/Session 57 - Every Door Leads to the King/Session 57-24.png,,
57,move,assets/world-anvil/screenshots/Session 57/Session 57-25.png,assets/world-anvil/screenshots/Session 57 - Every Door Leads to the King/Session 57-25.png,,
57,move,assets/world-anvil/screenshots/Session 57/Session 57-26.png,assets/world-anvil/screenshots/Session 57 - Every Door Leads to the King/Session 57-26.png,,
57,move,assets/world-anvil/screenshots/Session 57/Session 57-27.png,assets/world-anvil/screenshots/Session 57 - Every Door Leads to the King/Session 57-27.png,,
57,move,assets/world-anvil/screenshots/Session 57/Session 57-28.png,assets/world-anvil/screenshots/Session 57 - Every Door Leads to the King/Session 57-28.png,,
57,move,assets/world-anvil/screenshots/Session 57/Session 57-29.png,assets/world-anvil/screenshots/Session 57 - Every Door Leads to the King/Session 57-29.png,,
57,move,assets/world-anvil/screenshots/Session 57/Session 57-30.png,assets/world-anvil/screenshots/Session 57 - Every Door Leads to the King/Session 57-30.png,,
57,move,assets/world-anvil/screenshots/Session 57/Session 57-31.png,assets/world-anvil/screenshots/Session 57 - Every Door Leads to the King/Session 57-31.png,,
57,move,assets/world-anvil/screenshots/Session 57/Session 57-32.png,assets/world-anvil/screenshots/Session 57 - Every Door Leads to the King/Session 57-32.png,,
58,move,assets/world-anvil/screenshots/Session 58/Session 58-01.png,assets/world-anvil/screenshots/Session 58 - Tyrant S Last Refuge/Session 58-01.png,,
58,move,assets/world-anvil/screenshots/Session 58/Session 58-02.png,assets/world-anvil/screenshots/Session 58 - Tyrant S Last Refuge/Session 58-02.png,,
58,move,assets/world-anvil/screenshots/Session 58/Session 58-03.png,assets/world-anvil/screenshots/Session 58 - Tyrant S Last Refuge/Session 58-03.png,,
58,move,assets/world-anvil/screenshots/Session 58/Session 58-04.png,assets/world-anvil/screenshots/Session 58 - Tyrant S Last Refuge/Session 58-04.png,,
58,move,assets/world-anvil/screenshots/Session 58/Session 58-05.png,assets/world-anvil/screenshots/Session 58 - Tyrant S Last Refuge/Session 58-05.png,,
58,move,assets/world-anvil/screenshots/Session 58/Session 58-06.png,assets/world-anvil/screenshots/Session 58 - Tyrant S Last Refuge/Session 58-06.png,,
58,move,assets/world-anvil/screenshots/Session 58/Session 58-07.png,assets/world-anvil/screenshots/Session 58 - Tyrant S Last Refuge/Session 58-07.png,,
58,move,assets/world-anvil/screenshots/Session 58/Session 58-08.png,assets/world-anvil/screenshots/Session 58 - Tyrant S Last Refuge/Session 58-08.png,,
58,move,assets/world-anvil/screenshots/Session 58/Session 58-09.png,assets/world-anvil/screenshots/Session 58 - Tyrant S Last Refuge/Session 58-09.png,,
58,move,assets/world-anvil/screenshots/Session 58/Session 58-10.png,assets/world-anvil/screenshots/Session 58 - Tyrant S Last Refuge/Session 58-10.png,,
58,move,assets/world-anvil/screenshots/Session 58/Session 58-11.png,assets/world-anvil/screenshots/Session 58 - Tyrant S Last Refuge/Session 58-11.png,,
58,move,assets/world-anvil/screenshots/Session 58/Session 58-12.png,assets/world-anvil/screenshots/Session 58 - Tyrant S Last Refuge/Session 58-12.png,,
58,move,assets/world-anvil/screenshots/Session 58/Session 58-13.png,assets/world-anvil/screenshots/Session 58 - Tyrant S Last Refuge/Session 58-13.png,,
58,move,assets/world-anvil/screenshots/Session 58/Session 58-14.png,assets/world-anvil/screenshots/Session 58 - Tyrant S Last Refuge/Session 58-14.png,,
59,move,assets/world-anvil/screenshots/Session 59/Session 59-01.png,assets/world-anvil/screenshots/Session 59 - There Is No Reyoknar/Session 59-01.png,,
59,move,assets/world-anvil/screenshots/Session 59/Session 59-02.png,assets/world-anvil/screenshots/Session 59 - There Is No Reyoknar/Session 59-02.png,,
59,move,assets/world-anvil/screenshots/Session 59/Session 59-03.png,assets/world-anvil/screenshots/Session 59 - There Is No Reyoknar/Session 59-03.png,,
59,move,assets/world-anvil/screenshots/Session 59/Session 59-04.png,assets/world-anvil/screenshots/Session 59 - There Is No Reyoknar/Session 59-04.png,,
59,move,assets/world-anvil/screenshots/Session 59/Session 59-05.png,assets/world-anvil/screenshots/Session 59 - There Is No Reyoknar/Session 59-05.png,,
59,move,assets/world-anvil/screenshots/Session 59/Session 59-06.png,assets/world-anvil/screenshots/Session 59 - There Is No Reyoknar/Session 59-06.png,,
59,move,assets/world-anvil/screenshots/Session 59/Session 59-07.png,assets/world-anvil/screenshots/Session 59 - There Is No Reyoknar/Session 59-07.png,,
59,move,assets/world-anvil/screenshots/Session 59/Session 59-08.png,assets/world-anvil/screenshots/Session 59 - There Is No Reyoknar/Session 59-08.png,,
59,move,assets/world-anvil/screenshots/Session 59/Session 59-09.png,assets/world-anvil/screenshots/Session 59 - There Is No Reyoknar/Session 59-09.png,,
59,move,assets/world-anvil/screenshots/Session 59/Session 59-10.png,assets/world-anvil/screenshots/Session 59 - There Is No Reyoknar/Session 59-10.png,,
59,move,assets/world-anvil/screenshots/Session 59/Session 59-11.png,assets/world-anvil/screenshots/Session 59 - There Is No Reyoknar/Session 59-11.png,,
59,move,assets/world-anvil/screenshots/Session 59/Session 59-12.png,assets/world-anvil/screenshots/Session 59 - There Is No Reyoknar/Session 59-12.png,,
59,move,assets/world-anvil/screenshots/Session 59/Session 59-13.png,assets/world-anvil/screenshots/Session 59 - There Is No Reyoknar/Session 59-13.png,,
59,move,assets/world-anvil/screenshots/Session 59/Session 59-14.png,assets/world-anvil/screenshots/Session 59 - There Is No Reyoknar/Session 59-14.png,,
59,move,assets/world-anvil/screenshots/Session 59/Session 59-15.png,assets/world-anvil/screenshots/Session 59 - There Is No Reyoknar/Session 59-15.png,,
59,move,assets/world-anvil/screenshots/Session 59/Session 59-16.png,assets/world-anvil/screenshots/Session 59 - There Is No Reyoknar/Session 59-16.png,,
59,move,assets/world-anvil/screenshots/Session 59/Session 59-17.png,assets/world-anvil/screenshots/Session 59 - There Is No Reyoknar/Session 59-17.png,,
59,move,assets/world-anvil/screenshots/Session 59/Session 59-18.png,assets/world-anvil/screenshots/Session 59 - There Is No Reyoknar/Session 59-18.png,,
59,move,assets/world-anvil/screenshots/Session 59/Session 59-19.png,assets/world-anvil/screenshots/Session 59 - There Is No Reyoknar/Session 59-19.png,,
59,move,assets/world-anvil/screenshots/Session 59/Session 59-20.png,assets/world-anvil/screenshots/Session 59 - There Is No Reyoknar/Session 59-20.png,,
59,move,assets/world-anvil/screenshots/Session 59/Session 59-21.png,assets/world-anvil/screenshots/Session 59 - There Is No Reyoknar/Session 59-21.png,,
59,move,assets/world-anvil/screenshots/Session 59/Session 59-22.png,assets/world-anvil/screenshots/Session 59 - There Is No Reyoknar/Session 59-22.png,,
59,move,assets/world-anvil/screenshots/Session 59/Session 59-23.png,assets/world-anvil/screenshots/Session 59 - There Is No Reyoknar/Session 59-23.png,,
59,move,assets/world-anvil/screenshots/Session 59/Session 59-24.png,assets/world-anvil/screenshots/Session 59 - There Is No Reyoknar/Session 59-24.png,,
59,move,assets/world-anvil/screenshots/Session 59/Session 59-25.png,assets/world-anvil/screenshots/Session 59 - There Is No Reyoknar/Session 59-25.png,,
59,move,assets/world-anvil/screenshots/Session 59/Session 59-26.png,assets/world-anvil/screenshots/Session 59 - There Is No Reyoknar/Session 59-26.png,,
59,move,assets/world-anvil/screenshots/Session 59/Session 59-27.png,assets/world-anvil/screenshots/Session 59 - There Is No Reyoknar/Session 59-27.png,,
59,move,assets/world-anvil/screenshots/Session 59/Session 59-28.png,assets/world-anvil/screenshots/Session 59 - There Is No Reyoknar/Session 59-28.png,,
59,move,assets/world-anvil/screenshots/Session 59/Session 59-29.png,assets/world-anvil/screenshots/Session 59 - There Is No Reyoknar/Session 59-29.png,,
59,move,assets/world-anvil/screenshots/Session 59/Session 59-30.png,assets/world-anvil/screenshots/Session 59 - There Is No Reyoknar/Session 59-30.png,,
59,move,assets/world-anvil/screenshots/Session 59/Session 59-31.png,assets/world-anvil/screenshots/Session 59 - There Is No Reyoknar/Session 59-31.png,,
59,move,assets/world-anvil/screenshots/Session 59/Session 59-32.png,assets/world-anvil/screenshots/Session 59 - There Is No Reyoknar/Session 59-32.png,,
59,move,assets/world-anvil/screenshots/Session 59/Session 59-33.png,assets/world-anvil/screenshots/Session 59 - There Is No Reyoknar/Session 59-33.png,,
59,move,assets/world-anvil/screenshots/Session 59/Session 59-34.png,assets/world-anvil/screenshots/Session 59 - There Is No Reyoknar/Session 59-34.png,,
60,move,assets/world-anvil/screenshots/Session 60/3712c670-e581-44b8-9531-3f8f58a52f9d.png,assets/world-anvil/screenshots/Session 60 - The Years Between/3712c670-e581-44b8-9531-3f8f58a52f9d.png,,
60,move,assets/world-anvil/screenshots/Session 60/8d342ff5-a743-4a11-9c8a-62c19bdb37f0.png,assets/world-anvil/screenshots/Session 60 - The Years Between/8d342ff5-a743-4a11-9c8a-62c19bdb37f0.png,,
60,move,assets/world-anvil/screenshots/Session 60/Ally.png,assets/world-anvil/screenshots/Session 60 - The Years Between/Ally.png,,
60,move,assets/world-anvil/screenshots/Session 60/Ant.png,assets/world-anvil/screenshots/Session 60 - The Years Between/Ant.png,,
60,move,assets/world-anvil/screenshots/Session 60/Elowyn - original blue vestments.png,assets/world-anvil/screenshots/Session 60 - The Years Between/Elowyn - original blue vestments.png,,
60,move,assets/world-anvil/screenshots/Session 60/Elowyn.png,assets/world-anvil/screenshots/Session 60 - The Years Between/Elowyn.png,,
60,move,assets/world-anvil/screenshots/Session 60/Fitz.png,assets/world-anvil/screenshots/Session 60 - The Years Between/Fitz.png,,
60,move,assets/world-anvil/screenshots/Session 60/Matteo.png,assets/world-anvil/screenshots/Session 60 - The Years Between/Matteo.png,,
60,move,assets/world-anvil/screenshots/Session 60/Seamus.png,assets/world-anvil/screenshots/Session 60 - The Years Between/Seamus.png,,
60,move,assets/world-anvil/screenshots/Session 60/Session 60-01.png,assets/world-anvil/screenshots/Session 60 - The Years Between/Session 60-01.png,,
60,move,assets/world-anvil/screenshots/Session 60/Session 60-02.png,assets/world-anvil/screenshots/Session 60 - The Years Between/Session 60-02.png,,
60,move,assets/world-anvil/screenshots/Session 60/Session 60-03.png,assets/world-anvil/screenshots/Session 60 - The Years Between/Session 60-03.png,,
60,move,assets/world-anvil/screenshots/Session 60/Session 60-04.png,assets/world-anvil/screenshots/Session 60 - The Years Between/Session 60-04.png,,
60,move,assets/world-anvil/screenshots/Session 60/Session 60-05.png,assets/world-anvil/screenshots/Session 60 - The Years Between/Session 60-05.png,,
60,move,assets/world-anvil/screenshots/Session 60/Session 60-06.png,assets/world-anvil/screenshots/Session 60 - The Years Between/Session 60-06.png,,
60,move,assets/world-anvil/screenshots/Session 60/Session 60-07.png,assets/world-anvil/screenshots/Session 60 - The Years Between/Session 60-07.png,,
60,move,assets/world-anvil/screenshots/Session 60/Session 60-08.png,assets/world-anvil/screenshots/Session 60 - The Years Between/Session 60-08.png,,
60,move,assets/world-anvil/screenshots/Session 60/Session 60-09.png,assets/world-anvil/screenshots/Session 60 - The Years Between/Session 60-09.png,,
60,move,assets/world-anvil/screenshots/Session 60/Session 60-10.png,assets/world-anvil/screenshots/Session 60 - The Years Between/Session 60-10.png,,
60,move,assets/world-anvil/screenshots/Session 60/Session 60-11.png,assets/world-anvil/screenshots/Session 60 - The Years Between/Session 60-11.png,,
60,move,assets/world-anvil/screenshots/Session 60/Session 60-12.png,assets/world-anvil/screenshots/Session 60 - The Years Between/Session 60-12.png,,
60,move,assets/world-anvil/screenshots/Session 60/Session 60-13.png,assets/world-anvil/screenshots/Session 60 - The Years Between/Session 60-13.png,,
60,move,assets/world-anvil/screenshots/Session 60/Session 60-14.png,assets/world-anvil/screenshots/Session 60 - The Years Between/Session 60-14.png,,
60,move,assets/world-anvil/screenshots/Session 60/Session 60-15.png,assets/world-anvil/screenshots/Session 60 - The Years Between/Session 60-15.png,,
60,move,assets/world-anvil/screenshots/Session 60/Session 60-17.png,assets/world-anvil/screenshots/Session 60 - The Years Between/Session 60-17.png,,
61,move,assets/world-anvil/screenshots/Session 61/Ally.png,assets/world-anvil/screenshots/Session 61 - Breaking the Seal/Ally.png,,
61,move,assets/world-anvil/screenshots/Session 61/Ant.png,assets/world-anvil/screenshots/Session 61 - Breaking the Seal/Ant.png,,
61,move,assets/world-anvil/screenshots/Session 61/Elowyn.png,assets/world-anvil/screenshots/Session 61 - Breaking the Seal/Elowyn.png,,
61,move,assets/world-anvil/screenshots/Session 61/Lurk.png,assets/world-anvil/screenshots/Session 61 - Breaking the Seal/Lurk.png,,
61,move,assets/world-anvil/screenshots/Session 61/Party Portrait.png,assets/world-anvil/screenshots/Session 61 - Breaking the Seal/Party Portrait.png,,
61,move,assets/world-anvil/screenshots/Session 61/Seamus.png,assets/world-anvil/screenshots/Session 61 - Breaking the Seal/Seamus.png,,
61,move,assets/world-anvil/screenshots/Session 61/Session 61-01.png,assets/world-anvil/screenshots/Session 61 - Breaking the Seal/Session 61-01.png,,
61,move,assets/world-anvil/screenshots/Session 61/Session 61-02.png,assets/world-anvil/screenshots/Session 61 - Breaking the Seal/Session 61-02.png,,
61,move,assets/world-anvil/screenshots/Session 61/Session 61-03.png,assets/world-anvil/screenshots/Session 61 - Breaking the Seal/Session 61-03.png,,
61,move,assets/world-anvil/screenshots/Session 61/Session 61-04.png,assets/world-anvil/screenshots/Session 61 - Breaking the Seal/Session 61-04.png,,
61,move,assets/world-anvil/screenshots/Session 61/Session 61-05.png,assets/world-anvil/screenshots/Session 61 - Breaking the Seal/Session 61-05.png,,
61,move,assets/world-anvil/screenshots/Session 61/Session 61-06.png,assets/world-anvil/screenshots/Session 61 - Breaking the Seal/Session 61-06.png,,
61,move,assets/world-anvil/screenshots/Session 61/Session 61-07.png,assets/world-anvil/screenshots/Session 61 - Breaking the Seal/Session 61-07.png,,
61,move,assets/world-anvil/screenshots/Session 61/Session 61-08.png,assets/world-anvil/screenshots/Session 61 - Breaking the Seal/Session 61-08.png,,
61,move,assets/world-anvil/screenshots/Session 61/Session 61-09.png,assets/world-anvil/screenshots/Session 61 - Breaking the Seal/Session 61-09.png,,
61,move,assets/world-anvil/screenshots/Session 61/Session 61-10.png,assets/world-anvil/screenshots/Session 61 - Breaking the Seal/Session 61-10.png,,
61,move,assets/world-anvil/screenshots/Session 61/Session 61-11.png,assets/world-anvil/screenshots/Session 61 - Breaking the Seal/Session 61-11.png,,
61,move,assets/world-anvil/screenshots/Session 61/Session 61-12.png,assets/world-anvil/screenshots/Session 61 - Breaking the Seal/Session 61-12.png,,
